order_id,order_date,product_name,category,channel,region,quantity,unit_price,discount_pct,total_revenue,shipping_cost,promotion,returned,customer_rating
ORD-10001,2024-11-23,Code Breakers,Strategy,Amazon,Northeast,1,27.99,0,27.99,0.0,,False,3
ORD-10002,2024-01-14,Kiddo Kingdom,Children,Walmart,West,1,17.99,0,17.99,0.0,New Release,False,
ORD-10003,2024-03-22,Code Breakers,Strategy,Amazon,Northeast,3,22.39,20,67.17,0.0,Flash Sale,False,5
ORD-10004,2024-11-05,Dungeon Dash,Strategy,Shopify Direct,Northeast,3,34.99,0,104.97,0,,False,
ORD-10005,2024-12-26,Pixel Quest,Family,Walmart,West,4,21.24,15,84.96,0.0,Holiday Sale,False,5
ORD-10006,2024-03-24,Cosmic Blitz,Party,Amazon,Southwest,1,19.99,0,19.99,0.0,,False,4
ORD-10007,2024-11-23,Monster Madness,Family,Amazon,Southeast,2,22.99,0,45.98,0.0,,False,4
ORD-10008,2024-05-17,Ocean Explorer,Children,Shopify Direct,West,1,19.99,0,19.99,0,New Release,False,
ORD-10009,2024-03-14,Cosmic Blitz,Party,Shopify Direct,Southeast,1,11.99,40,11.99,4.99,Clearance,False,4
ORD-10010,2024-03-19,Monster Madness,Family,Target,Southeast,1,11.49,50,11.49,0.0,Clearance,False,5
ORD-10011,2024-02-28,Monster Madness,Family,Shopify Direct,Southeast,1,22.99,0,22.99,6.99,,False,5
ORD-10012,2024-04-01,Chess Evolved,Strategy,Amazon,Midwest,2,25.49,15,50.98,0.0,Holiday Sale,False,5
ORD-10013,2024-11-02,Realm Builders,Strategy,Amazon,Southwest,2,40.49,10,80.98,0.0,Bundle Deal,False,
ORD-10014,2024-02-10,Chess Evolved,Strategy,Amazon,West,2,29.99,0,59.98,0.0,,False,
ORD-10015,2024-03-25,Speed Stacks,Party,Shopify Direct,Northeast,1,9.74,25,9.74,6.99,Holiday Sale,False,
ORD-10016,2024-09-21,Trivia Tornado,Party,Amazon,Northeast,1,11.24,25,11.24,0.0,Holiday Sale,False,5
ORD-10017,2024-04-27,Dungeon Dash,Strategy,Amazon,Midwest,1,34.99,0,34.99,0.0,New Release,False,5
ORD-10018,2024-05-04,Speed Stacks,Party,Target,Northeast,1,7.79,40,7.79,0.0,Clearance,False,5
ORD-10019,2024-12-10,Monster Madness,Family,Amazon,West,2,22.99,0,45.98,0.0,,False,4
ORD-10020,2024-08-04,Chess Evolved,Strategy,Target,Northeast,2,29.99,0,59.98,0.0,,False,
ORD-10021,2024-05-01,Pixel Quest,Family,Shopify Direct,Northeast,1,24.99,0,24.99,4.99,,False,
ORD-10022,2024-08-20,Cosmic Blitz,Party,Walmart,West,2,19.99,0,39.98,0.0,New Release,False,5
ORD-10023,2024-02-01,Speed Stacks,Party,Amazon,Midwest,1,12.99,0,12.99,0.0,,False,5
ORD-10024,2024-12-11,Speed Stacks,Party,Shopify Direct,Southwest,1,12.99,0,12.99,0,,False,
ORD-10025,2024-10-16,Ocean Explorer,Children,Amazon,West,1,13.99,30,13.99,0.0,Clearance,False,4
ORD-10026,2024-02-07,Monster Madness,Family,Shopify Direct,Northeast,2,20.69,10,41.38,6.99,Bundle Deal,False,
ORD-10027,2024-07-08,Trivia Tornado,Party,Shopify Direct,Southeast,4,14.99,0,59.96,0,,False,
ORD-10028,2024-03-09,Ocean Explorer,Children,Walmart,Northeast,1,14.99,25,14.99,0.0,Holiday Sale,False,
ORD-10029,2024-05-08,Ocean Explorer,Children,Target,Northeast,2,17.99,10,35.98,0.0,Bundle Deal,True,
ORD-10030,2024-03-23,Code Breakers,Strategy,Shopify Direct,Southeast,1,27.99,0,27.99,4.99,,False,
ORD-10031,2024-08-08,Pixel Quest,Family,Amazon,Southwest,2,24.99,0,49.98,0.0,,False,4
ORD-10032,2024-10-13,Speed Stacks,Party,Shopify Direct,Midwest,1,11.04,15,11.04,4.99,Holiday Sale,False,5
ORD-10033,2024-07-29,Speed Stacks,Party,Target,West,1,12.99,0,12.99,0.0,,False,4
ORD-10034,2024-08-23,Trivia Tornado,Party,Target,Southwest,1,11.99,20,11.99,0.0,Holiday Sale,False,
ORD-10035,2024-05-22,Chess Evolved,Strategy,Walmart,West,1,29.99,0,29.99,0.0,,False,
ORD-10036,2024-05-15,Dungeon Dash,Strategy,Shopify Direct,Southeast,2,17.5,50,35.0,0,Clearance,False,
ORD-10037,2024-04-07,Code Breakers,Strategy,Amazon,Southwest,1,22.39,20,22.39,0.0,Holiday Sale,False,
ORD-10038,2024-12-05,Speed Stacks,Party,Walmart,Southeast,1,7.79,40,7.79,0.0,Clearance,False,3
ORD-10039,2024-07-13,Monster Madness,Family,Target,Midwest,1,22.99,0,22.99,0.0,,False,5
ORD-10040,2024-11-06,Chess Evolved,Strategy,Shopify Direct,Northeast,1,29.99,0,29.99,0,,False,
ORD-10041,2024-11-13,Speed Stacks,Party,Walmart,West,1,11.04,15,11.04,0.0,Holiday Sale,True,
ORD-10042,2024-02-07,Trivia Tornado,Party,Target,Midwest,2,8.99,40,17.98,0.0,Clearance,False,5
ORD-10043,2024-04-22,Cosmic Blitz,Party,Board Game Geek Store,Midwest,1,16.99,15,16.99,0.0,Holiday Sale,False,
ORD-10044,2024-12-07,Kiddo Kingdom,Children,Amazon,West,1,8.99,50,8.99,0.0,Clearance,False,5
ORD-10045,2024-08-18,Cosmic Blitz,Party,Walmart,West,1,15.99,20,15.99,0.0,Holiday Sale,False,
ORD-10046,2024-04-30,Realm Builders,Strategy,Shopify Direct,Northeast,1,44.99,0,44.99,4.99,,False,4
ORD-10047,2024-07-31,Speed Stacks,Party,Shopify Direct,West,3,12.99,0,38.97,0,,False,4
ORD-10048,2024-08-02,Kiddo Kingdom,Children,Walmart,West,2,17.99,0,35.98,0.0,New Release,False,1
ORD-10049,2024-07-26,Code Breakers,Strategy,Target,Southwest,4,27.99,0,111.96,0.0,,False,5
ORD-10050,2024-03-10,Speed Stacks,Party,Amazon,Southeast,1,12.99,0,12.99,0.0,New Release,False,
ORD-10051,2024-07-13,Ocean Explorer,Children,Shopify Direct,West,1,19.99,0,19.99,6.99,,False,5
ORD-10052,2024-05-06,Cosmic Blitz,Party,Amazon,Northeast,1,19.99,0,19.99,0.0,,False,5
ORD-10053,2024-07-07,Kiddo Kingdom,Children,Walmart,Northeast,2,16.19,10,32.38,0.0,Bundle Deal,False,
ORD-10054,2024-07-11,Trivia Tornado,Party,Walmart,Northeast,1,12.74,15,12.74,0.0,Holiday Sale,False,5
ORD-10055,2024-10-16,Speed Stacks,Party,Amazon,Southeast,1,10.39,20,10.39,0.0,Flash Sale,False,
ORD-10056,2024-07-04,Monster Madness,Family,Target,West,2,19.54,15,39.08,0.0,Bundle Deal,False,
ORD-10057,2024-10-30,Speed Stacks,Party,Target,Northeast,2,10.39,20,20.78,0.0,Holiday Sale,False,
ORD-10058,2024-06-21,Speed Stacks,Party,Amazon,Northeast,2,9.09,30,18.18,0.0,Flash Sale,False,
ORD-10059,2024-09-21,Ocean Explorer,Children,Amazon,West,1,14.99,25,14.99,0.0,Holiday Sale,False,
ORD-10060,2024-02-17,Realm Builders,Strategy,Shopify Direct,Northeast,1,31.49,30,31.49,0,Flash Sale,False,5
ORD-10061,2024-06-18,Trivia Tornado,Party,Amazon,Northeast,2,11.99,20,23.98,0.0,Flash Sale,False,
ORD-10062,2024-12-19,Cosmic Blitz,Party,Shopify Direct,West,3,17.99,10,53.97,4.99,Bundle Deal,False,4
ORD-10063,2024-12-28,Cosmic Blitz,Party,Board Game Geek Store,Midwest,1,19.99,0,19.99,0.0,,False,
ORD-10064,2024-10-20,Cosmic Blitz,Party,Shopify Direct,Southeast,3,16.99,15,50.97,0,Bundle Deal,False,2
ORD-10065,2024-11-18,Pixel Quest,Family,Target,Southwest,1,21.24,15,21.24,0.0,Holiday Sale,False,5
ORD-10066,2024-11-12,Chess Evolved,Strategy,Shopify Direct,Southeast,2,17.99,40,35.98,0,Clearance,False,
ORD-10067,2024-04-16,Monster Madness,Family,Amazon,Northeast,1,22.99,0,22.99,0.0,,False,5
ORD-10068,2024-08-28,Cosmic Blitz,Party,Walmart,West,1,15.99,20,15.99,0.0,Holiday Sale,False,
ORD-10069,2024-12-04,Cosmic Blitz,Party,Amazon,Northeast,2,17.99,10,35.98,0.0,Bundle Deal,False,4
ORD-10070,2024-08-12,Pixel Quest,Family,Walmart,West,3,24.99,0,74.97,0.0,New Release,False,5
ORD-10071,2024-01-14,Pixel Quest,Family,Board Game Geek Store,West,1,24.99,0,24.99,0.0,,False,
ORD-10072,2024-03-30,Chess Evolved,Strategy,Walmart,Southwest,1,14.99,50,14.99,0.0,Clearance,False,
ORD-10073,2024-08-28,Realm Builders,Strategy,Walmart,West,1,44.99,0,44.99,0.0,New Release,False,
ORD-10074,2024-10-08,Pixel Quest,Family,Amazon,Northeast,2,24.99,0,49.98,0.0,,False,4
ORD-10075,2024-11-14,Speed Stacks,Party,Walmart,West,1,12.99,0,12.99,0.0,,False,5
ORD-10076,2024-03-03,Monster Madness,Family,Target,West,1,22.99,0,22.99,0.0,,False,5
ORD-10077,2024-03-01,Monster Madness,Family,Amazon,Southwest,2,19.54,15,39.08,0.0,Bundle Deal,False,
ORD-10078,2024-03-15,Trivia Tornado,Party,Board Game Geek Store,Midwest,2,14.99,0,29.98,0.0,,False,
ORD-10079,2024-07-31,Speed Stacks,Party,Amazon,Northeast,2,12.99,0,25.98,0.0,New Release,False,4
ORD-10080,2024-10-05,Trivia Tornado,Party,Board Game Geek Store,West,4,11.24,25,44.96,0.0,Holiday Sale,False,
ORD-10081,2024-07-29,Code Breakers,Strategy,Walmart,West,1,27.99,0,27.99,0.0,,False,4
ORD-10082,2024-10-29,Pixel Quest,Family,Target,Northeast,3,24.99,0,74.97,0.0,,False,5
ORD-10083,2024-03-20,Speed Stacks,Party,Amazon,Midwest,1,12.99,0,12.99,0.0,,False,
ORD-10084,2024-09-30,Realm Builders,Strategy,Walmart,West,2,44.99,0,89.98,0.0,,False,5
ORD-10085,2024-02-16,Trivia Tornado,Party,Amazon,Midwest,2,14.99,0,29.98,0.0,New Release,False,1
ORD-10086,2024-05-30,Trivia Tornado,Party,Shopify Direct,Northeast,1,14.99,0,14.99,4.99,,False,
ORD-10087,2024-05-03,Chess Evolved,Strategy,Shopify Direct,Northeast,1,29.99,0,29.99,6.99,New Release,False,
ORD-10088,2024-12-12,Kiddo Kingdom,Children,Amazon,Southwest,4,15.29,15,61.16,0.0,Bundle Deal,False,4
ORD-10089,2024-02-24,Cosmic Blitz,Party,Shopify Direct,Midwest,4,17.99,10,71.96,0,Bundle Deal,False,5
ORD-10090,2024-09-11,Speed Stacks,Party,Target,West,1,10.39,20,10.39,0.0,Flash Sale,False,
ORD-10091,2024-12-13,Speed Stacks,Party,Walmart,Northeast,1,12.99,0,12.99,0.0,,False,5
ORD-10092,2024-03-08,Realm Builders,Strategy,Walmart,Northeast,1,31.49,30,31.49,0.0,Flash Sale,False,5
ORD-10093,2024-05-31,Code Breakers,Strategy,Amazon,Northeast,3,27.99,0,83.97,0.0,,False,5
ORD-10094,2024-12-11,Battle Bots Arena,Strategy,Target,Southeast,2,39.99,0,79.98,0.0,,False,4
ORD-10095,2024-12-10,Trivia Tornado,Party,Walmart,Southeast,1,14.99,0,14.99,0.0,New Release,True,
ORD-10096,2024-10-14,Kiddo Kingdom,Children,Walmart,Midwest,2,15.29,15,30.58,0.0,Bundle Deal,False,2
ORD-10097,2024-09-09,Cosmic Blitz,Party,Shopify Direct,Southeast,1,9.99,50,9.99,4.99,Clearance,False,
ORD-10098,2024-05-23,Dungeon Dash,Strategy,Amazon,Southeast,3,27.99,20,83.97,0.0,Flash Sale,False,5
ORD-10099,2024-11-26,Trivia Tornado,Party,Amazon,Northeast,2,14.99,0,29.98,0.0,New Release,False,5
ORD-10100,2024-01-11,Realm Builders,Strategy,Board Game Geek Store,West,1,33.74,25,33.74,0.0,Holiday Sale,False,
ORD-10101,2024-11-01,Dungeon Dash,Strategy,Target,Northeast,2,31.49,10,62.98,0.0,Bundle Deal,False,
ORD-10102,2024-03-08,Speed Stacks,Party,Amazon,Southeast,1,12.99,0,12.99,0.0,,False,3
ORD-10103,2024-07-04,Chess Evolved,Strategy,Amazon,Midwest,3,29.99,0,89.97,0.0,,False,
ORD-10104,2024-12-03,Trivia Tornado,Party,Board Game Geek Store,Northeast,1,8.99,40,8.99,0.0,Clearance,False,5
ORD-10105,2024-06-13,Kiddo Kingdom,Children,Amazon,Southeast,1,12.59,30,12.59,0.0,Flash Sale,False,4
ORD-10106,2024-11-05,Speed Stacks,Party,Amazon,Midwest,2,10.39,20,20.78,0.0,Holiday Sale,False,4
ORD-10107,2024-08-20,Code Breakers,Strategy,Amazon,Southeast,1,27.99,0,27.99,0.0,,False,3
ORD-10108,2024-02-13,Pixel Quest,Family,Walmart,West,1,19.99,20,19.99,0.0,Flash Sale,False,
ORD-10109,2024-01-27,Battle Bots Arena,Strategy,Walmart,Southeast,1,33.99,15,33.99,0.0,Holiday Sale,False,3
ORD-10110,2024-10-11,Speed Stacks,Party,Shopify Direct,West,2,12.99,0,25.98,0,,False,
ORD-10111,2024-05-16,Cosmic Blitz,Party,Walmart,Southwest,1,19.99,0,19.99,0.0,,False,4
ORD-10112,2024-01-16,Pixel Quest,Family,Shopify Direct,Southeast,1,24.99,0,24.99,6.99,,False,5
ORD-10113,2024-11-01,Dungeon Dash,Strategy,Amazon,Midwest,2,29.74,15,59.48,0.0,Bundle Deal,False,4
ORD-10114,2024-05-19,Chess Evolved,Strategy,Amazon,Northeast,1,29.99,0,29.99,0.0,New Release,False,4
ORD-10115,2024-11-02,Cosmic Blitz,Party,Board Game Geek Store,West,2,16.99,15,33.98,0.0,Bundle Deal,False,4
ORD-10116,2024-12-26,Cosmic Blitz,Party,Shopify Direct,Midwest,1,9.99,50,9.99,0,Clearance,False,2
ORD-10117,2024-10-20,Trivia Tornado,Party,Walmart,Southeast,1,11.99,20,11.99,0.0,Flash Sale,False,
ORD-10118,2024-12-19,Pixel Quest,Family,Target,Northeast,1,24.99,0,24.99,0.0,,False,4
ORD-10119,2024-02-09,Chess Evolved,Strategy,Amazon,Midwest,3,20.99,30,62.97,0.0,Flash Sale,False,
ORD-10120,2024-03-16,Pixel Quest,Family,Amazon,Midwest,2,24.99,0,49.98,0.0,,False,
ORD-10121,2024-09-09,Kiddo Kingdom,Children,Shopify Direct,West,2,12.59,30,25.18,4.99,Flash Sale,False,5
ORD-10122,2024-06-29,Chess Evolved,Strategy,Amazon,Midwest,2,26.99,10,53.98,0.0,Bundle Deal,False,
ORD-10123,2024-09-16,Trivia Tornado,Party,Shopify Direct,Southwest,2,14.99,0,29.98,0,,False,3
ORD-10124,2024-11-05,Pixel Quest,Family,Amazon,Northeast,2,19.99,20,39.98,0.0,Flash Sale,False,4
ORD-10125,2024-09-25,Chess Evolved,Strategy,Amazon,Southeast,1,17.99,40,17.99,0.0,Clearance,False,5
ORD-10126,2024-06-20,Pixel Quest,Family,Walmart,Southeast,2,24.99,0,49.98,0.0,,False,3
ORD-10127,2024-06-28,Monster Madness,Family,Walmart,Northeast,2,22.99,0,45.98,0.0,,False,5
ORD-10128,2024-12-16,Ocean Explorer,Children,Amazon,West,1,19.99,0,19.99,0.0,,False,4
ORD-10129,2024-09-05,Battle Bots Arena,Strategy,Amazon,Southeast,2,39.99,0,79.98,0.0,,False,
ORD-10130,2024-11-12,Trivia Tornado,Party,Amazon,West,2,14.99,0,29.98,0.0,,False,4
ORD-10131,2024-11-08,Cosmic Blitz,Party,Walmart,Southeast,2,16.99,15,33.98,0.0,Bundle Deal,False,5
ORD-10132,2024-08-24,Speed Stacks,Party,Walmart,Midwest,1,12.99,0,12.99,0.0,,False,
ORD-10133,2024-01-27,Monster Madness,Family,Target,Midwest,1,22.99,0,22.99,0.0,,False,
ORD-10134,2024-09-19,Pixel Quest,Family,Shopify Direct,Southwest,1,24.99,0,24.99,6.99,New Release,False,4
ORD-10135,2024-07-10,Battle Bots Arena,Strategy,Amazon,Northeast,3,31.99,20,95.97,0.0,Flash Sale,False,5
ORD-10136,2024-12-22,Speed Stacks,Party,Shopify Direct,Midwest,3,12.99,0,38.97,6.99,,False,5
ORD-10137,2024-11-07,Pixel Quest,Family,Amazon,Southeast,1,12.49,50,12.49,0.0,Clearance,False,3
ORD-10138,2024-01-09,Monster Madness,Family,Shopify Direct,West,1,22.99,0,22.99,0,,False,3
ORD-10139,2024-12-08,Battle Bots Arena,Strategy,Amazon,Midwest,1,39.99,0,39.99,0.0,,False,5
ORD-10140,2024-07-10,Dungeon Dash,Strategy,Target,Southeast,2,34.99,0,69.98,0.0,,False,
ORD-10141,2024-06-19,Trivia Tornado,Party,Amazon,Midwest,2,14.99,0,29.98,0.0,New Release,False,3
ORD-10142,2024-03-10,Speed Stacks,Party,Shopify Direct,Southeast,1,11.04,15,11.04,6.99,Holiday Sale,False,5
ORD-10143,2024-10-05,Dungeon Dash,Strategy,Walmart,Southeast,2,34.99,0,69.98,0.0,,False,3
ORD-10144,2024-07-23,Code Breakers,Strategy,Target,Southeast,3,27.99,0,83.97,0.0,New Release,False,5
ORD-10145,2024-08-05,Pixel Quest,Family,Walmart,West,1,19.99,20,19.99,0.0,Flash Sale,False,
ORD-10146,2024-06-05,Code Breakers,Strategy,Amazon,Southeast,1,19.59,30,19.59,0.0,Flash Sale,False,
ORD-10147,2024-01-30,Monster Madness,Family,Amazon,West,1,22.99,0,22.99,0.0,,False,
ORD-10148,2024-08-12,Pixel Quest,Family,Walmart,Southeast,1,24.99,0,24.99,0.0,,False,
ORD-10149,2024-07-08,Speed Stacks,Party,Shopify Direct,Midwest,2,11.69,10,23.38,0,Bundle Deal,True,
ORD-10150,2024-09-22,Kiddo Kingdom,Children,Amazon,Southeast,2,15.29,15,30.58,0.0,Bundle Deal,False,2
ORD-10151,2024-08-15,Battle Bots Arena,Strategy,Target,Southwest,4,31.99,20,127.96,0.0,Flash Sale,False,4
ORD-10152,2024-12-24,Monster Madness,Family,Target,Midwest,1,19.54,15,19.54,0.0,Holiday Sale,False,4
ORD-10153,2024-10-20,Speed Stacks,Party,Shopify Direct,Midwest,2,11.04,15,22.08,0,Bundle Deal,False,
ORD-10154,2024-10-21,Battle Bots Arena,Strategy,Walmart,Southeast,1,31.99,20,31.99,0.0,Flash Sale,False,
ORD-10155,2024-11-23,Speed Stacks,Party,Amazon,Midwest,2,12.99,0,25.98,0.0,,False,3
ORD-10156,2024-12-29,Ocean Explorer,Children,Shopify Direct,Southeast,1,14.99,25,14.99,0,Holiday Sale,False,
ORD-10157,2024-11-10,Chess Evolved,Strategy,Amazon,Southwest,1,23.99,20,23.99,0.0,Flash Sale,False,2
ORD-10158,2024-11-24,Cosmic Blitz,Party,Amazon,Midwest,1,19.99,0,19.99,0.0,,False,
ORD-10159,2024-06-03,Chess Evolved,Strategy,Target,West,1,29.99,0,29.99,0.0,,False,4
ORD-10160,2024-08-25,Kiddo Kingdom,Children,Amazon,West,2,12.59,30,25.18,0.0,Flash Sale,False,5
ORD-10161,2024-06-12,Pixel Quest,Family,Shopify Direct,Northeast,1,12.49,50,12.49,0,Clearance,False,
ORD-10162,2024-10-22,Code Breakers,Strategy,Amazon,Northeast,4,27.99,0,111.96,0.0,New Release,False,1
ORD-10163,2024-05-03,Cosmic Blitz,Party,Amazon,Northeast,1,19.99,0,19.99,0.0,New Release,False,3
ORD-10164,2024-07-06,Speed Stacks,Party,Amazon,Southeast,1,10.39,20,10.39,0.0,Holiday Sale,False,4
ORD-10165,2024-10-08,Battle Bots Arena,Strategy,Walmart,Northeast,3,23.99,40,71.97,0.0,Clearance,False,5
ORD-10166,2024-03-14,Chess Evolved,Strategy,Shopify Direct,Northeast,1,20.99,30,20.99,0,Flash Sale,False,
ORD-10167,2024-09-20,Ocean Explorer,Children,Amazon,Southeast,2,16.99,15,33.98,0.0,Bundle Deal,False,4
ORD-10168,2024-10-15,Speed Stacks,Party,Amazon,West,3,11.69,10,35.07,0.0,Bundle Deal,False,5
ORD-10169,2024-01-27,Kiddo Kingdom,Children,Amazon,Midwest,1,12.59,30,12.59,0.0,Clearance,False,5
ORD-10170,2024-12-24,Dungeon Dash,Strategy,Amazon,Northeast,1,17.5,50,17.5,0.0,Clearance,False,
ORD-10171,2024-09-22,Cosmic Blitz,Party,Amazon,Midwest,1,15.99,20,15.99,0.0,Flash Sale,False,4
ORD-10172,2024-12-12,Code Breakers,Strategy,Walmart,West,1,23.79,15,23.79,0.0,Holiday Sale,False,5
ORD-10173,2024-12-26,Cosmic Blitz,Party,Walmart,Southeast,2,16.99,15,33.98,0.0,Bundle Deal,False,
ORD-10174,2024-07-21,Speed Stacks,Party,Board Game Geek Store,West,2,11.69,10,23.38,0.0,Bundle Deal,False,4
ORD-10175,2024-09-02,Speed Stacks,Party,Amazon,Midwest,1,12.99,0,12.99,0.0,,False,4
ORD-10176,2024-12-08,Cosmic Blitz,Party,Amazon,Northeast,1,19.99,0,19.99,0.0,New Release,False,
ORD-10177,2024-03-21,Trivia Tornado,Party,Board Game Geek Store,Southwest,1,11.99,20,11.99,0.0,Holiday Sale,False,
ORD-10178,2024-04-28,Kiddo Kingdom,Children,Walmart,Southwest,3,17.99,0,53.97,0.0,,False,
ORD-10179,2024-07-22,Speed Stacks,Party,Amazon,West,2,11.69,10,23.38,0.0,Bundle Deal,True,
ORD-10180,2024-06-20,Cosmic Blitz,Party,Board Game Geek Store,Midwest,1,19.99,0,19.99,0.0,,False,3
ORD-10181,2024-08-22,Monster Madness,Family,Walmart,Northeast,2,20.69,10,41.38,0.0,Bundle Deal,False,
ORD-10182,2024-09-20,Realm Builders,Strategy,Shopify Direct,Northeast,4,44.99,0,179.96,6.99,New Release,False,4
ORD-10183,2024-06-17,Realm Builders,Strategy,Walmart,Northeast,1,38.24,15,38.24,0.0,Holiday Sale,False,3
ORD-10184,2024-12-17,Ocean Explorer,Children,Walmart,Southeast,2,16.99,15,33.98,0.0,Bundle Deal,False,3
ORD-10185,2024-11-06,Trivia Tornado,Party,Walmart,Southwest,2,12.74,15,25.48,0.0,Holiday Sale,False,5
ORD-10186,2024-09-26,Code Breakers,Strategy,Amazon,Midwest,1,20.99,25,20.99,0.0,Holiday Sale,False,5
ORD-10187,2024-08-14,Cosmic Blitz,Party,Shopify Direct,Northeast,1,19.99,0,19.99,0,,False,5
ORD-10188,2024-10-13,Speed Stacks,Party,Walmart,Southeast,2,9.74,25,19.48,0.0,Holiday Sale,False,5
ORD-10189,2024-02-05,Battle Bots Arena,Strategy,Shopify Direct,Southeast,1,39.99,0,39.99,0,,False,
ORD-10190,2024-07-12,Trivia Tornado,Party,Walmart,Midwest,1,11.99,20,11.99,0.0,Flash Sale,False,4
ORD-10191,2024-01-12,Battle Bots Arena,Strategy,Shopify Direct,West,1,27.99,30,27.99,4.99,Clearance,False,3
ORD-10192,2024-02-27,Monster Madness,Family,Walmart,Southwest,2,19.54,15,39.08,0.0,Holiday Sale,False,4
ORD-10193,2024-12-10,Dungeon Dash,Strategy,Walmart,Southeast,1,29.74,15,29.74,0.0,Holiday Sale,False,
ORD-10194,2024-10-21,Realm Builders,Strategy,Shopify Direct,West,2,40.49,10,80.98,0,Bundle Deal,False,2
ORD-10195,2024-03-30,Monster Madness,Family,Shopify Direct,Midwest,3,11.49,50,34.47,6.99,Clearance,False,4
ORD-10196,2024-08-30,Cosmic Blitz,Party,Amazon,West,1,19.99,0,19.99,0.0,New Release,False,5
ORD-10197,2024-10-12,Trivia Tornado,Party,Amazon,Southeast,1,14.99,0,14.99,0.0,New Release,False,5
ORD-10198,2024-04-07,Trivia Tornado,Party,Walmart,Northeast,1,11.99,20,11.99,0.0,Holiday Sale,False,
ORD-10199,2024-01-08,Cosmic Blitz,Party,Amazon,West,2,19.99,0,39.98,0.0,New Release,False,
ORD-10200,2024-12-26,Ocean Explorer,Children,Shopify Direct,West,1,13.99,30,13.99,6.99,Flash Sale,False,
ORD-10201,2024-08-26,Battle Bots Arena,Strategy,Shopify Direct,West,3,27.99,30,83.97,0,Flash Sale,True,
ORD-10202,2024-03-15,Kiddo Kingdom,Children,Shopify Direct,West,1,14.39,20,14.39,4.99,Holiday Sale,False,
ORD-10203,2024-12-16,Realm Builders,Strategy,Walmart,Midwest,2,44.99,0,89.98,0.0,New Release,False,
ORD-10204,2024-06-29,Code Breakers,Strategy,Shopify Direct,Southwest,1,27.99,0,27.99,0,,True,
ORD-10205,2024-12-08,Dungeon Dash,Strategy,Amazon,Midwest,1,34.99,0,34.99,0.0,,True,
ORD-10206,2024-07-10,Monster Madness,Family,Board Game Geek Store,Southwest,1,22.99,0,22.99,0.0,,True,
ORD-10207,2024-01-07,Code Breakers,Strategy,Shopify Direct,Southeast,1,19.59,30,19.59,0,Clearance,False,4
ORD-10208,2024-11-13,Speed Stacks,Party,Amazon,Southeast,1,7.79,40,7.79,0.0,Clearance,False,
ORD-10209,2024-04-25,Speed Stacks,Party,Amazon,Southwest,1,12.99,0,12.99,0.0,,False,5
ORD-10210,2024-12-25,Cosmic Blitz,Party,Shopify Direct,Southeast,2,19.99,0,39.98,0,,False,5
ORD-10211,2024-12-20,Chess Evolved,Strategy,Amazon,Northeast,3,29.99,0,89.97,0.0,,False,
ORD-10212,2024-10-27,Pixel Quest,Family,Target,West,3,22.49,10,67.47,0.0,Bundle Deal,False,5
ORD-10213,2024-12-12,Realm Builders,Strategy,Walmart,Northeast,4,44.99,0,179.96,0.0,,False,
ORD-10214,2024-01-28,Cosmic Blitz,Party,Amazon,Midwest,1,11.99,40,11.99,0.0,Clearance,True,
ORD-10215,2024-07-01,Kiddo Kingdom,Children,Amazon,Northeast,1,12.59,30,12.59,0.0,Clearance,False,4
ORD-10216,2024-02-07,Pixel Quest,Family,Walmart,Midwest,2,17.49,30,34.98,0.0,Flash Sale,False,4
ORD-10217,2024-02-22,Pixel Quest,Family,Amazon,Southeast,1,17.49,30,17.49,0.0,Clearance,True,
ORD-10218,2024-06-15,Speed Stacks,Party,Amazon,Southeast,2,9.74,25,19.48,0.0,Holiday Sale,False,
ORD-10219,2024-03-27,Realm Builders,Strategy,Shopify Direct,Northeast,1,26.99,40,26.99,0,Clearance,False,5
ORD-10220,2024-11-16,Monster Madness,Family,Shopify Direct,Northeast,1,13.79,40,13.79,0,Clearance,False,
ORD-10221,2024-08-13,Speed Stacks,Party,Target,Southwest,1,10.39,20,10.39,0.0,Flash Sale,False,4
ORD-10222,2024-06-12,Code Breakers,Strategy,Shopify Direct,Midwest,1,16.79,40,16.79,0,Clearance,False,
ORD-10223,2024-10-06,Cosmic Blitz,Party,Walmart,Northeast,2,15.99,20,31.98,0.0,Holiday Sale,False,
ORD-10224,2024-07-28,Monster Madness,Family,Amazon,Southeast,1,22.99,0,22.99,0.0,,False,
ORD-10225,2024-11-02,Chess Evolved,Strategy,Shopify Direct,Midwest,3,14.99,50,44.97,0,Clearance,False,5
ORD-10226,2024-02-13,Pixel Quest,Family,Amazon,Midwest,1,24.99,0,24.99,0.0,,False,
ORD-10227,2024-11-27,Speed Stacks,Party,Board Game Geek Store,Southeast,2,11.69,10,23.38,0.0,Bundle Deal,False,5
ORD-10228,2024-10-21,Trivia Tornado,Party,Shopify Direct,West,1,14.99,0,14.99,6.99,,False,4
ORD-10229,2024-02-13,Ocean Explorer,Children,Amazon,Southeast,1,14.99,25,14.99,0.0,Holiday Sale,False,4
ORD-10230,2024-12-22,Pixel Quest,Family,Amazon,West,1,19.99,20,19.99,0.0,Flash Sale,False,5
ORD-10231,2024-10-09,Pixel Quest,Family,Shopify Direct,Southwest,1,12.49,50,12.49,4.99,Clearance,False,
ORD-10232,2024-07-21,Monster Madness,Family,Amazon,Midwest,1,19.54,15,19.54,0.0,Holiday Sale,False,
ORD-10233,2024-10-01,Cosmic Blitz,Party,Amazon,Midwest,1,19.99,0,19.99,0.0,New Release,False,
ORD-10234,2024-11-01,Trivia Tornado,Party,Amazon,Southeast,1,14.99,0,14.99,0.0,,False,
ORD-10235,2024-10-29,Pixel Quest,Family,Amazon,Northeast,1,24.99,0,24.99,0.0,,False,4
ORD-10236,2024-11-01,Trivia Tornado,Party,Amazon,Midwest,1,14.99,0,14.99,0.0,,False,3
ORD-10237,2024-11-13,Dungeon Dash,Strategy,Amazon,Northeast,1,17.5,50,17.5,0.0,Clearance,False,5
ORD-10238,2024-08-15,Chess Evolved,Strategy,Amazon,Northeast,2,26.99,10,53.98,0.0,Bundle Deal,False,3
ORD-10239,2024-09-10,Kiddo Kingdom,Children,Amazon,Northeast,2,14.39,20,28.78,0.0,Flash Sale,False,4
ORD-10240,2024-08-05,Speed Stacks,Party,Walmart,Southeast,4,12.99,0,51.96,0.0,New Release,False,
ORD-10241,2024-03-01,Speed Stacks,Party,Amazon,West,1,9.09,30,9.09,0.0,Flash Sale,False,4
ORD-10242,2024-10-18,Trivia Tornado,Party,Amazon,Midwest,2,12.74,15,25.48,0.0,Bundle Deal,False,
ORD-10243,2024-12-13,Speed Stacks,Party,Amazon,West,1,12.99,0,12.99,0.0,,False,
ORD-10244,2024-03-08,Cosmic Blitz,Party,Walmart,West,2,11.99,40,23.98,0.0,Clearance,False,
ORD-10245,2024-11-17,Trivia Tornado,Party,Walmart,Southwest,2,12.74,15,25.48,0.0,Bundle Deal,False,5
ORD-10246,2024-08-22,Monster Madness,Family,Walmart,West,2,16.09,30,32.18,0.0,Clearance,False,
ORD-10247,2024-09-10,Speed Stacks,Party,Amazon,Midwest,1,12.99,0,12.99,0.0,New Release,False,
ORD-10248,2024-01-25,Monster Madness,Family,Target,Northeast,3,22.99,0,68.97,0.0,,False,5
ORD-10249,2024-03-08,Speed Stacks,Party,Amazon,Southwest,2,12.99,0,25.98,0.0,,False,4
ORD-10250,2024-11-28,Trivia Tornado,Party,Amazon,West,1,14.99,0,14.99,0.0,,False,4
ORD-10251,2024-09-22,Monster Madness,Family,Amazon,West,2,11.49,50,22.98,0.0,Clearance,False,4
ORD-10252,2024-02-22,Trivia Tornado,Party,Amazon,Southeast,2,14.99,0,29.98,0.0,,False,
ORD-10253,2024-01-05,Kiddo Kingdom,Children,Amazon,Southeast,1,17.99,0,17.99,0.0,,False,
ORD-10254,2024-02-14,Ocean Explorer,Children,Amazon,Northeast,2,13.99,30,27.98,0.0,Flash Sale,False,4
ORD-10255,2024-02-13,Kiddo Kingdom,Children,Walmart,Southeast,3,17.99,0,53.97,0.0,,False,
ORD-10256,2024-06-03,Kiddo Kingdom,Children,Amazon,Southeast,1,14.39,20,14.39,0.0,Holiday Sale,False,5
ORD-10257,2024-01-07,Battle Bots Arena,Strategy,Board Game Geek Store,Northeast,2,23.99,40,47.98,0.0,Clearance,False,4
ORD-10258,2024-02-07,Pixel Quest,Family,Amazon,Northeast,1,12.49,50,12.49,0.0,Clearance,False,
ORD-10259,2024-07-31,Trivia Tornado,Party,Walmart,Midwest,1,14.99,0,14.99,0.0,,False,4
ORD-10260,2024-07-19,Kiddo Kingdom,Children,Walmart,Midwest,2,15.29,15,30.58,0.0,Bundle Deal,False,
ORD-10261,2024-01-30,Ocean Explorer,Children,Amazon,Midwest,1,19.99,0,19.99,0.0,,False,
ORD-10262,2024-12-25,Chess Evolved,Strategy,Amazon,Midwest,2,26.99,10,53.98,0.0,Bundle Deal,False,
ORD-10263,2024-03-01,Speed Stacks,Party,Amazon,West,1,12.99,0,12.99,0.0,,False,
ORD-10264,2024-11-17,Trivia Tornado,Party,Amazon,Midwest,1,11.99,20,11.99,0.0,Flash Sale,False,5
ORD-10265,2024-02-29,Chess Evolved,Strategy,Amazon,West,1,29.99,0,29.99,0.0,New Release,False,
ORD-10266,2024-01-19,Kiddo Kingdom,Children,Target,West,1,14.39,20,14.39,0.0,Flash Sale,False,
ORD-10267,2024-10-19,Trivia Tornado,Party,Shopify Direct,Southwest,1,14.99,0,14.99,0,,False,4
ORD-10268,2024-06-08,Kiddo Kingdom,Children,Amazon,Northeast,2,16.19,10,32.38,0.0,Bundle Deal,False,4
ORD-10269,2024-10-06,Speed Stacks,Party,Amazon,Northeast,1,9.74,25,9.74,0.0,Holiday Sale,False,
ORD-10270,2024-01-01,Speed Stacks,Party,Amazon,West,1,9.74,25,9.74,0.0,Holiday Sale,False,5
ORD-10271,2024-02-17,Dungeon Dash,Strategy,Amazon,West,1,24.49,30,24.49,0.0,Flash Sale,False,3
ORD-10272,2024-07-20,Pixel Quest,Family,Shopify Direct,Southeast,3,19.99,20,59.97,6.99,Holiday Sale,False,
ORD-10273,2024-06-16,Realm Builders,Strategy,Amazon,Northeast,1,44.99,0,44.99,0.0,,False,4
ORD-10274,2024-07-27,Trivia Tornado,Party,Walmart,Midwest,1,14.99,0,14.99,0.0,,False,
ORD-10275,2024-12-22,Kiddo Kingdom,Children,Amazon,West,1,14.39,20,14.39,0.0,Holiday Sale,False,4
ORD-10276,2024-03-30,Trivia Tornado,Party,Shopify Direct,West,1,14.99,0,14.99,0,New Release,False,1
ORD-10277,2024-04-23,Speed Stacks,Party,Amazon,Midwest,2,11.69,10,23.38,0.0,Bundle Deal,True,
ORD-10278,2024-11-26,Pixel Quest,Family,Target,West,1,24.99,0,24.99,0.0,,False,5
ORD-10279,2024-07-21,Chess Evolved,Strategy,Shopify Direct,Southeast,1,29.99,0,29.99,6.99,,False,
ORD-10280,2024-11-11,Cosmic Blitz,Party,Amazon,Southeast,1,19.99,0,19.99,0.0,,False,4
ORD-10281,2024-09-26,Cosmic Blitz,Party,Board Game Geek Store,Midwest,1,9.99,50,9.99,0.0,Clearance,False,4
ORD-10282,2024-10-16,Trivia Tornado,Party,Amazon,Southeast,2,13.49,10,26.98,0.0,Bundle Deal,False,4
ORD-10283,2024-03-22,Pixel Quest,Family,Walmart,Southeast,2,24.99,0,49.98,0.0,,False,
ORD-10284,2024-07-17,Trivia Tornado,Party,Target,West,1,10.49,30,10.49,0.0,Flash Sale,False,5
ORD-10285,2024-10-15,Ocean Explorer,Children,Target,West,3,17.99,10,53.97,0.0,Bundle Deal,False,4
ORD-10286,2024-04-22,Chess Evolved,Strategy,Amazon,Midwest,2,23.99,20,47.98,0.0,Flash Sale,False,
ORD-10287,2024-06-14,Pixel Quest,Family,Walmart,Northeast,1,19.99,20,19.99,0.0,Flash Sale,False,
ORD-10288,2024-06-21,Realm Builders,Strategy,Amazon,Northeast,3,44.99,0,134.97,0.0,New Release,False,5
ORD-10289,2024-12-21,Monster Madness,Family,Amazon,Midwest,2,13.79,40,27.58,0.0,Clearance,False,3
ORD-10290,2024-10-20,Trivia Tornado,Party,Board Game Geek Store,Southwest,1,11.99,20,11.99,0.0,Flash Sale,False,4
ORD-10291,2024-05-01,Trivia Tornado,Party,Amazon,Midwest,3,10.49,30,31.47,0.0,Flash Sale,True,
ORD-10292,2024-12-20,Cosmic Blitz,Party,Amazon,Northeast,1,13.99,30,13.99,0.0,Clearance,False,4
ORD-10293,2024-10-06,Speed Stacks,Party,Target,Midwest,2,11.04,15,22.08,0.0,Holiday Sale,False,
ORD-10294,2024-01-18,Realm Builders,Strategy,Board Game Geek Store,Northeast,1,31.49,30,31.49,0.0,Clearance,False,5
ORD-10295,2024-11-10,Ocean Explorer,Children,Walmart,Southeast,1,13.99,30,13.99,0.0,Clearance,False,5
ORD-10296,2024-10-03,Cosmic Blitz,Party,Amazon,Northeast,1,19.99,0,19.99,0.0,New Release,False,4
ORD-10297,2024-11-16,Kiddo Kingdom,Children,Amazon,Northeast,2,16.19,10,32.38,0.0,Bundle Deal,False,5
ORD-10298,2024-12-04,Cosmic Blitz,Party,Walmart,Southeast,1,11.99,40,11.99,0.0,Clearance,False,4
ORD-10299,2024-05-14,Cosmic Blitz,Party,Amazon,West,1,19.99,0,19.99,0.0,,False,
ORD-10300,2024-10-28,Cosmic Blitz,Party,Amazon,Southeast,1,19.99,0,19.99,0.0,New Release,False,4
ORD-10301,2024-12-31,Dungeon Dash,Strategy,Shopify Direct,Midwest,1,34.99,0,34.99,0,,False,5
ORD-10302,2024-04-08,Pixel Quest,Family,Shopify Direct,Southwest,1,24.99,0,24.99,0,,False,
ORD-10303,2024-02-04,Kiddo Kingdom,Children,Shopify Direct,West,1,17.99,0,17.99,0,,False,
ORD-10304,2024-03-16,Kiddo Kingdom,Children,Shopify Direct,Southwest,1,17.99,0,17.99,0,,False,
ORD-10305,2024-07-29,Cosmic Blitz,Party,Walmart,Midwest,1,19.99,0,19.99,0.0,,False,5
ORD-10306,2024-12-21,Trivia Tornado,Party,Target,West,1,14.99,0,14.99,0.0,New Release,False,
ORD-10307,2024-06-04,Realm Builders,Strategy,Target,West,1,38.24,15,38.24,0.0,Holiday Sale,False,
ORD-10308,2024-06-13,Trivia Tornado,Party,Walmart,Northeast,1,7.5,50,7.5,0.0,Clearance,False,4
ORD-10309,2024-03-22,Dungeon Dash,Strategy,Walmart,Southeast,2,34.99,0,69.98,0.0,,False,
ORD-10310,2024-05-07,Dungeon Dash,Strategy,Amazon,Southeast,1,24.49,30,24.49,0.0,Flash Sale,False,
ORD-10311,2024-05-03,Trivia Tornado,Party,Shopify Direct,Northeast,2,10.49,30,20.98,4.99,Flash Sale,False,5
ORD-10312,2024-07-16,Dungeon Dash,Strategy,Target,West,1,26.24,25,26.24,0.0,Holiday Sale,False,5
ORD-10313,2024-09-19,Speed Stacks,Party,Walmart,Northeast,3,12.99,0,38.97,0.0,,False,4
ORD-10314,2024-12-29,Monster Madness,Family,Shopify Direct,Southeast,2,20.69,10,41.38,0,Bundle Deal,False,5
ORD-10315,2024-10-26,Chess Evolved,Strategy,Walmart,West,2,25.49,15,50.98,0.0,Bundle Deal,False,4
ORD-10316,2024-05-21,Cosmic Blitz,Party,Walmart,Southwest,1,19.99,0,19.99,0.0,,False,2
ORD-10317,2024-11-03,Realm Builders,Strategy,Amazon,Northeast,2,38.24,15,76.48,0.0,Bundle Deal,False,5
ORD-10318,2024-10-19,Speed Stacks,Party,Amazon,West,1,12.99,0,12.99,0.0,New Release,False,
ORD-10319,2024-09-16,Cosmic Blitz,Party,Walmart,Midwest,1,19.99,0,19.99,0.0,New Release,False,5
ORD-10320,2024-06-20,Monster Madness,Family,Amazon,Northeast,2,13.79,40,27.58,0.0,Clearance,False,4
ORD-10321,2024-11-20,Kiddo Kingdom,Children,Board Game Geek Store,Northeast,2,17.99,0,35.98,0.0,,False,4
ORD-10322,2024-03-18,Pixel Quest,Family,Amazon,Southeast,1,24.99,0,24.99,0.0,New Release,False,
ORD-10323,2024-09-06,Realm Builders,Strategy,Board Game Geek Store,Southeast,1,44.99,0,44.99,0.0,New Release,False,
ORD-10324,2024-03-22,Chess Evolved,Strategy,Walmart,Northeast,1,17.99,40,17.99,0.0,Clearance,False,1
ORD-10325,2024-09-30,Trivia Tornado,Party,Amazon,Southeast,2,12.74,15,25.48,0.0,Holiday Sale,False,
ORD-10326,2024-05-07,Speed Stacks,Party,Amazon,Northeast,2,11.69,10,23.38,0.0,Bundle Deal,False,5
ORD-10327,2024-11-01,Kiddo Kingdom,Children,Shopify Direct,West,1,17.99,0,17.99,6.99,New Release,False,5
ORD-10328,2024-07-25,Cosmic Blitz,Party,Board Game Geek Store,Northeast,1,19.99,0,19.99,0.0,,False,
ORD-10329,2024-11-23,Cosmic Blitz,Party,Shopify Direct,Northeast,4,19.99,0,79.96,0,,True,
ORD-10330,2024-08-15,Kiddo Kingdom,Children,Shopify Direct,Northeast,1,17.99,0,17.99,6.99,,False,4
ORD-10331,2024-11-14,Pixel Quest,Family,Target,Northeast,2,24.99,0,49.98,0.0,,False,
ORD-10332,2024-09-11,Cosmic Blitz,Party,Amazon,Midwest,1,11.99,40,11.99,0.0,Clearance,False,5
ORD-10333,2024-12-18,Realm Builders,Strategy,Amazon,West,3,44.99,0,134.97,0.0,New Release,False,4
ORD-10334,2024-11-25,Cosmic Blitz,Party,Board Game Geek Store,Southeast,1,19.99,0,19.99,0.0,,False,
ORD-10335,2024-05-28,Monster Madness,Family,Shopify Direct,Northeast,2,22.99,0,45.98,0,,False,
ORD-10336,2024-03-28,Ocean Explorer,Children,Board Game Geek Store,Southeast,2,13.99,30,27.98,0.0,Flash Sale,False,5
ORD-10337,2024-12-19,Speed Stacks,Party,Target,Midwest,2,12.99,0,25.98,0.0,,False,
ORD-10338,2024-03-22,Ocean Explorer,Children,Shopify Direct,Midwest,1,11.99,40,11.99,0,Clearance,True,
ORD-10339,2024-09-06,Pixel Quest,Family,Shopify Direct,Northeast,1,19.99,20,19.99,0,Flash Sale,False,5
ORD-10340,2024-12-08,Chess Evolved,Strategy,Walmart,Midwest,1,23.99,20,23.99,0.0,Holiday Sale,False,
ORD-10341,2024-07-16,Speed Stacks,Party,Target,Midwest,1,12.99,0,12.99,0.0,,False,4
ORD-10342,2024-03-25,Chess Evolved,Strategy,Amazon,Southwest,1,22.49,25,22.49,0.0,Holiday Sale,False,4
ORD-10343,2024-08-23,Kiddo Kingdom,Children,Amazon,Midwest,1,17.99,0,17.99,0.0,New Release,False,4
ORD-10344,2024-01-01,Speed Stacks,Party,Target,Southwest,1,9.74,25,9.74,0.0,Holiday Sale,False,
ORD-10345,2024-04-24,Speed Stacks,Party,Amazon,West,1,9.09,30,9.09,0.0,Flash Sale,False,
ORD-10346,2024-04-23,Trivia Tornado,Party,Walmart,West,1,11.99,20,11.99,0.0,Flash Sale,True,
ORD-10347,2024-07-28,Pixel Quest,Family,Walmart,Northeast,3,17.49,30,52.47,0.0,Clearance,False,
ORD-10348,2024-06-22,Trivia Tornado,Party,Board Game Geek Store,West,1,14.99,0,14.99,0.0,New Release,False,4
ORD-10349,2024-09-12,Code Breakers,Strategy,Shopify Direct,Southeast,1,27.99,0,27.99,0,,False,
ORD-10350,2024-11-03,Kiddo Kingdom,Children,Amazon,Southwest,1,14.39,20,14.39,0.0,Holiday Sale,False,4
ORD-10351,2024-03-09,Kiddo Kingdom,Children,Target,Midwest,2,14.39,20,28.78,0.0,Flash Sale,False,
ORD-10352,2024-12-10,Pixel Quest,Family,Walmart,Southwest,1,19.99,20,19.99,0.0,Flash Sale,False,5
ORD-10353,2024-12-07,Monster Madness,Family,Target,Midwest,2,16.09,30,32.18,0.0,Clearance,False,3
ORD-10354,2024-12-09,Cosmic Blitz,Party,Target,Southwest,1,19.99,0,19.99,0.0,,False,
ORD-10355,2024-05-31,Kiddo Kingdom,Children,Amazon,Midwest,1,13.49,25,13.49,0.0,Holiday Sale,False,4
ORD-10356,2024-12-22,Monster Madness,Family,Board Game Geek Store,Southeast,3,18.39,20,55.17,0.0,Flash Sale,True,
ORD-10357,2024-08-14,Speed Stacks,Party,Target,West,1,9.74,25,9.74,0.0,Holiday Sale,False,3
ORD-10358,2024-12-15,Battle Bots Arena,Strategy,Walmart,Northeast,2,33.99,15,67.98,0.0,Bundle Deal,False,4
ORD-10359,2024-03-20,Dungeon Dash,Strategy,Board Game Geek Store,Midwest,2,29.74,15,59.48,0.0,Bundle Deal,False,2
ORD-10360,2024-12-28,Cosmic Blitz,Party,Amazon,Northeast,1,9.99,50,9.99,0.0,Clearance,False,4
ORD-10361,2024-06-18,Trivia Tornado,Party,Amazon,West,1,14.99,0,14.99,0.0,,False,4
ORD-10362,2024-11-24,Monster Madness,Family,Board Game Geek Store,West,1,22.99,0,22.99,0.0,,False,4
ORD-10363,2024-07-10,Chess Evolved,Strategy,Shopify Direct,Midwest,1,23.99,20,23.99,0,Holiday Sale,False,5
ORD-10364,2024-10-02,Monster Madness,Family,Amazon,Midwest,1,16.09,30,16.09,0.0,Clearance,False,
ORD-10365,2024-02-06,Code Breakers,Strategy,Amazon,Midwest,1,27.99,0,27.99,0.0,,False,4
ORD-10366,2024-04-26,Ocean Explorer,Children,Shopify Direct,Midwest,1,15.99,20,15.99,0,Flash Sale,False,5
ORD-10367,2024-11-12,Code Breakers,Strategy,Amazon,West,1,27.99,0,27.99,0.0,,False,
ORD-10368,2024-11-06,Speed Stacks,Party,Shopify Direct,Southeast,1,12.99,0,12.99,4.99,New Release,False,4
ORD-10369,2024-10-06,Monster Madness,Family,Amazon,Southwest,3,18.39,20,55.17,0.0,Flash Sale,False,3
ORD-10370,2024-07-20,Kiddo Kingdom,Children,Board Game Geek Store,Southeast,2,14.39,20,28.78,0.0,Flash Sale,False,
ORD-10371,2024-09-19,Cosmic Blitz,Party,Walmart,Southeast,1,19.99,0,19.99,0.0,,False,
ORD-10372,2024-10-08,Kiddo Kingdom,Children,Amazon,Northeast,1,17.99,0,17.99,0.0,New Release,False,5
ORD-10373,2024-04-30,Monster Madness,Family,Target,Southeast,2,20.69,10,41.38,0.0,Bundle Deal,False,4
ORD-10374,2024-08-07,Realm Builders,Strategy,Target,West,2,38.24,15,76.48,0.0,Bundle Deal,False,
ORD-10375,2024-09-02,Trivia Tornado,Party,Amazon,Midwest,1,14.99,0,14.99,0.0,,False,
ORD-10376,2024-04-10,Cosmic Blitz,Party,Target,Northeast,1,19.99,0,19.99,0.0,,False,
ORD-10377,2024-10-29,Cosmic Blitz,Party,Amazon,Southeast,2,19.99,0,39.98,0.0,New Release,False,4
ORD-10378,2024-05-28,Pixel Quest,Family,Shopify Direct,Northeast,1,24.99,0,24.99,4.99,,False,
ORD-10379,2024-11-10,Speed Stacks,Party,Amazon,Northeast,1,12.99,0,12.99,0.0,,False,4
ORD-10380,2024-04-28,Dungeon Dash,Strategy,Amazon,Northeast,1,24.49,30,24.49,0.0,Flash Sale,False,2
ORD-10381,2024-11-28,Code Breakers,Strategy,Shopify Direct,West,2,25.19,10,50.38,0,Bundle Deal,False,5
ORD-10382,2024-07-11,Battle Bots Arena,Strategy,Amazon,Southeast,2,27.99,30,55.98,0.0,Flash Sale,False,
ORD-10383,2024-03-12,Trivia Tornado,Party,Amazon,Midwest,1,14.99,0,14.99,0.0,,False,5
ORD-10384,2024-07-31,Speed Stacks,Party,Walmart,Midwest,1,9.74,25,9.74,0.0,Holiday Sale,False,
ORD-10385,2024-01-12,Pixel Quest,Family,Shopify Direct,Northeast,1,24.99,0,24.99,0,,False,
ORD-10386,2024-11-02,Battle Bots Arena,Strategy,Walmart,Southwest,2,35.99,10,71.98,0.0,Bundle Deal,False,
ORD-10387,2024-03-28,Cosmic Blitz,Party,Shopify Direct,Northeast,1,19.99,0,19.99,0,,False,5
ORD-10388,2024-11-01,Kiddo Kingdom,Children,Amazon,Southeast,1,13.49,25,13.49,0.0,Holiday Sale,False,4
ORD-10389,2024-03-31,Chess Evolved,Strategy,Walmart,Northeast,2,29.99,0,59.98,0.0,,False,
ORD-10390,2024-11-04,Dungeon Dash,Strategy,Board Game Geek Store,West,1,20.99,40,20.99,0.0,Clearance,False,
ORD-10391,2024-08-07,Speed Stacks,Party,Target,Southeast,1,12.99,0,12.99,0.0,,False,5
ORD-10392,2024-10-05,Trivia Tornado,Party,Amazon,West,2,14.99,0,29.98,0.0,,False,4
ORD-10393,2024-06-10,Pixel Quest,Family,Shopify Direct,Midwest,1,12.49,50,12.49,6.99,Clearance,False,
ORD-10394,2024-07-30,Kiddo Kingdom,Children,Shopify Direct,Northeast,1,17.99,0,17.99,6.99,New Release,False,5
ORD-10395,2024-12-03,Pixel Quest,Family,Amazon,West,3,24.99,0,74.97,0.0,,False,4
ORD-10396,2024-12-16,Code Breakers,Strategy,Amazon,Southwest,1,27.99,0,27.99,0.0,,False,5
ORD-10397,2024-02-15,Cosmic Blitz,Party,Amazon,Northeast,1,9.99,50,9.99,0.0,Clearance,False,5
ORD-10398,2024-03-30,Monster Madness,Family,Shopify Direct,Northeast,2,20.69,10,41.38,0,Bundle Deal,False,5
ORD-10399,2024-11-10,Dungeon Dash,Strategy,Amazon,Northeast,2,29.74,15,59.48,0.0,Bundle Deal,False,5
ORD-10400,2024-09-22,Code Breakers,Strategy,Target,Midwest,2,19.59,30,39.18,0.0,Flash Sale,False,5
ORD-10401,2024-07-25,Kiddo Kingdom,Children,Amazon,Southeast,1,17.99,0,17.99,0.0,,False,3
ORD-10402,2024-10-02,Speed Stacks,Party,Shopify Direct,West,3,12.99,0,38.97,4.99,New Release,False,
ORD-10403,2024-10-27,Speed Stacks,Party,Shopify Direct,Southeast,1,9.74,25,9.74,4.99,Holiday Sale,False,4
ORD-10404,2024-10-01,Speed Stacks,Party,Amazon,Northeast,1,10.39,20,10.39,0.0,Flash Sale,False,4
ORD-10405,2024-05-17,Cosmic Blitz,Party,Walmart,Southwest,1,16.99,15,16.99,0.0,Holiday Sale,False,
ORD-10406,2024-04-15,Speed Stacks,Party,Target,Southeast,2,12.99,0,25.98,0.0,,False,
ORD-10407,2024-12-05,Dungeon Dash,Strategy,Target,Southwest,2,24.49,30,48.98,0.0,Flash Sale,False,
ORD-10408,2024-09-08,Cosmic Blitz,Party,Walmart,Midwest,1,19.99,0,19.99,0.0,,False,
ORD-10409,2024-01-17,Chess Evolved,Strategy,Shopify Direct,West,1,29.99,0,29.99,0,,False,
ORD-10410,2024-07-13,Kiddo Kingdom,Children,Amazon,Midwest,2,16.19,10,32.38,0.0,Bundle Deal,False,
ORD-10411,2024-06-24,Chess Evolved,Strategy,Amazon,West,1,17.99,40,17.99,0.0,Clearance,False,5
ORD-10412,2024-12-17,Pixel Quest,Family,Amazon,Northeast,1,17.49,30,17.49,0.0,Clearance,False,
ORD-10413,2024-01-05,Cosmic Blitz,Party,Shopify Direct,Southwest,2,13.99,30,27.98,6.99,Flash Sale,False,
ORD-10414,2024-12-19,Pixel Quest,Family,Amazon,Southeast,2,24.99,0,49.98,0.0,,False,4
ORD-10415,2024-05-11,Trivia Tornado,Party,Shopify Direct,Southeast,1,11.24,25,11.24,0,Holiday Sale,False,5
ORD-10416,2024-05-25,Monster Madness,Family,Shopify Direct,West,2,11.49,50,22.98,6.99,Clearance,False,
ORD-10417,2024-06-21,Trivia Tornado,Party,Walmart,Southeast,3,14.99,0,44.97,0.0,,False,4
ORD-10418,2024-11-05,Monster Madness,Family,Amazon,Southeast,2,16.09,30,32.18,0.0,Flash Sale,False,1
ORD-10419,2024-12-24,Speed Stacks,Party,Amazon,Southeast,1,12.99,0,12.99,0.0,New Release,False,4
ORD-10420,2024-02-12,Monster Madness,Family,Amazon,Southwest,1,19.54,15,19.54,0.0,Holiday Sale,False,3
ORD-10421,2024-01-15,Dungeon Dash,Strategy,Amazon,Southwest,2,34.99,0,69.98,0.0,New Release,False,4
ORD-10422,2024-08-15,Ocean Explorer,Children,Shopify Direct,Midwest,1,9.99,50,9.99,0,Clearance,False,4
ORD-10423,2024-07-06,Trivia Tornado,Party,Amazon,Northeast,1,14.99,0,14.99,0.0,,False,1
ORD-10424,2024-09-01,Realm Builders,Strategy,Walmart,West,1,44.99,0,44.99,0.0,,False,5
ORD-10425,2024-08-11,Pixel Quest,Family,Walmart,Southeast,2,22.49,10,44.98,0.0,Bundle Deal,False,5
ORD-10426,2024-12-16,Cosmic Blitz,Party,Walmart,Midwest,1,16.99,15,16.99,0.0,Holiday Sale,False,5
ORD-10427,2024-11-12,Code Breakers,Strategy,Shopify Direct,Southeast,1,27.99,0,27.99,4.99,,False,3
ORD-10428,2024-04-29,Pixel Quest,Family,Amazon,Northeast,1,24.99,0,24.99,0.0,New Release,False,5
ORD-10429,2024-06-18,Speed Stacks,Party,Amazon,Southeast,1,12.99,0,12.99,0.0,New Release,False,
ORD-10430,2024-01-07,Pixel Quest,Family,Walmart,Northeast,2,24.99,0,49.98,0.0,New Release,False,
ORD-10431,2024-02-18,Chess Evolved,Strategy,Board Game Geek Store,Midwest,2,25.49,15,50.98,0.0,Bundle Deal,False,
ORD-10432,2024-10-08,Cosmic Blitz,Party,Walmart,Northeast,2,16.99,15,33.98,0.0,Holiday Sale,False,1
ORD-10433,2024-07-21,Speed Stacks,Party,Amazon,Northeast,2,12.99,0,25.98,0.0,New Release,False,5
ORD-10434,2024-05-07,Pixel Quest,Family,Walmart,Southwest,4,24.99,0,99.96,0.0,,False,
ORD-10435,2024-12-25,Pixel Quest,Family,Shopify Direct,Southeast,1,17.49,30,17.49,4.99,Flash Sale,True,
ORD-10436,2024-03-09,Dungeon Dash,Strategy,Walmart,Midwest,1,34.99,0,34.99,0.0,New Release,False,4
ORD-10437,2024-08-27,Speed Stacks,Party,Target,Midwest,1,12.99,0,12.99,0.0,,False,
ORD-10438,2024-10-04,Dungeon Dash,Strategy,Walmart,Southeast,1,34.99,0,34.99,0.0,,False,5
ORD-10439,2024-12-03,Battle Bots Arena,Strategy,Target,Northeast,1,39.99,0,39.99,0.0,,False,5
ORD-10440,2024-02-26,Monster Madness,Family,Amazon,Southwest,1,22.99,0,22.99,0.0,,False,3
ORD-10441,2024-07-17,Monster Madness,Family,Shopify Direct,West,1,18.39,20,18.39,0,Flash Sale,False,5
ORD-10442,2024-12-01,Ocean Explorer,Children,Amazon,West,1,11.99,40,11.99,0.0,Clearance,False,5
ORD-10443,2024-09-27,Pixel Quest,Family,Amazon,Southwest,3,24.99,0,74.97,0.0,,False,4
ORD-10444,2024-05-07,Kiddo Kingdom,Children,Board Game Geek Store,Midwest,1,17.99,0,17.99,0.0,,False,5
ORD-10445,2024-12-25,Speed Stacks,Party,Amazon,Northeast,1,10.39,20,10.39,0.0,Flash Sale,False,5
ORD-10446,2024-06-15,Speed Stacks,Party,Shopify Direct,Midwest,2,10.39,20,20.78,0,Flash Sale,False,5
ORD-10447,2024-05-10,Trivia Tornado,Party,Board Game Geek Store,Northeast,2,13.49,10,26.98,0.0,Bundle Deal,False,
ORD-10448,2024-06-03,Battle Bots Arena,Strategy,Amazon,Southeast,2,35.99,10,71.98,0.0,Bundle Deal,False,3
ORD-10449,2024-05-15,Kiddo Kingdom,Children,Amazon,West,1,8.99,50,8.99,0.0,Clearance,False,
ORD-10450,2024-03-29,Chess Evolved,Strategy,Target,West,2,29.99,0,59.98,0.0,,False,5
ORD-10451,2024-10-22,Speed Stacks,Party,Board Game Geek Store,Southeast,2,7.79,40,15.58,0.0,Clearance,False,5
ORD-10452,2024-01-06,Monster Madness,Family,Walmart,Northeast,1,18.39,20,18.39,0.0,Flash Sale,False,
ORD-10453,2024-03-19,Code Breakers,Strategy,Shopify Direct,Southeast,1,27.99,0,27.99,4.99,,False,
ORD-10454,2024-03-16,Pixel Quest,Family,Shopify Direct,Northeast,1,24.99,0,24.99,0,,False,
ORD-10455,2024-09-03,Kiddo Kingdom,Children,Shopify Direct,Midwest,1,15.29,15,15.29,0,Holiday Sale,False,5
ORD-10456,2024-10-21,Monster Madness,Family,Shopify Direct,Southeast,1,22.99,0,22.99,6.99,,False,5
ORD-10457,2024-08-13,Dungeon Dash,Strategy,Target,Northeast,1,34.99,0,34.99,0.0,,False,5
ORD-10458,2024-05-27,Dungeon Dash,Strategy,Walmart,Northeast,1,34.99,0,34.99,0.0,,False,
ORD-10459,2024-04-18,Chess Evolved,Strategy,Amazon,Midwest,2,29.99,0,59.98,0.0,,False,
ORD-10460,2024-12-05,Kiddo Kingdom,Children,Amazon,Northeast,2,16.19,10,32.38,0.0,Bundle Deal,False,
ORD-10461,2024-05-18,Monster Madness,Family,Target,Southeast,2,19.54,15,39.08,0.0,Bundle Deal,False,5
ORD-10462,2024-09-05,Speed Stacks,Party,Shopify Direct,Northeast,1,12.99,0,12.99,0,New Release,False,4
ORD-10463,2024-09-28,Chess Evolved,Strategy,Walmart,Northeast,1,20.99,30,20.99,0.0,Flash Sale,False,
ORD-10464,2024-09-13,Dungeon Dash,Strategy,Amazon,Southeast,4,34.99,0,139.96,0.0,,False,
ORD-10465,2024-04-25,Ocean Explorer,Children,Walmart,Northeast,1,15.99,20,15.99,0.0,Holiday Sale,False,5
ORD-10466,2024-11-05,Kiddo Kingdom,Children,Amazon,Northeast,1,15.29,15,15.29,0.0,Holiday Sale,False,
ORD-10467,2024-08-08,Battle Bots Arena,Strategy,Board Game Geek Store,Northeast,3,39.99,0,119.97,0.0,,False,5
ORD-10468,2024-03-01,Speed Stacks,Party,Amazon,Northeast,1,7.79,40,7.79,0.0,Clearance,False,
ORD-10469,2024-05-20,Pixel Quest,Family,Amazon,Northeast,2,22.49,10,44.98,0.0,Bundle Deal,False,1
ORD-10470,2024-09-01,Pixel Quest,Family,Target,Midwest,1,24.99,0,24.99,0.0,,False,3
ORD-10471,2024-04-08,Trivia Tornado,Party,Board Game Geek Store,Southwest,3,11.24,25,33.72,0.0,Holiday Sale,False,4
ORD-10472,2024-08-12,Speed Stacks,Party,Shopify Direct,Southeast,1,10.39,20,10.39,0,Holiday Sale,False,
ORD-10473,2024-07-20,Kiddo Kingdom,Children,Walmart,Midwest,1,17.99,0,17.99,0.0,,False,5
ORD-10474,2024-05-05,Chess Evolved,Strategy,Shopify Direct,West,1,29.99,0,29.99,4.99,,False,4
ORD-10475,2024-08-04,Realm Builders,Strategy,Target,West,3,44.99,0,134.97,0.0,New Release,False,5
ORD-10476,2024-02-27,Kiddo Kingdom,Children,Target,Midwest,1,12.59,30,12.59,0.0,Flash Sale,True,
ORD-10477,2024-12-30,Speed Stacks,Party,Amazon,Southeast,1,12.99,0,12.99,0.0,,False,3
ORD-10478,2024-02-13,Kiddo Kingdom,Children,Shopify Direct,West,1,17.99,0,17.99,0,,False,3
ORD-10479,2024-12-03,Speed Stacks,Party,Amazon,Northeast,2,12.99,0,25.98,0.0,,False,5
ORD-10480,2024-08-16,Cosmic Blitz,Party,Target,Southwest,2,17.99,10,35.98,0.0,Bundle Deal,False,
ORD-10481,2024-11-07,Speed Stacks,Party,Amazon,Midwest,1,7.79,40,7.79,0.0,Clearance,False,
ORD-10482,2024-05-22,Monster Madness,Family,Shopify Direct,West,1,22.99,0,22.99,0,,False,5
ORD-10483,2024-12-07,Kiddo Kingdom,Children,Amazon,Northeast,1,17.99,0,17.99,0.0,,False,5
ORD-10484,2024-12-24,Speed Stacks,Party,Amazon,Midwest,1,12.99,0,12.99,0.0,,False,4
ORD-10485,2024-08-06,Speed Stacks,Party,Amazon,Midwest,2,11.04,15,22.08,0.0,Bundle Deal,False,5
ORD-10486,2024-11-09,Kiddo Kingdom,Children,Board Game Geek Store,Midwest,2,15.29,15,30.58,0.0,Bundle Deal,False,4
ORD-10487,2024-11-15,Pixel Quest,Family,Shopify Direct,Midwest,1,24.99,0,24.99,4.99,New Release,False,4
ORD-10488,2024-04-09,Dungeon Dash,Strategy,Walmart,Northeast,2,20.99,40,41.98,0.0,Clearance,True,
ORD-10489,2024-11-22,Monster Madness,Family,Walmart,Southeast,2,19.54,15,39.08,0.0,Bundle Deal,False,4
ORD-10490,2024-11-11,Battle Bots Arena,Strategy,Target,Northeast,2,39.99,0,79.98,0.0,New Release,False,
ORD-10491,2024-11-26,Pixel Quest,Family,Shopify Direct,West,2,24.99,0,49.98,0,New Release,False,4
ORD-10492,2024-06-10,Kiddo Kingdom,Children,Amazon,Midwest,1,14.39,20,14.39,0.0,Flash Sale,False,2
ORD-10493,2024-03-25,Kiddo Kingdom,Children,Shopify Direct,Midwest,2,15.29,15,30.58,0,Bundle Deal,False,5
ORD-10494,2024-06-03,Cosmic Blitz,Party,Amazon,Northeast,2,16.99,15,33.98,0.0,Holiday Sale,False,4
ORD-10495,2024-09-13,Realm Builders,Strategy,Shopify Direct,Southwest,1,35.99,20,35.99,0,Flash Sale,False,
ORD-10496,2024-12-12,Cosmic Blitz,Party,Amazon,Southeast,2,19.99,0,39.98,0.0,,True,
ORD-10497,2024-12-17,Speed Stacks,Party,Amazon,Southwest,2,11.69,10,23.38,0.0,Bundle Deal,False,5
ORD-10498,2024-06-13,Cosmic Blitz,Party,Shopify Direct,West,2,17.99,10,35.98,4.99,Bundle Deal,False,5
ORD-10499,2024-09-20,Kiddo Kingdom,Children,Shopify Direct,Southeast,3,16.19,10,48.57,4.99,Bundle Deal,False,
ORD-10500,2024-01-26,Pixel Quest,Family,Shopify Direct,West,1,24.99,0,24.99,0,,False,5
ORD-10501,2024-12-19,Code Breakers,Strategy,Walmart,Southeast,2,27.99,0,55.98,0.0,,False,
ORD-10502,2024-02-17,Speed Stacks,Party,Target,Midwest,1,12.99,0,12.99,0.0,New Release,False,
ORD-10503,2024-11-11,Cosmic Blitz,Party,Amazon,Northeast,3,13.99,30,41.97,0.0,Flash Sale,False,4
ORD-10504,2024-03-28,Cosmic Blitz,Party,Amazon,Midwest,1,9.99,50,9.99,0.0,Clearance,False,5
ORD-10505,2024-07-24,Kiddo Kingdom,Children,Amazon,Northeast,1,17.99,0,17.99,0.0,New Release,False,5
ORD-10506,2024-10-29,Battle Bots Arena,Strategy,Shopify Direct,Southeast,1,39.99,0,39.99,0,,False,
ORD-10507,2024-09-06,Kiddo Kingdom,Children,Amazon,Northeast,2,15.29,15,30.58,0.0,Bundle Deal,False,5
ORD-10508,2024-07-13,Monster Madness,Family,Amazon,Northeast,1,22.99,0,22.99,0.0,,False,
ORD-10509,2024-07-18,Monster Madness,Family,Shopify Direct,Northeast,2,19.54,15,39.08,0,Bundle Deal,False,
ORD-10510,2024-11-09,Battle Bots Arena,Strategy,Shopify Direct,Northeast,1,31.99,20,31.99,0,Flash Sale,False,
ORD-10511,2024-07-02,Cosmic Blitz,Party,Amazon,Southeast,1,13.99,30,13.99,0.0,Flash Sale,False,4
ORD-10512,2024-04-06,Kiddo Kingdom,Children,Target,Southeast,2,16.19,10,32.38,0.0,Bundle Deal,False,1
ORD-10513,2024-03-10,Pixel Quest,Family,Walmart,Southeast,1,12.49,50,12.49,0.0,Clearance,False,5
ORD-10514,2024-08-18,Cosmic Blitz,Party,Shopify Direct,Northeast,1,14.99,25,14.99,0,Holiday Sale,False,
ORD-10515,2024-10-22,Battle Bots Arena,Strategy,Shopify Direct,West,1,39.99,0,39.99,0,New Release,False,
ORD-10516,2024-02-10,Chess Evolved,Strategy,Walmart,Northeast,1,29.99,0,29.99,0.0,,False,5
ORD-10517,2024-11-09,Trivia Tornado,Party,Walmart,Midwest,1,14.99,0,14.99,0.0,New Release,False,4
ORD-10518,2024-05-30,Dungeon Dash,Strategy,Board Game Geek Store,West,2,31.49,10,62.98,0.0,Bundle Deal,False,5
ORD-10519,2024-12-02,Speed Stacks,Party,Walmart,Southeast,1,12.99,0,12.99,0.0,,False,3
ORD-10520,2024-05-23,Cosmic Blitz,Party,Walmart,Midwest,3,19.99,0,59.97,0.0,,False,3
ORD-10521,2024-12-24,Cosmic Blitz,Party,Shopify Direct,Northeast,4,19.99,0,79.96,0,,False,4
ORD-10522,2024-05-01,Monster Madness,Family,Walmart,Northeast,1,18.39,20,18.39,0.0,Flash Sale,False,
ORD-10523,2024-02-29,Chess Evolved,Strategy,Shopify Direct,Midwest,3,23.99,20,71.97,0,Holiday Sale,False,5
ORD-10524,2024-01-07,Speed Stacks,Party,Shopify Direct,Southeast,1,12.99,0,12.99,0,,False,
ORD-10525,2024-11-29,Speed Stacks,Party,Amazon,Southeast,1,7.79,40,7.79,0.0,Clearance,False,
ORD-10526,2024-12-10,Cosmic Blitz,Party,Amazon,West,1,19.99,0,19.99,0.0,,False,
ORD-10527,2024-09-25,Pixel Quest,Family,Shopify Direct,Northeast,1,21.24,15,21.24,0,Holiday Sale,False,5
ORD-10528,2024-11-22,Pixel Quest,Family,Board Game Geek Store,Northeast,1,12.49,50,12.49,0.0,Clearance,False,
ORD-10529,2024-12-22,Cosmic Blitz,Party,Amazon,Midwest,1,19.99,0,19.99,0.0,New Release,False,4
ORD-10530,2024-12-07,Realm Builders,Strategy,Amazon,Northeast,2,26.99,40,53.98,0.0,Clearance,False,5
ORD-10531,2024-05-15,Pixel Quest,Family,Board Game Geek Store,Northeast,1,24.99,0,24.99,0.0,New Release,False,4
ORD-10532,2024-11-10,Ocean Explorer,Children,Walmart,Northeast,2,16.99,15,33.98,0.0,Bundle Deal,True,
ORD-10533,2024-11-30,Ocean Explorer,Children,Walmart,Southeast,2,9.99,50,19.98,0.0,Clearance,True,
ORD-10534,2024-07-25,Speed Stacks,Party,Target,West,1,12.99,0,12.99,0.0,,False,
ORD-10535,2024-09-03,Kiddo Kingdom,Children,Board Game Geek Store,Southeast,1,17.99,0,17.99,0.0,,False,
ORD-10536,2024-06-23,Pixel Quest,Family,Shopify Direct,West,1,24.99,0,24.99,0,,True,
ORD-10537,2024-04-07,Trivia Tornado,Party,Amazon,West,1,14.99,0,14.99,0.0,New Release,False,3
ORD-10538,2024-10-30,Trivia Tornado,Party,Target,Midwest,1,14.99,0,14.99,0.0,New Release,False,4
ORD-10539,2024-01-22,Trivia Tornado,Party,Amazon,Midwest,1,14.99,0,14.99,0.0,,False,2
ORD-10540,2024-01-10,Chess Evolved,Strategy,Target,Northeast,2,29.99,0,59.98,0.0,,True,
ORD-10541,2024-02-19,Trivia Tornado,Party,Amazon,Midwest,2,14.99,0,29.98,0.0,,False,5
ORD-10542,2024-08-06,Realm Builders,Strategy,Target,West,1,44.99,0,44.99,0.0,,False,3
ORD-10543,2024-10-30,Cosmic Blitz,Party,Amazon,Southeast,2,19.99,0,39.98,0.0,,False,4
ORD-10544,2024-10-24,Pixel Quest,Family,Target,Midwest,2,24.99,0,49.98,0.0,,False,1
ORD-10545,2024-10-30,Speed Stacks,Party,Shopify Direct,West,2,12.99,0,25.98,4.99,,False,4
ORD-10546,2024-11-08,Code Breakers,Strategy,Shopify Direct,West,1,27.99,0,27.99,6.99,,False,4
ORD-10547,2024-02-18,Monster Madness,Family,Target,Southwest,1,22.99,0,22.99,0.0,New Release,False,
ORD-10548,2024-05-21,Pixel Quest,Family,Amazon,West,3,24.99,0,74.97,0.0,New Release,False,
ORD-10549,2024-01-23,Trivia Tornado,Party,Amazon,Southeast,1,14.99,0,14.99,0.0,New Release,True,
ORD-10550,2024-10-02,Speed Stacks,Party,Shopify Direct,Northeast,2,12.99,0,25.98,0,New Release,False,5
ORD-10551,2024-06-15,Pixel Quest,Family,Amazon,Northeast,1,19.99,20,19.99,0.0,Holiday Sale,False,5
ORD-10552,2024-03-15,Cosmic Blitz,Party,Walmart,Northeast,1,19.99,0,19.99,0.0,New Release,False,
ORD-10553,2024-05-18,Pixel Quest,Family,Walmart,Northeast,1,24.99,0,24.99,0.0,New Release,False,4
ORD-10554,2024-11-22,Ocean Explorer,Children,Target,Midwest,1,16.99,15,16.99,0.0,Holiday Sale,False,5
ORD-10555,2024-08-24,Cosmic Blitz,Party,Walmart,West,1,13.99,30,13.99,0.0,Flash Sale,False,
ORD-10556,2024-10-20,Ocean Explorer,Children,Shopify Direct,Northeast,4,19.99,0,79.96,0,,False,5
ORD-10557,2024-05-03,Pixel Quest,Family,Walmart,West,1,21.24,15,21.24,0.0,Holiday Sale,False,5
ORD-10558,2024-06-05,Pixel Quest,Family,Shopify Direct,Midwest,1,24.99,0,24.99,0,New Release,False,
ORD-10559,2024-07-26,Speed Stacks,Party,Walmart,West,1,12.99,0,12.99,0.0,,False,
ORD-10560,2024-09-28,Trivia Tornado,Party,Amazon,Southwest,1,11.24,25,11.24,0.0,Holiday Sale,False,
ORD-10561,2024-12-11,Trivia Tornado,Party,Amazon,Southeast,1,14.99,0,14.99,0.0,,False,5
ORD-10562,2024-04-14,Pixel Quest,Family,Amazon,Midwest,1,18.74,25,18.74,0.0,Holiday Sale,False,5
ORD-10563,2024-05-21,Dungeon Dash,Strategy,Amazon,Midwest,1,34.99,0,34.99,0.0,,False,5
ORD-10564,2024-07-07,Speed Stacks,Party,Board Game Geek Store,West,3,12.99,0,38.97,0.0,,False,
ORD-10565,2024-02-14,Ocean Explorer,Children,Amazon,Southwest,2,17.99,10,35.98,0.0,Bundle Deal,False,5
ORD-10566,2024-01-12,Cosmic Blitz,Party,Board Game Geek Store,Midwest,1,13.99,30,13.99,0.0,Flash Sale,False,
ORD-10567,2024-05-29,Dungeon Dash,Strategy,Target,West,1,24.49,30,24.49,0.0,Flash Sale,False,
ORD-10568,2024-12-06,Code Breakers,Strategy,Target,Southeast,1,27.99,0,27.99,0.0,,False,5
ORD-10569,2024-05-27,Speed Stacks,Party,Amazon,Southeast,1,12.99,0,12.99,0.0,,False,4
ORD-10570,2024-12-28,Code Breakers,Strategy,Walmart,Northeast,1,27.99,0,27.99,0.0,,False,4
ORD-10571,2024-07-08,Kiddo Kingdom,Children,Amazon,Southeast,1,12.59,30,12.59,0.0,Flash Sale,False,4
ORD-10572,2024-09-12,Speed Stacks,Party,Board Game Geek Store,Southwest,1,9.09,30,9.09,0.0,Flash Sale,False,5
ORD-10573,2024-10-16,Code Breakers,Strategy,Board Game Geek Store,Southeast,1,27.99,0,27.99,0.0,New Release,False,5
ORD-10574,2024-06-06,Monster Madness,Family,Amazon,Southeast,1,17.24,25,17.24,0.0,Holiday Sale,False,
ORD-10575,2024-05-22,Pixel Quest,Family,Target,West,3,17.49,30,52.47,0.0,Clearance,False,
ORD-10576,2024-12-07,Trivia Tornado,Party,Amazon,West,1,11.99,20,11.99,0.0,Flash Sale,False,5
ORD-10577,2024-10-14,Code Breakers,Strategy,Shopify Direct,Southwest,2,25.19,10,50.38,0,Bundle Deal,False,5
ORD-10578,2024-11-02,Cosmic Blitz,Party,Shopify Direct,West,4,19.99,0,79.96,0,,False,4
ORD-10579,2024-05-19,Kiddo Kingdom,Children,Walmart,West,1,17.99,0,17.99,0.0,,False,4
ORD-10580,2024-06-04,Chess Evolved,Strategy,Walmart,Northeast,2,29.99,0,59.98,0.0,,False,
ORD-10581,2024-11-21,Monster Madness,Family,Target,Southeast,1,19.54,15,19.54,0.0,Holiday Sale,False,5
ORD-10582,2024-07-04,Kiddo Kingdom,Children,Shopify Direct,West,1,17.99,0,17.99,0,New Release,False,
ORD-10583,2024-03-24,Kiddo Kingdom,Children,Amazon,Midwest,1,14.39,20,14.39,0.0,Flash Sale,False,5
ORD-10584,2024-07-01,Cosmic Blitz,Party,Walmart,Northeast,1,19.99,0,19.99,0.0,,False,3
ORD-10585,2024-12-16,Speed Stacks,Party,Amazon,West,1,10.39,20,10.39,0.0,Flash Sale,True,
ORD-10586,2024-07-29,Realm Builders,Strategy,Target,Northeast,1,38.24,15,38.24,0.0,Holiday Sale,False,5
ORD-10587,2024-12-30,Kiddo Kingdom,Children,Walmart,Northeast,1,17.99,0,17.99,0.0,,False,1
ORD-10588,2024-06-27,Trivia Tornado,Party,Target,Southwest,1,11.99,20,11.99,0.0,Flash Sale,False,5
ORD-10589,2024-04-23,Code Breakers,Strategy,Walmart,Southeast,1,27.99,0,27.99,0.0,,False,
ORD-10590,2024-02-27,Speed Stacks,Party,Walmart,Northeast,1,12.99,0,12.99,0.0,,False,
ORD-10591,2024-01-23,Monster Madness,Family,Walmart,West,3,17.24,25,51.72,0.0,Holiday Sale,False,4
ORD-10592,2024-02-16,Code Breakers,Strategy,Amazon,Midwest,1,20.99,25,20.99,0.0,Holiday Sale,False,5
ORD-10593,2024-04-08,Battle Bots Arena,Strategy,Amazon,West,1,39.99,0,39.99,0.0,,False,
ORD-10594,2024-12-28,Code Breakers,Strategy,Amazon,West,1,19.59,30,19.59,0.0,Flash Sale,False,4
ORD-10595,2024-06-09,Pixel Quest,Family,Amazon,West,2,24.99,0,49.98,0.0,,False,4
ORD-10596,2024-06-08,Monster Madness,Family,Target,Northeast,1,16.09,30,16.09,0.0,Clearance,False,
ORD-10597,2024-07-07,Cosmic Blitz,Party,Board Game Geek Store,Midwest,1,19.99,0,19.99,0.0,New Release,False,
ORD-10598,2024-03-02,Trivia Tornado,Party,Shopify Direct,Northeast,3,14.99,0,44.97,0,,False,4
ORD-10599,2024-07-25,Speed Stacks,Party,Walmart,Southeast,2,11.04,15,22.08,0.0,Bundle Deal,False,
ORD-10600,2024-09-18,Cosmic Blitz,Party,Walmart,Northeast,1,19.99,0,19.99,0.0,New Release,False,
ORD-10601,2024-01-16,Dungeon Dash,Strategy,Amazon,West,3,17.5,50,52.5,0.0,Clearance,False,5
ORD-10602,2024-12-04,Speed Stacks,Party,Walmart,West,1,12.99,0,12.99,0.0,New Release,False,4
ORD-10603,2024-10-03,Ocean Explorer,Children,Amazon,Southeast,3,11.99,40,35.97,0.0,Clearance,False,4
ORD-10604,2024-01-17,Monster Madness,Family,Walmart,Southwest,1,16.09,30,16.09,0.0,Clearance,False,5
ORD-10605,2024-12-03,Kiddo Kingdom,Children,Shopify Direct,Midwest,1,17.99,0,17.99,0,,False,5
ORD-10606,2024-06-29,Speed Stacks,Party,Amazon,Northeast,1,12.99,0,12.99,0.0,,False,5
ORD-10607,2024-11-16,Trivia Tornado,Party,Amazon,Southeast,1,11.99,20,11.99,0.0,Flash Sale,False,5
ORD-10608,2024-10-30,Monster Madness,Family,Target,Northeast,1,18.39,20,18.39,0.0,Flash Sale,False,
ORD-10609,2024-10-17,Trivia Tornado,Party,Amazon,Midwest,1,10.49,30,10.49,0.0,Flash Sale,False,3
ORD-10610,2024-09-07,Monster Madness,Family,Amazon,Midwest,2,18.39,20,36.78,0.0,Flash Sale,False,4
ORD-10611,2024-02-08,Speed Stacks,Party,Shopify Direct,Southeast,1,9.09,30,9.09,0,Clearance,False,5
ORD-10612,2024-05-19,Pixel Quest,Family,Target,Midwest,1,24.99,0,24.99,0.0,,False,5
ORD-10613,2024-06-09,Cosmic Blitz,Party,Shopify Direct,Midwest,1,19.99,0,19.99,0,,False,3
ORD-10614,2024-09-12,Battle Bots Arena,Strategy,Walmart,Midwest,3,20.0,50,60.0,0.0,Clearance,False,4
ORD-10615,2024-08-24,Pixel Quest,Family,Walmart,Southeast,1,19.99,20,19.99,0.0,Flash Sale,False,
ORD-10616,2024-11-26,Pixel Quest,Family,Walmart,Northeast,1,24.99,0,24.99,0.0,,False,5
ORD-10617,2024-08-11,Trivia Tornado,Party,Target,Northeast,1,14.99,0,14.99,0.0,,False,
ORD-10618,2024-12-03,Monster Madness,Family,Amazon,West,2,22.99,0,45.98,0.0,,False,5
ORD-10619,2024-07-27,Ocean Explorer,Children,Walmart,Southwest,1,19.99,0,19.99,0.0,,False,4
ORD-10620,2024-10-24,Ocean Explorer,Children,Board Game Geek Store,Southeast,2,14.99,25,29.98,0.0,Holiday Sale,False,
ORD-10621,2024-07-18,Speed Stacks,Party,Walmart,Southwest,1,12.99,0,12.99,0.0,,False,
ORD-10622,2024-08-13,Speed Stacks,Party,Amazon,Midwest,1,12.99,0,12.99,0.0,,False,5
ORD-10623,2024-03-15,Trivia Tornado,Party,Walmart,West,1,14.99,0,14.99,0.0,,False,
ORD-10624,2024-12-09,Cosmic Blitz,Party,Shopify Direct,Southeast,3,15.99,20,47.97,0,Flash Sale,False,
ORD-10625,2024-07-17,Battle Bots Arena,Strategy,Board Game Geek Store,Southwest,1,31.99,20,31.99,0.0,Holiday Sale,False,
ORD-10626,2024-11-25,Trivia Tornado,Party,Amazon,West,2,14.99,0,29.98,0.0,New Release,False,5
ORD-10627,2024-02-21,Speed Stacks,Party,Walmart,Midwest,1,9.09,30,9.09,0.0,Flash Sale,False,
ORD-10628,2024-11-24,Monster Madness,Family,Target,Northeast,2,19.54,15,39.08,0.0,Bundle Deal,False,4
ORD-10629,2024-12-31,Speed Stacks,Party,Walmart,West,1,9.09,30,9.09,0.0,Flash Sale,False,
ORD-10630,2024-05-13,Kiddo Kingdom,Children,Amazon,Southeast,1,14.39,20,14.39,0.0,Flash Sale,False,5
ORD-10631,2024-10-19,Ocean Explorer,Children,Board Game Geek Store,Midwest,1,19.99,0,19.99,0.0,,False,5
ORD-10632,2024-03-27,Monster Madness,Family,Walmart,Northeast,3,22.99,0,68.97,0.0,,False,5
ORD-10633,2024-08-20,Speed Stacks,Party,Shopify Direct,Northeast,2,11.04,15,22.08,0,Bundle Deal,False,4
ORD-10634,2024-05-24,Code Breakers,Strategy,Amazon,Northeast,2,27.99,0,55.98,0.0,,False,5
ORD-10635,2024-05-07,Monster Madness,Family,Shopify Direct,Northeast,1,16.09,30,16.09,4.99,Flash Sale,False,
ORD-10636,2024-11-01,Pixel Quest,Family,Amazon,Southeast,1,19.99,20,19.99,0.0,Flash Sale,True,
ORD-10637,2024-07-14,Trivia Tornado,Party,Amazon,Southwest,1,14.99,0,14.99,0.0,,False,5
ORD-10638,2024-08-27,Realm Builders,Strategy,Shopify Direct,Northeast,1,44.99,0,44.99,4.99,,False,
ORD-10639,2024-08-08,Cosmic Blitz,Party,Target,Midwest,2,16.99,15,33.98,0.0,Bundle Deal,False,5
ORD-10640,2024-03-18,Kiddo Kingdom,Children,Board Game Geek Store,Midwest,1,15.29,15,15.29,0.0,Holiday Sale,False,4
ORD-10641,2024-08-11,Pixel Quest,Family,Target,Midwest,1,24.99,0,24.99,0.0,New Release,False,5
ORD-10642,2024-03-16,Pixel Quest,Family,Target,Northeast,2,22.49,10,44.98,0.0,Bundle Deal,False,
ORD-10643,2024-04-02,Trivia Tornado,Party,Amazon,West,1,11.99,20,11.99,0.0,Flash Sale,False,
ORD-10644,2024-10-29,Ocean Explorer,Children,Amazon,Southeast,1,19.99,0,19.99,0.0,New Release,False,
ORD-10645,2024-05-17,Kiddo Kingdom,Children,Amazon,Southwest,1,17.99,0,17.99,0.0,New Release,False,
ORD-10646,2024-10-18,Speed Stacks,Party,Target,Southeast,2,12.99,0,25.98,0.0,,False,
ORD-10647,2024-04-01,Cosmic Blitz,Party,Walmart,Southeast,1,16.99,15,16.99,0.0,Holiday Sale,False,5
ORD-10648,2024-11-30,Realm Builders,Strategy,Target,West,3,44.99,0,134.97,0.0,,False,4
ORD-10649,2024-07-17,Chess Evolved,Strategy,Shopify Direct,Southeast,2,23.99,20,47.98,0,Flash Sale,False,4
ORD-10650,2024-11-27,Monster Madness,Family,Amazon,Midwest,1,22.99,0,22.99,0.0,,False,5
ORD-10651,2024-09-01,Battle Bots Arena,Strategy,Walmart,Southeast,1,23.99,40,23.99,0.0,Clearance,False,5
ORD-10652,2024-09-19,Trivia Tornado,Party,Amazon,Midwest,2,12.74,15,25.48,0.0,Bundle Deal,False,4
ORD-10653,2024-08-24,Cosmic Blitz,Party,Amazon,Southeast,2,16.99,15,33.98,0.0,Bundle Deal,False,5
ORD-10654,2024-06-23,Battle Bots Arena,Strategy,Target,Northeast,2,35.99,10,71.98,0.0,Bundle Deal,False,4
ORD-10655,2024-01-07,Chess Evolved,Strategy,Walmart,West,3,29.99,0,89.97,0.0,New Release,False,
ORD-10656,2024-11-11,Monster Madness,Family,Walmart,Southeast,1,22.99,0,22.99,0.0,,False,5
ORD-10657,2024-12-22,Speed Stacks,Party,Amazon,Midwest,1,6.5,50,6.5,0.0,Clearance,False,3
ORD-10658,2024-08-25,Trivia Tornado,Party,Amazon,Southwest,2,14.99,0,29.98,0.0,New Release,False,5
ORD-10659,2024-10-26,Realm Builders,Strategy,Target,Southeast,1,44.99,0,44.99,0.0,,False,
ORD-10660,2024-10-23,Kiddo Kingdom,Children,Shopify Direct,Southeast,1,17.99,0,17.99,0,New Release,False,
ORD-10661,2024-12-13,Speed Stacks,Party,Amazon,Northeast,1,10.39,20,10.39,0.0,Flash Sale,False,
ORD-10662,2024-08-30,Monster Madness,Family,Walmart,Southeast,1,22.99,0,22.99,0.0,,False,4
ORD-10663,2024-10-27,Ocean Explorer,Children,Amazon,Midwest,2,19.99,0,39.98,0.0,New Release,False,5
ORD-10664,2024-12-10,Monster Madness,Family,Amazon,Midwest,3,22.99,0,68.97,0.0,,False,5
ORD-10665,2024-12-07,Cosmic Blitz,Party,Amazon,Midwest,2,19.99,0,39.98,0.0,New Release,False,2
ORD-10666,2024-05-13,Trivia Tornado,Party,Amazon,West,2,14.99,0,29.98,0.0,,False,3
ORD-10667,2024-04-26,Cosmic Blitz,Party,Amazon,Southeast,1,19.99,0,19.99,0.0,,False,5
ORD-10668,2024-12-19,Kiddo Kingdom,Children,Amazon,Northeast,3,17.99,0,53.97,0.0,New Release,False,
ORD-10669,2024-11-08,Speed Stacks,Party,Board Game Geek Store,West,1,12.99,0,12.99,0.0,,False,4
ORD-10670,2024-07-04,Cosmic Blitz,Party,Shopify Direct,Midwest,2,19.99,0,39.98,4.99,,False,3
ORD-10671,2024-07-31,Speed Stacks,Party,Amazon,West,2,11.69,10,23.38,0.0,Bundle Deal,False,5
ORD-10672,2024-05-05,Pixel Quest,Family,Walmart,Southeast,1,14.99,40,14.99,0.0,Clearance,False,
ORD-10673,2024-07-04,Ocean Explorer,Children,Shopify Direct,West,2,19.99,0,39.98,0,,False,5
ORD-10674,2024-08-10,Speed Stacks,Party,Walmart,Midwest,3,12.99,0,38.97,0.0,,False,
ORD-10675,2024-12-04,Battle Bots Arena,Strategy,Shopify Direct,Southwest,2,33.99,15,67.98,6.99,Bundle Deal,True,
ORD-10676,2024-03-16,Code Breakers,Strategy,Shopify Direct,Northeast,1,27.99,0,27.99,6.99,New Release,False,
ORD-10677,2024-06-03,Pixel Quest,Family,Shopify Direct,Southeast,2,24.99,0,49.98,0,,False,3
ORD-10678,2024-10-09,Trivia Tornado,Party,Walmart,Northeast,2,13.49,10,26.98,0.0,Bundle Deal,False,4
ORD-10679,2024-09-15,Dungeon Dash,Strategy,Amazon,Midwest,1,34.99,0,34.99,0.0,,False,
ORD-10680,2024-08-17,Code Breakers,Strategy,Shopify Direct,Southwest,2,22.39,20,44.78,6.99,Holiday Sale,False,
ORD-10681,2024-12-31,Trivia Tornado,Party,Walmart,Northeast,1,11.99,20,11.99,0.0,Holiday Sale,False,4
ORD-10682,2024-07-29,Dungeon Dash,Strategy,Target,Midwest,1,24.49,30,24.49,0.0,Flash Sale,False,4
ORD-10683,2024-11-21,Trivia Tornado,Party,Shopify Direct,Southwest,1,10.49,30,10.49,4.99,Clearance,False,4
ORD-10684,2024-12-26,Kiddo Kingdom,Children,Walmart,Midwest,1,17.99,0,17.99,0.0,,False,5
ORD-10685,2024-02-26,Pixel Quest,Family,Shopify Direct,Northeast,1,17.49,30,17.49,6.99,Flash Sale,False,5
ORD-10686,2024-08-03,Dungeon Dash,Strategy,Target,Southwest,1,34.99,0,34.99,0.0,New Release,True,
ORD-10687,2024-08-01,Chess Evolved,Strategy,Amazon,Midwest,1,17.99,40,17.99,0.0,Clearance,False,
ORD-10688,2024-09-15,Monster Madness,Family,Walmart,Midwest,1,18.39,20,18.39,0.0,Flash Sale,False,
ORD-10689,2024-07-28,Ocean Explorer,Children,Amazon,Northeast,1,19.99,0,19.99,0.0,New Release,False,
ORD-10690,2024-10-19,Monster Madness,Family,Walmart,Southeast,1,22.99,0,22.99,0.0,,False,
ORD-10691,2024-10-18,Chess Evolved,Strategy,Walmart,Midwest,1,29.99,0,29.99,0.0,,False,4
ORD-10692,2024-12-27,Kiddo Kingdom,Children,Amazon,Midwest,1,17.99,0,17.99,0.0,,False,
ORD-10693,2024-06-23,Trivia Tornado,Party,Target,Southeast,1,14.99,0,14.99,0.0,,False,4
ORD-10694,2024-04-03,Pixel Quest,Family,Amazon,Southeast,1,19.99,20,19.99,0.0,Flash Sale,True,
ORD-10695,2024-07-18,Pixel Quest,Family,Target,Southeast,3,24.99,0,74.97,0.0,,False,5
ORD-10696,2024-09-15,Trivia Tornado,Party,Amazon,Northeast,1,10.49,30,10.49,0.0,Clearance,False,4
ORD-10697,2024-01-10,Battle Bots Arena,Strategy,Walmart,Northeast,1,39.99,0,39.99,0.0,,False,3
ORD-10698,2024-11-21,Speed Stacks,Party,Amazon,Midwest,1,9.74,25,9.74,0.0,Holiday Sale,False,
ORD-10699,2024-10-11,Dungeon Dash,Strategy,Shopify Direct,West,1,34.99,0,34.99,0,,False,
ORD-10700,2024-12-14,Trivia Tornado,Party,Amazon,Midwest,2,13.49,10,26.98,0.0,Bundle Deal,False,2
ORD-10701,2024-03-03,Speed Stacks,Party,Walmart,Southwest,2,9.74,25,19.48,0.0,Holiday Sale,False,
ORD-10702,2024-12-15,Monster Madness,Family,Board Game Geek Store,West,1,16.09,30,16.09,0.0,Flash Sale,False,
ORD-10703,2024-06-17,Code Breakers,Strategy,Walmart,Northeast,1,27.99,0,27.99,0.0,,False,5
ORD-10704,2024-12-26,Trivia Tornado,Party,Amazon,Southwest,1,14.99,0,14.99,0.0,,False,
ORD-10705,2024-06-29,Battle Bots Arena,Strategy,Amazon,Midwest,1,39.99,0,39.99,0.0,,False,3
ORD-10706,2024-01-05,Dungeon Dash,Strategy,Amazon,Southwest,1,34.99,0,34.99,0.0,,False,
ORD-10707,2024-04-23,Chess Evolved,Strategy,Amazon,Southeast,3,25.49,15,76.47,0.0,Holiday Sale,False,
ORD-10708,2024-07-21,Cosmic Blitz,Party,Shopify Direct,Northeast,1,19.99,0,19.99,0,,False,
ORD-10709,2024-03-06,Kiddo Kingdom,Children,Amazon,Midwest,2,13.49,25,26.98,0.0,Holiday Sale,True,
ORD-10710,2024-12-13,Cosmic Blitz,Party,Shopify Direct,Midwest,3,19.99,0,59.97,6.99,,False,
ORD-10711,2024-05-20,Chess Evolved,Strategy,Shopify Direct,Midwest,1,25.49,15,25.49,6.99,Holiday Sale,False,4
ORD-10712,2024-07-19,Pixel Quest,Family,Shopify Direct,Northeast,2,17.49,30,34.98,4.99,Clearance,False,2
ORD-10713,2024-11-16,Chess Evolved,Strategy,Target,Midwest,1,20.99,30,20.99,0.0,Flash Sale,False,5
ORD-10714,2024-09-23,Speed Stacks,Party,Board Game Geek Store,West,1,12.99,0,12.99,0.0,,False,3
ORD-10715,2024-07-12,Realm Builders,Strategy,Target,Northeast,1,44.99,0,44.99,0.0,New Release,False,
ORD-10716,2024-08-09,Monster Madness,Family,Shopify Direct,Southeast,1,22.99,0,22.99,0,,False,5
ORD-10717,2024-12-03,Trivia Tornado,Party,Shopify Direct,Southeast,1,14.99,0,14.99,6.99,,False,
ORD-10718,2024-06-17,Kiddo Kingdom,Children,Amazon,Northeast,2,13.49,25,26.98,0.0,Holiday Sale,False,4
ORD-10719,2024-08-15,Cosmic Blitz,Party,Amazon,Northeast,1,9.99,50,9.99,0.0,Clearance,False,
ORD-10720,2024-10-04,Speed Stacks,Party,Amazon,Southeast,1,10.39,20,10.39,0.0,Flash Sale,False,
ORD-10721,2024-03-15,Chess Evolved,Strategy,Target,West,1,25.49,15,25.49,0.0,Holiday Sale,False,2
ORD-10722,2024-12-21,Code Breakers,Strategy,Shopify Direct,West,2,19.59,30,39.18,0,Flash Sale,False,5
ORD-10723,2024-01-02,Monster Madness,Family,Walmart,Midwest,1,22.99,0,22.99,0.0,New Release,False,
ORD-10724,2024-07-11,Cosmic Blitz,Party,Amazon,Southwest,1,19.99,0,19.99,0.0,,False,3
ORD-10725,2024-08-13,Kiddo Kingdom,Children,Walmart,Northeast,1,14.39,20,14.39,0.0,Holiday Sale,False,
ORD-10726,2024-03-30,Kiddo Kingdom,Children,Amazon,Northeast,2,17.99,0,35.98,0.0,,True,
ORD-10727,2024-02-26,Realm Builders,Strategy,Amazon,Midwest,1,35.99,20,35.99,0.0,Flash Sale,False,
ORD-10728,2024-12-30,Dungeon Dash,Strategy,Amazon,Southwest,2,26.24,25,52.48,0.0,Holiday Sale,False,5
ORD-10729,2024-11-21,Dungeon Dash,Strategy,Walmart,Northeast,1,34.99,0,34.99,0.0,,False,5
ORD-10730,2024-10-26,Speed Stacks,Party,Amazon,Northeast,1,12.99,0,12.99,0.0,,False,5
ORD-10731,2024-09-17,Chess Evolved,Strategy,Amazon,West,1,29.99,0,29.99,0.0,New Release,False,4
ORD-10732,2024-10-25,Monster Madness,Family,Amazon,Southwest,1,18.39,20,18.39,0.0,Holiday Sale,False,4
ORD-10733,2024-07-10,Cosmic Blitz,Party,Amazon,West,1,15.99,20,15.99,0.0,Flash Sale,False,5
ORD-10734,2024-08-09,Trivia Tornado,Party,Target,Southeast,1,14.99,0,14.99,0.0,,False,2
ORD-10735,2024-09-13,Chess Evolved,Strategy,Walmart,West,3,29.99,0,89.97,0.0,,False,4
ORD-10736,2024-06-19,Realm Builders,Strategy,Amazon,West,2,40.49,10,80.98,0.0,Bundle Deal,False,
ORD-10737,2024-01-05,Speed Stacks,Party,Amazon,Southeast,4,6.5,50,26.0,0.0,Clearance,False,5
ORD-10738,2024-04-26,Cosmic Blitz,Party,Walmart,Midwest,1,19.99,0,19.99,0.0,New Release,False,5
ORD-10739,2024-08-07,Speed Stacks,Party,Walmart,Northeast,1,12.99,0,12.99,0.0,,False,3
ORD-10740,2024-12-03,Speed Stacks,Party,Amazon,Southeast,1,6.5,50,6.5,0.0,Clearance,False,1
ORD-10741,2024-03-19,Battle Bots Arena,Strategy,Board Game Geek Store,Midwest,2,23.99,40,47.98,0.0,Clearance,False,4
ORD-10742,2024-06-17,Kiddo Kingdom,Children,Shopify Direct,Southwest,1,17.99,0,17.99,0,,False,
ORD-10743,2024-11-04,Cosmic Blitz,Party,Amazon,Southwest,1,15.99,20,15.99,0.0,Holiday Sale,False,2
ORD-10744,2024-09-22,Realm Builders,Strategy,Target,Southeast,4,44.99,0,179.96,0.0,,False,2
ORD-10745,2024-04-15,Cosmic Blitz,Party,Shopify Direct,West,2,17.99,10,35.98,0,Bundle Deal,False,4
ORD-10746,2024-07-23,Kiddo Kingdom,Children,Amazon,Southeast,1,17.99,0,17.99,0.0,New Release,False,5
ORD-10747,2024-08-21,Trivia Tornado,Party,Target,West,1,14.99,0,14.99,0.0,,False,5
ORD-10748,2024-12-03,Cosmic Blitz,Party,Shopify Direct,Southeast,3,16.99,15,50.97,6.99,Holiday Sale,False,5
ORD-10749,2024-04-21,Ocean Explorer,Children,Shopify Direct,West,1,15.99,20,15.99,0,Flash Sale,False,
ORD-10750,2024-05-09,Cosmic Blitz,Party,Amazon,Northeast,1,19.99,0,19.99,0.0,New Release,False,
ORD-10751,2024-04-09,Dungeon Dash,Strategy,Amazon,Southwest,1,34.99,0,34.99,0.0,New Release,False,4
ORD-10752,2024-08-12,Pixel Quest,Family,Target,West,1,24.99,0,24.99,0.0,,False,3
ORD-10753,2024-07-19,Monster Madness,Family,Amazon,Southeast,1,22.99,0,22.99,0.0,,False,5
ORD-10754,2024-01-25,Speed Stacks,Party,Target,Midwest,2,12.99,0,25.98,0.0,,False,2
ORD-10755,2024-01-03,Trivia Tornado,Party,Amazon,Northeast,3,12.74,15,38.22,0.0,Holiday Sale,True,
ORD-10756,2024-04-08,Monster Madness,Family,Amazon,Southwest,1,22.99,0,22.99,0.0,,False,4
ORD-10757,2024-06-16,Monster Madness,Family,Walmart,Southwest,1,16.09,30,16.09,0.0,Clearance,False,4
ORD-10758,2024-06-10,Dungeon Dash,Strategy,Amazon,Northeast,2,29.74,15,59.48,0.0,Bundle Deal,True,
ORD-10759,2024-07-29,Kiddo Kingdom,Children,Board Game Geek Store,Northeast,1,17.99,0,17.99,0.0,,False,4
ORD-10760,2024-11-19,Monster Madness,Family,Board Game Geek Store,West,1,16.09,30,16.09,0.0,Flash Sale,False,5
ORD-10761,2024-08-17,Monster Madness,Family,Amazon,Midwest,4,19.54,15,78.16,0.0,Holiday Sale,False,
ORD-10762,2024-06-07,Trivia Tornado,Party,Amazon,Northeast,1,14.99,0,14.99,0.0,New Release,False,4
ORD-10763,2024-01-20,Code Breakers,Strategy,Board Game Geek Store,Southeast,2,27.99,0,55.98,0.0,,False,
ORD-10764,2024-07-31,Monster Madness,Family,Amazon,Northeast,2,16.09,30,32.18,0.0,Flash Sale,False,5
ORD-10765,2024-12-06,Speed Stacks,Party,Walmart,Northeast,2,10.39,20,20.78,0.0,Flash Sale,False,5
ORD-10766,2024-01-27,Monster Madness,Family,Amazon,Northeast,1,19.54,15,19.54,0.0,Holiday Sale,False,4
ORD-10767,2024-05-05,Trivia Tornado,Party,Walmart,Southeast,1,11.99,20,11.99,0.0,Holiday Sale,False,5
ORD-10768,2024-07-03,Cosmic Blitz,Party,Shopify Direct,Midwest,2,19.99,0,39.98,0,,True,
ORD-10769,2024-06-02,Kiddo Kingdom,Children,Amazon,West,1,17.99,0,17.99,0.0,New Release,False,5
ORD-10770,2024-09-03,Pixel Quest,Family,Shopify Direct,Northeast,1,24.99,0,24.99,0,,False,4
ORD-10771,2024-07-10,Trivia Tornado,Party,Amazon,Southwest,1,14.99,0,14.99,0.0,,False,5
ORD-10772,2024-03-24,Trivia Tornado,Party,Amazon,Southwest,2,14.99,0,29.98,0.0,New Release,False,2
ORD-10773,2024-05-06,Cosmic Blitz,Party,Amazon,West,1,19.99,0,19.99,0.0,,False,
ORD-10774,2024-12-14,Pixel Quest,Family,Amazon,Midwest,1,24.99,0,24.99,0.0,,True,
ORD-10775,2024-11-25,Trivia Tornado,Party,Walmart,Southwest,1,11.99,20,11.99,0.0,Holiday Sale,False,5
ORD-10776,2024-12-03,Speed Stacks,Party,Shopify Direct,West,2,12.99,0,25.98,0,,False,
ORD-10777,2024-05-17,Speed Stacks,Party,Board Game Geek Store,Southeast,1,12.99,0,12.99,0.0,,False,2
ORD-10778,2024-12-22,Trivia Tornado,Party,Amazon,Southeast,1,14.99,0,14.99,0.0,,False,3
ORD-10779,2024-04-18,Cosmic Blitz,Party,Amazon,Northeast,2,16.99,15,33.98,0.0,Bundle Deal,False,
ORD-10780,2024-03-26,Pixel Quest,Family,Amazon,Northeast,1,24.99,0,24.99,0.0,,False,5
ORD-10781,2024-02-21,Cosmic Blitz,Party,Board Game Geek Store,Midwest,2,19.99,0,39.98,0.0,,False,1
ORD-10782,2024-11-04,Battle Bots Arena,Strategy,Amazon,Midwest,2,23.99,40,47.98,0.0,Clearance,False,
ORD-10783,2024-07-03,Monster Madness,Family,Amazon,Northeast,1,18.39,20,18.39,0.0,Flash Sale,True,
ORD-10784,2024-03-12,Dungeon Dash,Strategy,Amazon,Midwest,3,27.99,20,83.97,0.0,Holiday Sale,False,
ORD-10785,2024-12-04,Cosmic Blitz,Party,Board Game Geek Store,Southwest,2,19.99,0,39.98,0.0,,False,
ORD-10786,2024-04-29,Kiddo Kingdom,Children,Shopify Direct,Midwest,1,10.79,40,10.79,0,Clearance,False,3
ORD-10787,2024-10-19,Speed Stacks,Party,Walmart,Northeast,1,12.99,0,12.99,0.0,,False,
ORD-10788,2024-08-27,Cosmic Blitz,Party,Shopify Direct,Northeast,1,16.99,15,16.99,4.99,Holiday Sale,False,
ORD-10789,2024-12-24,Trivia Tornado,Party,Walmart,Northeast,3,8.99,40,26.97,0.0,Clearance,False,4
ORD-10790,2024-12-09,Pixel Quest,Family,Shopify Direct,West,1,19.99,20,19.99,0,Flash Sale,False,
ORD-10791,2024-11-25,Ocean Explorer,Children,Walmart,West,1,13.99,30,13.99,0.0,Clearance,False,3
ORD-10792,2024-10-30,Ocean Explorer,Children,Walmart,Northeast,1,13.99,30,13.99,0.0,Flash Sale,False,2
ORD-10793,2024-10-01,Trivia Tornado,Party,Shopify Direct,West,2,14.99,0,29.98,0,,False,3
ORD-10794,2024-08-23,Realm Builders,Strategy,Target,Southeast,1,44.99,0,44.99,0.0,New Release,False,5
ORD-10795,2024-12-25,Realm Builders,Strategy,Shopify Direct,West,1,44.99,0,44.99,4.99,New Release,False,
ORD-10796,2024-07-11,Speed Stacks,Party,Amazon,West,2,9.74,25,19.48,0.0,Holiday Sale,False,
ORD-10797,2024-07-19,Realm Builders,Strategy,Target,Southwest,1,44.99,0,44.99,0.0,,False,5
ORD-10798,2024-07-19,Pixel Quest,Family,Walmart,Southeast,3,17.49,30,52.47,0.0,Clearance,False,
ORD-10799,2024-01-28,Speed Stacks,Party,Walmart,Midwest,1,12.99,0,12.99,0.0,,False,5
ORD-10800,2024-04-17,Speed Stacks,Party,Walmart,Northeast,2,12.99,0,25.98,0.0,,False,
ORD-10801,2024-08-06,Monster Madness,Family,Amazon,Northeast,1,22.99,0,22.99,0.0,New Release,False,5
ORD-10802,2024-11-28,Trivia Tornado,Party,Amazon,West,1,14.99,0,14.99,0.0,,False,5
ORD-10803,2024-07-11,Speed Stacks,Party,Board Game Geek Store,West,1,12.99,0,12.99,0.0,New Release,False,
ORD-10804,2024-08-15,Trivia Tornado,Party,Amazon,Northeast,1,12.74,15,12.74,0.0,Holiday Sale,False,
ORD-10805,2024-09-02,Code Breakers,Strategy,Target,Northeast,1,16.79,40,16.79,0.0,Clearance,False,2
ORD-10806,2024-10-02,Speed Stacks,Party,Amazon,Midwest,1,12.99,0,12.99,0.0,New Release,False,
ORD-10807,2024-11-29,Pixel Quest,Family,Walmart,Southwest,2,24.99,0,49.98,0.0,,False,
ORD-10808,2024-06-09,Pixel Quest,Family,Amazon,Northeast,2,22.49,10,44.98,0.0,Bundle Deal,False,4
ORD-10809,2024-10-05,Battle Bots Arena,Strategy,Walmart,Northeast,2,33.99,15,67.98,0.0,Bundle Deal,False,4
ORD-10810,2024-09-18,Cosmic Blitz,Party,Amazon,West,1,16.99,15,16.99,0.0,Holiday Sale,False,
ORD-10811,2024-04-20,Kiddo Kingdom,Children,Amazon,West,2,15.29,15,30.58,0.0,Bundle Deal,False,
ORD-10812,2024-05-10,Monster Madness,Family,Board Game Geek Store,Northeast,2,20.69,10,41.38,0.0,Bundle Deal,False,5
ORD-10813,2024-08-02,Speed Stacks,Party,Amazon,West,1,11.04,15,11.04,0.0,Holiday Sale,False,5
ORD-10814,2024-07-27,Monster Madness,Family,Amazon,Southeast,1,18.39,20,18.39,0.0,Holiday Sale,True,
ORD-10815,2024-04-23,Pixel Quest,Family,Board Game Geek Store,Northeast,2,21.24,15,42.48,0.0,Bundle Deal,False,5
ORD-10816,2024-11-07,Pixel Quest,Family,Amazon,Southeast,2,24.99,0,49.98,0.0,,False,
ORD-10817,2024-07-25,Chess Evolved,Strategy,Amazon,Northeast,1,29.99,0,29.99,0.0,,False,5
ORD-10818,2024-05-16,Code Breakers,Strategy,Board Game Geek Store,West,1,13.99,50,13.99,0.0,Clearance,False,4
ORD-10819,2024-05-21,Ocean Explorer,Children,Shopify Direct,West,3,15.99,20,47.97,0,Holiday Sale,False,4
ORD-10820,2024-02-09,Code Breakers,Strategy,Board Game Geek Store,Northeast,2,23.79,15,47.58,0.0,Bundle Deal,False,5
ORD-10821,2024-12-12,Code Breakers,Strategy,Shopify Direct,Midwest,4,27.99,0,111.96,0,,True,
ORD-10822,2024-12-25,Kiddo Kingdom,Children,Amazon,Southwest,1,17.99,0,17.99,0.0,,False,
ORD-10823,2024-12-11,Speed Stacks,Party,Target,Northeast,1,12.99,0,12.99,0.0,,False,
ORD-10824,2024-03-28,Trivia Tornado,Party,Amazon,Southwest,1,14.99,0,14.99,0.0,,False,4
ORD-10825,2024-10-18,Trivia Tornado,Party,Board Game Geek Store,Southwest,3,14.99,0,44.97,0.0,,False,
ORD-10826,2024-09-06,Dungeon Dash,Strategy,Shopify Direct,Southeast,1,27.99,20,27.99,0,Flash Sale,False,4
ORD-10827,2024-03-19,Trivia Tornado,Party,Target,Northeast,2,13.49,10,26.98,0.0,Bundle Deal,False,4
ORD-10828,2024-05-17,Pixel Quest,Family,Shopify Direct,West,1,17.49,30,17.49,0,Flash Sale,False,
ORD-10829,2024-04-11,Cosmic Blitz,Party,Amazon,Southeast,1,19.99,0,19.99,0.0,,False,4
ORD-10830,2024-12-06,Pixel Quest,Family,Shopify Direct,Midwest,1,24.99,0,24.99,6.99,,False,
ORD-10831,2024-07-18,Pixel Quest,Family,Board Game Geek Store,West,1,19.99,20,19.99,0.0,Flash Sale,False,5
ORD-10832,2024-06-24,Kiddo Kingdom,Children,Amazon,Midwest,1,17.99,0,17.99,0.0,,False,3
ORD-10833,2024-09-18,Cosmic Blitz,Party,Amazon,Southeast,2,13.99,30,27.98,0.0,Clearance,False,
ORD-10834,2024-09-14,Kiddo Kingdom,Children,Amazon,West,1,17.99,0,17.99,0.0,,False,2
ORD-10835,2024-08-06,Dungeon Dash,Strategy,Amazon,West,2,31.49,10,62.98,0.0,Bundle Deal,False,2
ORD-10836,2024-06-04,Pixel Quest,Family,Amazon,Southwest,2,19.99,20,39.98,0.0,Holiday Sale,False,1
ORD-10837,2024-12-04,Cosmic Blitz,Party,Shopify Direct,Southwest,1,19.99,0,19.99,6.99,,False,4
ORD-10838,2024-12-15,Kiddo Kingdom,Children,Target,Southeast,2,12.59,30,25.18,0.0,Flash Sale,False,5
ORD-10839,2024-03-07,Monster Madness,Family,Walmart,Northeast,3,19.54,15,58.62,0.0,Holiday Sale,False,
ORD-10840,2024-11-12,Trivia Tornado,Party,Walmart,Southwest,1,14.99,0,14.99,0.0,,True,
ORD-10841,2024-10-13,Battle Bots Arena,Strategy,Target,Southeast,2,27.99,30,55.98,0.0,Clearance,False,5
ORD-10842,2024-01-12,Cosmic Blitz,Party,Board Game Geek Store,Southeast,3,19.99,0,59.97,0.0,,False,
ORD-10843,2024-09-29,Speed Stacks,Party,Board Game Geek Store,Northeast,2,6.5,50,13.0,0.0,Clearance,False,4
ORD-10844,2024-04-04,Kiddo Kingdom,Children,Shopify Direct,Northeast,3,17.99,0,53.97,0,New Release,False,4
ORD-10845,2024-04-22,Cosmic Blitz,Party,Amazon,Northeast,2,17.99,10,35.98,0.0,Bundle Deal,False,
ORD-10846,2024-05-18,Speed Stacks,Party,Amazon,Southwest,4,9.74,25,38.96,0.0,Holiday Sale,False,
ORD-10847,2024-11-19,Trivia Tornado,Party,Amazon,West,1,14.99,0,14.99,0.0,,False,
ORD-10848,2024-11-16,Speed Stacks,Party,Target,Northeast,3,12.99,0,38.97,0.0,,False,5
ORD-10849,2024-10-25,Code Breakers,Strategy,Shopify Direct,Midwest,2,22.39,20,44.78,4.99,Holiday Sale,False,5
ORD-10850,2024-07-21,Cosmic Blitz,Party,Walmart,Southeast,3,19.99,0,59.97,0.0,,False,5
ORD-10851,2024-03-31,Chess Evolved,Strategy,Walmart,Midwest,1,29.99,0,29.99,0.0,,False,
ORD-10852,2024-12-17,Pixel Quest,Family,Amazon,Northeast,3,17.49,30,52.47,0.0,Clearance,False,5
ORD-10853,2024-07-12,Trivia Tornado,Party,Amazon,Northeast,2,14.99,0,29.98,0.0,,False,
ORD-10854,2024-05-17,Monster Madness,Family,Amazon,Southwest,3,22.99,0,68.97,0.0,,False,
ORD-10855,2024-12-28,Pixel Quest,Family,Walmart,Southwest,2,21.24,15,42.48,0.0,Bundle Deal,False,4
ORD-10856,2024-03-04,Dungeon Dash,Strategy,Amazon,Midwest,1,24.49,30,24.49,0.0,Clearance,True,
ORD-10857,2024-03-16,Trivia Tornado,Party,Amazon,Southwest,1,14.99,0,14.99,0.0,,False,
ORD-10858,2024-04-24,Ocean Explorer,Children,Amazon,Midwest,1,19.99,0,19.99,0.0,,False,
ORD-10859,2024-06-20,Kiddo Kingdom,Children,Walmart,Northeast,2,15.29,15,30.58,0.0,Bundle Deal,False,5
ORD-10860,2024-12-04,Cosmic Blitz,Party,Target,West,2,19.99,0,39.98,0.0,,False,3
ORD-10861,2024-09-01,Speed Stacks,Party,Amazon,Southeast,2,12.99,0,25.98,0.0,,False,
ORD-10862,2024-06-29,Realm Builders,Strategy,Shopify Direct,West,1,35.99,20,35.99,4.99,Flash Sale,False,4
ORD-10863,2024-04-27,Trivia Tornado,Party,Shopify Direct,Southeast,1,11.24,25,11.24,0,Holiday Sale,False,5
ORD-10864,2024-08-30,Ocean Explorer,Children,Board Game Geek Store,Northeast,1,19.99,0,19.99,0.0,,False,5
ORD-10865,2024-08-03,Speed Stacks,Party,Amazon,Northeast,3,12.99,0,38.97,0.0,,False,5
ORD-10866,2024-07-09,Pixel Quest,Family,Shopify Direct,Midwest,1,24.99,0,24.99,0,,False,4
ORD-10867,2024-08-01,Pixel Quest,Family,Amazon,West,2,21.24,15,42.48,0.0,Bundle Deal,False,5
ORD-10868,2024-12-21,Pixel Quest,Family,Amazon,Midwest,1,24.99,0,24.99,0.0,,False,5
ORD-10869,2024-12-14,Trivia Tornado,Party,Walmart,Southeast,2,13.49,10,26.98,0.0,Bundle Deal,False,5
ORD-10870,2024-09-24,Ocean Explorer,Children,Walmart,Southeast,1,13.99,30,13.99,0.0,Clearance,False,
ORD-10871,2024-12-20,Chess Evolved,Strategy,Amazon,Midwest,2,29.99,0,59.98,0.0,,False,4
ORD-10872,2024-05-18,Pixel Quest,Family,Walmart,West,2,22.49,10,44.98,0.0,Bundle Deal,False,5
ORD-10873,2024-06-07,Cosmic Blitz,Party,Board Game Geek Store,Northeast,1,19.99,0,19.99,0.0,,False,
ORD-10874,2024-01-24,Pixel Quest,Family,Amazon,Southwest,2,12.49,50,24.98,0.0,Clearance,False,
ORD-10875,2024-12-25,Monster Madness,Family,Amazon,Southwest,1,22.99,0,22.99,0.0,,True,
ORD-10876,2024-01-20,Cosmic Blitz,Party,Amazon,Midwest,2,19.99,0,39.98,0.0,,False,4
ORD-10877,2024-12-14,Speed Stacks,Party,Amazon,Southwest,1,9.09,30,9.09,0.0,Flash Sale,False,4
ORD-10878,2024-08-08,Code Breakers,Strategy,Walmart,Northeast,4,27.99,0,111.96,0.0,,False,5
ORD-10879,2024-03-14,Speed Stacks,Party,Amazon,West,2,12.99,0,25.98,0.0,,False,3
ORD-10880,2024-05-31,Cosmic Blitz,Party,Amazon,Northeast,1,19.99,0,19.99,0.0,New Release,False,4
ORD-10881,2024-03-12,Ocean Explorer,Children,Board Game Geek Store,Midwest,2,16.99,15,33.98,0.0,Bundle Deal,False,
ORD-10882,2024-12-14,Trivia Tornado,Party,Target,Southwest,1,7.5,50,7.5,0.0,Clearance,False,
ORD-10883,2024-12-15,Battle Bots Arena,Strategy,Amazon,West,1,39.99,0,39.99,0.0,,False,4
ORD-10884,2024-10-18,Pixel Quest,Family,Shopify Direct,Midwest,1,24.99,0,24.99,0,New Release,False,
ORD-10885,2024-08-26,Cosmic Blitz,Party,Amazon,Southwest,1,13.99,30,13.99,0.0,Clearance,False,4
ORD-10886,2024-11-05,Code Breakers,Strategy,Shopify Direct,Southeast,1,27.99,0,27.99,0,,False,5
ORD-10887,2024-11-03,Dungeon Dash,Strategy,Target,West,3,29.74,15,89.22,0.0,Holiday Sale,False,5
ORD-10888,2024-08-04,Monster Madness,Family,Amazon,Northeast,2,19.54,15,39.08,0.0,Bundle Deal,False,5
ORD-10889,2024-05-12,Dungeon Dash,Strategy,Target,Southeast,3,31.49,10,94.47,0.0,Bundle Deal,False,
ORD-10890,2024-12-18,Speed Stacks,Party,Board Game Geek Store,Southeast,3,9.09,30,27.27,0.0,Clearance,False,
ORD-10891,2024-04-11,Monster Madness,Family,Walmart,Southeast,4,18.39,20,73.56,0.0,Flash Sale,False,3
ORD-10892,2024-06-11,Battle Bots Arena,Strategy,Shopify Direct,Midwest,1,39.99,0,39.99,4.99,New Release,False,
ORD-10893,2024-10-23,Cosmic Blitz,Party,Board Game Geek Store,Southeast,1,19.99,0,19.99,0.0,,False,4
ORD-10894,2024-10-22,Ocean Explorer,Children,Amazon,Southeast,2,17.99,10,35.98,0.0,Bundle Deal,False,
ORD-10895,2024-08-21,Trivia Tornado,Party,Target,Southeast,3,11.99,20,35.97,0.0,Flash Sale,False,4
ORD-10896,2024-10-04,Trivia Tornado,Party,Amazon,Midwest,2,13.49,10,26.98,0.0,Bundle Deal,False,
ORD-10897,2024-02-23,Dungeon Dash,Strategy,Board Game Geek Store,Northeast,2,34.99,0,69.98,0.0,,False,5
ORD-10898,2024-12-07,Trivia Tornado,Party,Amazon,Midwest,1,11.99,20,11.99,0.0,Holiday Sale,False,5
ORD-10899,2024-08-25,Speed Stacks,Party,Walmart,West,1,10.39,20,10.39,0.0,Flash Sale,False,5
ORD-10900,2024-07-31,Monster Madness,Family,Amazon,Southwest,1,22.99,0,22.99,0.0,,False,5
ORD-10901,2024-11-03,Cosmic Blitz,Party,Shopify Direct,Southeast,1,13.99,30,13.99,0,Clearance,False,
ORD-10902,2024-10-22,Ocean Explorer,Children,Shopify Direct,West,1,15.99,20,15.99,0,Flash Sale,False,
ORD-10903,2024-11-19,Kiddo Kingdom,Children,Shopify Direct,West,3,17.99,0,53.97,6.99,,False,4
ORD-10904,2024-11-17,Pixel Quest,Family,Walmart,Midwest,3,17.49,30,52.47,0.0,Clearance,False,4
ORD-10905,2024-11-19,Cosmic Blitz,Party,Walmart,Northeast,1,14.99,25,14.99,0.0,Holiday Sale,False,
ORD-10906,2024-05-20,Pixel Quest,Family,Amazon,Northeast,4,24.99,0,99.96,0.0,,False,
ORD-10907,2024-03-03,Cosmic Blitz,Party,Target,Northeast,1,15.99,20,15.99,0.0,Flash Sale,False,1
ORD-10908,2024-11-16,Pixel Quest,Family,Walmart,Southeast,1,24.99,0,24.99,0.0,New Release,False,1
ORD-10909,2024-11-19,Kiddo Kingdom,Children,Amazon,Southwest,4,17.99,0,71.96,0.0,New Release,False,1
ORD-10910,2024-03-03,Cosmic Blitz,Party,Amazon,Northeast,1,19.99,0,19.99,0.0,,False,5
ORD-10911,2024-04-22,Pixel Quest,Family,Walmart,Northeast,1,21.24,15,21.24,0.0,Holiday Sale,False,4
ORD-10912,2024-09-10,Ocean Explorer,Children,Board Game Geek Store,Southeast,2,16.99,15,33.98,0.0,Bundle Deal,False,
ORD-10913,2024-10-27,Speed Stacks,Party,Board Game Geek Store,Midwest,2,6.5,50,13.0,0.0,Clearance,False,
ORD-10914,2024-11-14,Trivia Tornado,Party,Amazon,Southeast,2,14.99,0,29.98,0.0,,False,
ORD-10915,2024-09-18,Trivia Tornado,Party,Walmart,Southwest,3,10.49,30,31.47,0.0,Flash Sale,True,
ORD-10916,2024-06-14,Cosmic Blitz,Party,Amazon,Northeast,1,19.99,0,19.99,0.0,,False,4
ORD-10917,2024-04-19,Chess Evolved,Strategy,Target,Southwest,1,17.99,40,17.99,0.0,Clearance,False,3
ORD-10918,2024-12-09,Pixel Quest,Family,Target,Southeast,2,17.49,30,34.98,0.0,Flash Sale,False,4
ORD-10919,2024-08-03,Pixel Quest,Family,Shopify Direct,Midwest,1,18.74,25,18.74,0,Holiday Sale,False,
ORD-10920,2024-08-24,Cosmic Blitz,Party,Target,Southeast,2,19.99,0,39.98,0.0,,False,4
ORD-10921,2024-05-20,Realm Builders,Strategy,Amazon,Northeast,2,44.99,0,89.98,0.0,New Release,False,5
ORD-10922,2024-11-24,Battle Bots Arena,Strategy,Amazon,Southeast,1,39.99,0,39.99,0.0,,False,
ORD-10923,2024-03-12,Realm Builders,Strategy,Walmart,Southeast,1,33.74,25,33.74,0.0,Holiday Sale,False,5
ORD-10924,2024-01-27,Cosmic Blitz,Party,Target,Northeast,3,19.99,0,59.97,0.0,,False,
ORD-10925,2024-07-13,Cosmic Blitz,Party,Amazon,Midwest,1,19.99,0,19.99,0.0,,False,
ORD-10926,2024-12-08,Pixel Quest,Family,Shopify Direct,Midwest,2,21.24,15,42.48,0,Bundle Deal,False,4
ORD-10927,2024-05-04,Monster Madness,Family,Walmart,Northeast,1,22.99,0,22.99,0.0,New Release,False,4
ORD-10928,2024-07-16,Pixel Quest,Family,Amazon,Midwest,1,17.49,30,17.49,0.0,Flash Sale,False,
ORD-10929,2024-09-15,Pixel Quest,Family,Target,Southeast,1,19.99,20,19.99,0.0,Holiday Sale,False,3
ORD-10930,2024-10-22,Monster Madness,Family,Amazon,Southwest,2,19.54,15,39.08,0.0,Holiday Sale,False,1
ORD-10931,2024-12-04,Trivia Tornado,Party,Amazon,Midwest,1,12.74,15,12.74,0.0,Holiday Sale,False,4
ORD-10932,2024-08-13,Pixel Quest,Family,Walmart,West,2,22.49,10,44.98,0.0,Bundle Deal,False,4
ORD-10933,2024-02-25,Monster Madness,Family,Walmart,Southwest,1,22.99,0,22.99,0.0,,False,4
ORD-10934,2024-09-29,Cosmic Blitz,Party,Walmart,West,1,19.99,0,19.99,0.0,,False,
ORD-10935,2024-12-20,Cosmic Blitz,Party,Target,Southeast,2,17.99,10,35.98,0.0,Bundle Deal,False,5
ORD-10936,2024-12-18,Cosmic Blitz,Party,Amazon,Northeast,1,19.99,0,19.99,0.0,New Release,False,4
ORD-10937,2024-06-20,Battle Bots Arena,Strategy,Target,Northeast,2,39.99,0,79.98,0.0,,False,
ORD-10938,2024-10-25,Speed Stacks,Party,Shopify Direct,Northeast,2,11.69,10,23.38,0,Bundle Deal,False,
ORD-10939,2024-02-18,Speed Stacks,Party,Amazon,Midwest,2,11.04,15,22.08,0.0,Bundle Deal,False,5
ORD-10940,2024-09-22,Speed Stacks,Party,Target,Southwest,1,12.99,0,12.99,0.0,,False,5
ORD-10941,2024-04-22,Monster Madness,Family,Amazon,Midwest,1,13.79,40,13.79,0.0,Clearance,False,5
ORD-10942,2024-05-20,Speed Stacks,Party,Walmart,Southwest,1,12.99,0,12.99,0.0,,False,
ORD-10943,2024-06-18,Trivia Tornado,Party,Board Game Geek Store,Southeast,1,11.99,20,11.99,0.0,Flash Sale,False,5
ORD-10944,2024-06-26,Battle Bots Arena,Strategy,Shopify Direct,West,1,39.99,0,39.99,0,,False,
ORD-10945,2024-12-06,Chess Evolved,Strategy,Amazon,Southeast,1,23.99,20,23.99,0.0,Holiday Sale,False,4
ORD-10946,2024-12-04,Speed Stacks,Party,Amazon,Northeast,2,12.99,0,25.98,0.0,,False,
ORD-10947,2024-04-10,Trivia Tornado,Party,Target,Southeast,1,11.99,20,11.99,0.0,Flash Sale,False,
ORD-10948,2024-08-04,Ocean Explorer,Children,Target,Southwest,1,19.99,0,19.99,0.0,,False,
ORD-10949,2024-03-12,Monster Madness,Family,Amazon,Northeast,2,19.54,15,39.08,0.0,Bundle Deal,False,5
ORD-10950,2024-10-06,Speed Stacks,Party,Target,Northeast,1,9.09,30,9.09,0.0,Flash Sale,False,4
ORD-10951,2024-10-13,Dungeon Dash,Strategy,Walmart,Northeast,2,31.49,10,62.98,0.0,Bundle Deal,False,5
ORD-10952,2024-01-28,Speed Stacks,Party,Shopify Direct,Southeast,1,12.99,0,12.99,0,New Release,False,5
ORD-10953,2024-02-19,Speed Stacks,Party,Shopify Direct,West,2,12.99,0,25.98,0,,False,
ORD-10954,2024-09-21,Pixel Quest,Family,Walmart,Midwest,1,24.99,0,24.99,0.0,,False,5
ORD-10955,2024-11-15,Monster Madness,Family,Amazon,Northeast,1,22.99,0,22.99,0.0,,False,3
ORD-10956,2024-08-15,Trivia Tornado,Party,Board Game Geek Store,Southeast,1,14.99,0,14.99,0.0,,False,
ORD-10957,2024-10-06,Monster Madness,Family,Shopify Direct,Midwest,1,22.99,0,22.99,0,,False,
ORD-10958,2024-12-02,Chess Evolved,Strategy,Walmart,Northeast,2,26.99,10,53.98,0.0,Bundle Deal,False,5
ORD-10959,2024-07-19,Speed Stacks,Party,Shopify Direct,West,2,11.04,15,22.08,0,Bundle Deal,False,4
ORD-10960,2024-11-26,Monster Madness,Family,Shopify Direct,Southwest,1,22.99,0,22.99,0,,False,1
ORD-10961,2024-03-22,Speed Stacks,Party,Shopify Direct,Southeast,2,6.5,50,13.0,0,Clearance,False,5
ORD-10962,2024-10-15,Code Breakers,Strategy,Target,Southeast,2,23.79,15,47.58,0.0,Bundle Deal,False,
ORD-10963,2024-09-04,Chess Evolved,Strategy,Walmart,Midwest,3,26.99,10,80.97,0.0,Bundle Deal,False,5
ORD-10964,2024-07-25,Pixel Quest,Family,Amazon,West,1,24.99,0,24.99,0.0,,False,
ORD-10965,2024-05-01,Pixel Quest,Family,Target,West,1,17.49,30,17.49,0.0,Clearance,False,2
ORD-10966,2024-07-10,Kiddo Kingdom,Children,Target,Southwest,1,17.99,0,17.99,0.0,New Release,False,
ORD-10967,2024-04-10,Cosmic Blitz,Party,Shopify Direct,Southeast,1,19.99,0,19.99,0,,False,
ORD-10968,2024-04-08,Dungeon Dash,Strategy,Board Game Geek Store,Northeast,1,34.99,0,34.99,0.0,,False,4
ORD-10969,2024-06-23,Cosmic Blitz,Party,Walmart,Southwest,1,19.99,0,19.99,0.0,New Release,False,5
ORD-10970,2024-09-13,Monster Madness,Family,Shopify Direct,Northeast,1,11.49,50,11.49,0,Clearance,False,3
ORD-10971,2024-09-21,Pixel Quest,Family,Amazon,Midwest,1,19.99,20,19.99,0.0,Holiday Sale,False,5
ORD-10972,2024-03-21,Battle Bots Arena,Strategy,Amazon,Midwest,2,33.99,15,67.98,0.0,Bundle Deal,False,5
ORD-10973,2024-10-25,Ocean Explorer,Children,Amazon,Northeast,2,17.99,10,35.98,0.0,Bundle Deal,False,
ORD-10974,2024-03-12,Speed Stacks,Party,Amazon,West,3,12.99,0,38.97,0.0,,False,5
ORD-10975,2024-11-08,Speed Stacks,Party,Amazon,Southwest,3,12.99,0,38.97,0.0,,False,3
ORD-10976,2024-01-22,Chess Evolved,Strategy,Amazon,Southeast,1,25.49,15,25.49,0.0,Holiday Sale,False,5
ORD-10977,2024-07-13,Monster Madness,Family,Walmart,Midwest,1,11.49,50,11.49,0.0,Clearance,False,
ORD-10978,2024-10-08,Trivia Tornado,Party,Target,Southwest,1,11.99,20,11.99,0.0,Holiday Sale,False,4
ORD-10979,2024-10-28,Trivia Tornado,Party,Walmart,West,1,14.99,0,14.99,0.0,,False,5
ORD-10980,2024-01-30,Pixel Quest,Family,Amazon,Northeast,1,19.99,20,19.99,0.0,Holiday Sale,False,5
ORD-10981,2024-12-02,Cosmic Blitz,Party,Shopify Direct,Midwest,2,15.99,20,31.98,0,Flash Sale,False,
ORD-10982,2024-10-09,Monster Madness,Family,Shopify Direct,Southeast,1,22.99,0,22.99,0,,False,5
ORD-10983,2024-09-05,Cosmic Blitz,Party,Amazon,Southwest,1,16.99,15,16.99,0.0,Holiday Sale,False,
ORD-10984,2024-03-13,Cosmic Blitz,Party,Shopify Direct,West,3,19.99,0,59.97,0,,False,5
ORD-10985,2024-02-13,Dungeon Dash,Strategy,Target,Southeast,1,20.99,40,20.99,0.0,Clearance,False,4
ORD-10986,2024-12-03,Dungeon Dash,Strategy,Amazon,Midwest,1,34.99,0,34.99,0.0,,False,
ORD-10987,2024-05-14,Speed Stacks,Party,Shopify Direct,West,1,7.79,40,7.79,0,Clearance,False,5
ORD-10988,2024-12-13,Battle Bots Arena,Strategy,Shopify Direct,Southeast,2,35.99,10,71.98,0,Bundle Deal,False,
ORD-10989,2024-05-01,Dungeon Dash,Strategy,Target,Southwest,1,26.24,25,26.24,0.0,Holiday Sale,False,2
ORD-10990,2024-05-20,Monster Madness,Family,Target,West,1,22.99,0,22.99,0.0,,False,
ORD-10991,2024-08-15,Chess Evolved,Strategy,Shopify Direct,Midwest,3,29.99,0,89.97,0,New Release,False,5
ORD-10992,2024-10-09,Realm Builders,Strategy,Amazon,Northeast,2,38.24,15,76.48,0.0,Bundle Deal,False,5
ORD-10993,2024-12-01,Dungeon Dash,Strategy,Amazon,Northeast,1,34.99,0,34.99,0.0,New Release,False,5
ORD-10994,2024-05-12,Battle Bots Arena,Strategy,Amazon,West,2,39.99,0,79.98,0.0,,False,2
ORD-10995,2024-08-15,Pixel Quest,Family,Amazon,Midwest,2,17.49,30,34.98,0.0,Clearance,False,
ORD-10996,2024-03-14,Kiddo Kingdom,Children,Amazon,Southwest,2,12.59,30,25.18,0.0,Flash Sale,False,2
ORD-10997,2024-07-07,Ocean Explorer,Children,Target,Northeast,1,13.99,30,13.99,0.0,Flash Sale,False,5
ORD-10998,2024-12-02,Trivia Tornado,Party,Board Game Geek Store,Northeast,1,11.24,25,11.24,0.0,Holiday Sale,False,4
ORD-10999,2024-03-03,Speed Stacks,Party,Shopify Direct,Northeast,1,12.99,0,12.99,6.99,New Release,False,
ORD-11000,2024-06-17,Cosmic Blitz,Party,Walmart,Southeast,1,19.99,0,19.99,0.0,,False,5
ORD-11001,2024-07-28,Trivia Tornado,Party,Shopify Direct,Southwest,1,11.99,20,11.99,0,Holiday Sale,False,
ORD-11002,2024-05-05,Speed Stacks,Party,Shopify Direct,Midwest,2,11.04,15,22.08,6.99,Bundle Deal,False,4
ORD-11003,2024-11-19,Speed Stacks,Party,Amazon,Northeast,1,12.99,0,12.99,0.0,,False,5
ORD-11004,2024-03-05,Speed Stacks,Party,Target,Northeast,1,12.99,0,12.99,0.0,,False,
ORD-11005,2024-06-30,Pixel Quest,Family,Walmart,Northeast,1,17.49,30,17.49,0.0,Flash Sale,False,
ORD-11006,2024-01-24,Ocean Explorer,Children,Board Game Geek Store,Southwest,1,11.99,40,11.99,0.0,Clearance,False,
ORD-11007,2024-10-28,Ocean Explorer,Children,Board Game Geek Store,Northeast,2,13.99,30,27.98,0.0,Flash Sale,False,4
ORD-11008,2024-10-28,Speed Stacks,Party,Amazon,Midwest,1,7.79,40,7.79,0.0,Clearance,False,3
ORD-11009,2024-03-14,Ocean Explorer,Children,Target,West,2,16.99,15,33.98,0.0,Bundle Deal,False,3
ORD-11010,2024-04-24,Speed Stacks,Party,Amazon,Southwest,4,12.99,0,51.96,0.0,,False,
ORD-11011,2024-03-13,Kiddo Kingdom,Children,Shopify Direct,Northeast,1,17.99,0,17.99,0,,False,4
ORD-11012,2024-05-24,Ocean Explorer,Children,Shopify Direct,West,1,19.99,0,19.99,6.99,New Release,False,
ORD-11013,2024-08-09,Chess Evolved,Strategy,Amazon,Northeast,1,29.99,0,29.99,0.0,,False,
ORD-11014,2024-06-16,Pixel Quest,Family,Amazon,Midwest,2,24.99,0,49.98,0.0,,False,5
ORD-11015,2024-08-09,Code Breakers,Strategy,Shopify Direct,Northeast,1,27.99,0,27.99,0,,False,5
ORD-11016,2024-05-15,Chess Evolved,Strategy,Shopify Direct,Northeast,1,29.99,0,29.99,4.99,,False,4
ORD-11017,2024-04-19,Pixel Quest,Family,Shopify Direct,Northeast,1,12.49,50,12.49,6.99,Clearance,False,
ORD-11018,2024-09-04,Kiddo Kingdom,Children,Board Game Geek Store,Southwest,2,15.29,15,30.58,0.0,Bundle Deal,False,
ORD-11019,2024-11-02,Chess Evolved,Strategy,Amazon,Northeast,2,25.49,15,50.98,0.0,Bundle Deal,False,5
ORD-11020,2024-02-29,Ocean Explorer,Children,Walmart,Southeast,1,19.99,0,19.99,0.0,,False,5
ORD-11021,2024-12-17,Cosmic Blitz,Party,Amazon,Midwest,2,13.99,30,27.98,0.0,Clearance,False,5
ORD-11022,2024-07-29,Trivia Tornado,Party,Shopify Direct,Southwest,1,11.99,20,11.99,0,Holiday Sale,False,5
ORD-11023,2024-11-16,Pixel Quest,Family,Board Game Geek Store,Midwest,1,24.99,0,24.99,0.0,,False,4
ORD-11024,2024-12-26,Trivia Tornado,Party,Walmart,Northeast,1,11.99,20,11.99,0.0,Holiday Sale,False,
ORD-11025,2024-10-01,Code Breakers,Strategy,Amazon,Northeast,1,19.59,30,19.59,0.0,Clearance,False,1
ORD-11026,2024-09-26,Pixel Quest,Family,Shopify Direct,Midwest,2,22.49,10,44.98,4.99,Bundle Deal,False,
ORD-11027,2024-01-18,Pixel Quest,Family,Target,Midwest,2,22.49,10,44.98,0.0,Bundle Deal,False,5
ORD-11028,2024-07-31,Code Breakers,Strategy,Shopify Direct,Southwest,1,19.59,30,19.59,0,Clearance,False,
ORD-11029,2024-01-12,Realm Builders,Strategy,Shopify Direct,Northeast,3,44.99,0,134.97,0,New Release,False,5
ORD-11030,2024-10-14,Cosmic Blitz,Party,Walmart,Midwest,1,19.99,0,19.99,0.0,New Release,False,
ORD-11031,2024-08-19,Cosmic Blitz,Party,Board Game Geek Store,Southeast,1,13.99,30,13.99,0.0,Flash Sale,False,
ORD-11032,2024-06-19,Monster Madness,Family,Amazon,Midwest,1,22.99,0,22.99,0.0,New Release,False,4
ORD-11033,2024-10-17,Speed Stacks,Party,Amazon,Midwest,1,10.39,20,10.39,0.0,Flash Sale,True,
ORD-11034,2024-11-02,Dungeon Dash,Strategy,Walmart,West,2,34.99,0,69.98,0.0,New Release,False,
ORD-11035,2024-09-04,Chess Evolved,Strategy,Target,Southwest,1,29.99,0,29.99,0.0,,False,3
ORD-11036,2024-01-07,Speed Stacks,Party,Amazon,Southeast,3,12.99,0,38.97,0.0,,False,5
ORD-11037,2024-10-07,Trivia Tornado,Party,Amazon,Northeast,4,12.74,15,50.96,0.0,Bundle Deal,False,5
ORD-11038,2024-03-13,Monster Madness,Family,Target,Southwest,2,19.54,15,39.08,0.0,Bundle Deal,False,
ORD-11039,2024-03-10,Code Breakers,Strategy,Shopify Direct,Southeast,1,27.99,0,27.99,0,New Release,False,5
ORD-11040,2024-10-02,Trivia Tornado,Party,Amazon,Midwest,1,14.99,0,14.99,0.0,,False,4
ORD-11041,2024-11-17,Cosmic Blitz,Party,Amazon,Southwest,2,16.99,15,33.98,0.0,Bundle Deal,False,4
ORD-11042,2024-04-13,Pixel Quest,Family,Amazon,West,2,22.49,10,44.98,0.0,Bundle Deal,False,5
ORD-11043,2024-07-15,Speed Stacks,Party,Shopify Direct,Southeast,2,12.99,0,25.98,4.99,New Release,False,
ORD-11044,2024-04-20,Speed Stacks,Party,Amazon,Northeast,2,10.39,20,20.78,0.0,Flash Sale,False,4
ORD-11045,2024-08-13,Chess Evolved,Strategy,Amazon,West,1,17.99,40,17.99,0.0,Clearance,False,
ORD-11046,2024-06-30,Chess Evolved,Strategy,Shopify Direct,Southwest,2,29.99,0,59.98,6.99,,False,
ORD-11047,2024-10-13,Code Breakers,Strategy,Amazon,Northeast,2,22.39,20,44.78,0.0,Flash Sale,True,
ORD-11048,2024-06-26,Code Breakers,Strategy,Amazon,Midwest,4,22.39,20,89.56,0.0,Holiday Sale,False,
ORD-11049,2024-01-06,Trivia Tornado,Party,Amazon,Midwest,1,10.49,30,10.49,0.0,Flash Sale,False,4
ORD-11050,2024-11-27,Chess Evolved,Strategy,Amazon,West,1,29.99,0,29.99,0.0,,False,
ORD-11051,2024-11-19,Trivia Tornado,Party,Amazon,West,1,14.99,0,14.99,0.0,,True,
ORD-11052,2024-12-31,Code Breakers,Strategy,Target,Northeast,1,27.99,0,27.99,0.0,,False,
ORD-11053,2024-10-05,Cosmic Blitz,Party,Target,Midwest,2,13.99,30,27.98,0.0,Flash Sale,False,5
ORD-11054,2024-12-06,Trivia Tornado,Party,Target,Midwest,1,14.99,0,14.99,0.0,,False,4
ORD-11055,2024-12-18,Chess Evolved,Strategy,Amazon,West,2,29.99,0,59.98,0.0,,False,3
ORD-11056,2024-12-22,Pixel Quest,Family,Board Game Geek Store,Northeast,3,24.99,0,74.97,0.0,,False,5
ORD-11057,2024-01-06,Cosmic Blitz,Party,Amazon,Northeast,2,15.99,20,31.98,0.0,Holiday Sale,False,
ORD-11058,2024-03-08,Realm Builders,Strategy,Amazon,Southeast,1,31.49,30,31.49,0.0,Flash Sale,False,5
ORD-11059,2024-05-12,Code Breakers,Strategy,Amazon,Midwest,1,19.59,30,19.59,0.0,Flash Sale,False,
ORD-11060,2024-03-28,Speed Stacks,Party,Shopify Direct,Midwest,1,7.79,40,7.79,6.99,Clearance,False,
ORD-11061,2024-05-17,Pixel Quest,Family,Walmart,Southeast,1,24.99,0,24.99,0.0,,False,5
ORD-11062,2024-08-31,Kiddo Kingdom,Children,Amazon,Southeast,1,17.99,0,17.99,0.0,,False,4
ORD-11063,2024-01-05,Chess Evolved,Strategy,Amazon,Southwest,1,20.99,30,20.99,0.0,Flash Sale,False,5
ORD-11064,2024-08-21,Kiddo Kingdom,Children,Walmart,West,1,14.39,20,14.39,0.0,Holiday Sale,False,
ORD-11065,2024-06-02,Dungeon Dash,Strategy,Board Game Geek Store,Northeast,3,34.99,0,104.97,0.0,,False,
ORD-11066,2024-10-22,Dungeon Dash,Strategy,Shopify Direct,Southwest,2,26.24,25,52.48,4.99,Holiday Sale,False,5
ORD-11067,2024-03-13,Speed Stacks,Party,Shopify Direct,Northeast,1,12.99,0,12.99,4.99,,False,3
ORD-11068,2024-08-11,Pixel Quest,Family,Amazon,West,2,19.99,20,39.98,0.0,Flash Sale,False,4
ORD-11069,2024-12-17,Cosmic Blitz,Party,Shopify Direct,Southeast,1,16.99,15,16.99,0,Holiday Sale,False,
ORD-11070,2024-06-16,Ocean Explorer,Children,Target,West,1,9.99,50,9.99,0.0,Clearance,False,5
ORD-11071,2024-10-27,Speed Stacks,Party,Amazon,Northeast,1,12.99,0,12.99,0.0,,False,
ORD-11072,2024-03-11,Chess Evolved,Strategy,Amazon,Southeast,1,14.99,50,14.99,0.0,Clearance,False,4
ORD-11073,2024-12-11,Dungeon Dash,Strategy,Board Game Geek Store,Southeast,1,34.99,0,34.99,0.0,,False,5
ORD-11074,2024-07-26,Speed Stacks,Party,Amazon,Southeast,1,6.5,50,6.5,0.0,Clearance,False,5
ORD-11075,2024-07-24,Dungeon Dash,Strategy,Shopify Direct,West,1,34.99,0,34.99,0,New Release,False,4
ORD-11076,2024-02-27,Speed Stacks,Party,Board Game Geek Store,Midwest,1,12.99,0,12.99,0.0,,False,5
ORD-11077,2024-10-29,Chess Evolved,Strategy,Walmart,Southwest,1,29.99,0,29.99,0.0,New Release,False,4
ORD-11078,2024-07-06,Kiddo Kingdom,Children,Amazon,Southeast,1,17.99,0,17.99,0.0,,False,4
ORD-11079,2024-06-01,Monster Madness,Family,Shopify Direct,Southeast,1,16.09,30,16.09,4.99,Clearance,False,5
ORD-11080,2024-11-20,Ocean Explorer,Children,Amazon,Midwest,1,19.99,0,19.99,0.0,New Release,True,
ORD-11081,2024-01-20,Battle Bots Arena,Strategy,Walmart,Southwest,1,39.99,0,39.99,0.0,,False,
ORD-11082,2024-06-03,Dungeon Dash,Strategy,Board Game Geek Store,Southeast,1,34.99,0,34.99,0.0,,False,3
ORD-11083,2024-06-04,Monster Madness,Family,Shopify Direct,West,1,22.99,0,22.99,6.99,,False,5
ORD-11084,2024-04-05,Cosmic Blitz,Party,Walmart,Midwest,3,16.99,15,50.97,0.0,Bundle Deal,True,
ORD-11085,2024-05-20,Cosmic Blitz,Party,Shopify Direct,Southwest,1,16.99,15,16.99,0,Holiday Sale,False,5
ORD-11086,2024-12-30,Chess Evolved,Strategy,Shopify Direct,Midwest,1,29.99,0,29.99,0,New Release,True,
ORD-11087,2024-03-18,Chess Evolved,Strategy,Walmart,Northeast,1,17.99,40,17.99,0.0,Clearance,False,
ORD-11088,2024-11-19,Chess Evolved,Strategy,Board Game Geek Store,Northeast,2,20.99,30,41.98,0.0,Flash Sale,False,5
ORD-11089,2024-01-16,Kiddo Kingdom,Children,Walmart,Midwest,1,17.99,0,17.99,0.0,,False,5
ORD-11090,2024-04-30,Kiddo Kingdom,Children,Amazon,Southwest,1,12.59,30,12.59,0.0,Clearance,False,4
ORD-11091,2024-07-24,Kiddo Kingdom,Children,Amazon,Northeast,3,15.29,15,45.87,0.0,Bundle Deal,False,
ORD-11092,2024-12-06,Battle Bots Arena,Strategy,Walmart,Southeast,1,27.99,30,27.99,0.0,Clearance,False,4
ORD-11093,2024-08-18,Speed Stacks,Party,Shopify Direct,Northeast,2,12.99,0,25.98,4.99,New Release,False,5
ORD-11094,2024-07-29,Cosmic Blitz,Party,Amazon,Northeast,1,19.99,0,19.99,0.0,,False,
ORD-11095,2024-05-07,Pixel Quest,Family,Walmart,West,3,24.99,0,74.97,0.0,,False,
ORD-11096,2024-11-30,Chess Evolved,Strategy,Amazon,Southwest,1,25.49,15,25.49,0.0,Holiday Sale,False,
ORD-11097,2024-04-12,Cosmic Blitz,Party,Target,Northeast,1,14.99,25,14.99,0.0,Holiday Sale,False,
ORD-11098,2024-09-13,Monster Madness,Family,Target,West,2,22.99,0,45.98,0.0,,False,
ORD-11099,2024-02-05,Dungeon Dash,Strategy,Walmart,West,4,24.49,30,97.96,0.0,Clearance,False,
ORD-11100,2024-10-02,Speed Stacks,Party,Walmart,Midwest,1,12.99,0,12.99,0.0,New Release,False,5
ORD-11101,2024-09-18,Monster Madness,Family,Shopify Direct,West,2,20.69,10,41.38,4.99,Bundle Deal,False,
ORD-11102,2024-09-04,Cosmic Blitz,Party,Amazon,Midwest,1,19.99,0,19.99,0.0,New Release,False,
ORD-11103,2024-06-24,Trivia Tornado,Party,Target,West,1,14.99,0,14.99,0.0,,False,4
ORD-11104,2024-10-15,Trivia Tornado,Party,Amazon,Southwest,2,12.74,15,25.48,0.0,Bundle Deal,False,
ORD-11105,2024-12-21,Pixel Quest,Family,Walmart,West,1,21.24,15,21.24,0.0,Holiday Sale,False,3
ORD-11106,2024-01-07,Code Breakers,Strategy,Walmart,Southwest,1,27.99,0,27.99,0.0,,False,
ORD-11107,2024-06-09,Chess Evolved,Strategy,Amazon,Southwest,1,29.99,0,29.99,0.0,New Release,False,
ORD-11108,2024-02-03,Trivia Tornado,Party,Amazon,Northeast,1,14.99,0,14.99,0.0,,False,4
ORD-11109,2024-09-25,Ocean Explorer,Children,Walmart,Southeast,1,19.99,0,19.99,0.0,,False,4
ORD-11110,2024-10-02,Speed Stacks,Party,Board Game Geek Store,Northeast,1,11.04,15,11.04,0.0,Holiday Sale,False,
ORD-11111,2024-12-19,Speed Stacks,Party,Amazon,West,2,11.04,15,22.08,0.0,Bundle Deal,False,5
ORD-11112,2024-03-08,Chess Evolved,Strategy,Amazon,Northeast,1,29.99,0,29.99,0.0,New Release,False,5
ORD-11113,2024-02-07,Cosmic Blitz,Party,Amazon,Northeast,1,14.99,25,14.99,0.0,Holiday Sale,False,5
ORD-11114,2024-08-14,Speed Stacks,Party,Amazon,West,1,12.99,0,12.99,0.0,New Release,False,4
ORD-11115,2024-03-31,Realm Builders,Strategy,Shopify Direct,Southeast,2,40.49,10,80.98,6.99,Bundle Deal,False,4
ORD-11116,2024-08-13,Speed Stacks,Party,Amazon,Northeast,2,12.99,0,25.98,0.0,New Release,False,5
ORD-11117,2024-12-10,Ocean Explorer,Children,Shopify Direct,Midwest,1,19.99,0,19.99,4.99,,False,
ORD-11118,2024-04-19,Realm Builders,Strategy,Walmart,Midwest,1,33.74,25,33.74,0.0,Holiday Sale,False,3
ORD-11119,2024-03-21,Kiddo Kingdom,Children,Amazon,Southwest,4,8.99,50,35.96,0.0,Clearance,False,
ORD-11120,2024-06-04,Trivia Tornado,Party,Amazon,West,2,10.49,30,20.98,0.0,Flash Sale,False,5
ORD-11121,2024-07-25,Dungeon Dash,Strategy,Shopify Direct,Midwest,1,34.99,0,34.99,6.99,New Release,True,
ORD-11122,2024-05-11,Realm Builders,Strategy,Amazon,Southeast,2,35.99,20,71.98,0.0,Flash Sale,False,
ORD-11123,2024-02-24,Pixel Quest,Family,Amazon,West,3,24.99,0,74.97,0.0,New Release,False,
ORD-11124,2024-12-03,Battle Bots Arena,Strategy,Walmart,Northeast,4,27.99,30,111.96,0.0,Clearance,False,
ORD-11125,2024-08-12,Ocean Explorer,Children,Amazon,Northeast,2,13.99,30,27.98,0.0,Flash Sale,False,
ORD-11126,2024-10-28,Cosmic Blitz,Party,Amazon,Northeast,2,16.99,15,33.98,0.0,Bundle Deal,False,5
ORD-11127,2024-12-24,Realm Builders,Strategy,Target,Southwest,1,38.24,15,38.24,0.0,Holiday Sale,False,4
ORD-11128,2024-12-26,Cosmic Blitz,Party,Walmart,Southwest,1,11.99,40,11.99,0.0,Clearance,False,2
ORD-11129,2024-09-27,Battle Bots Arena,Strategy,Amazon,Midwest,4,27.99,30,111.96,0.0,Flash Sale,False,2
ORD-11130,2024-10-12,Speed Stacks,Party,Shopify Direct,West,2,12.99,0,25.98,0,,False,
ORD-11131,2024-12-16,Trivia Tornado,Party,Amazon,Midwest,2,14.99,0,29.98,0.0,,False,5
ORD-11132,2024-12-20,Code Breakers,Strategy,Board Game Geek Store,Southwest,2,25.19,10,50.38,0.0,Bundle Deal,False,1
ORD-11133,2024-06-14,Cosmic Blitz,Party,Amazon,West,1,19.99,0,19.99,0.0,New Release,False,5
ORD-11134,2024-10-22,Pixel Quest,Family,Walmart,Northeast,1,24.99,0,24.99,0.0,,False,
ORD-11135,2024-10-03,Trivia Tornado,Party,Amazon,Southwest,3,12.74,15,38.22,0.0,Holiday Sale,False,4
ORD-11136,2024-01-14,Pixel Quest,Family,Target,Southeast,2,17.49,30,34.98,0.0,Clearance,False,
ORD-11137,2024-04-16,Trivia Tornado,Party,Shopify Direct,Northeast,1,14.99,0,14.99,0,,False,5
ORD-11138,2024-09-21,Speed Stacks,Party,Amazon,Midwest,1,9.09,30,9.09,0.0,Flash Sale,False,
ORD-11139,2024-09-16,Cosmic Blitz,Party,Amazon,Midwest,1,11.99,40,11.99,0.0,Clearance,False,4
ORD-11140,2024-08-10,Ocean Explorer,Children,Walmart,Northeast,2,11.99,40,23.98,0.0,Clearance,True,
ORD-11141,2024-01-24,Pixel Quest,Family,Amazon,Midwest,1,24.99,0,24.99,0.0,,False,2
ORD-11142,2024-12-04,Cosmic Blitz,Party,Walmart,West,1,19.99,0,19.99,0.0,,False,
ORD-11143,2024-12-08,Speed Stacks,Party,Amazon,Northeast,2,11.04,15,22.08,0.0,Bundle Deal,False,
ORD-11144,2024-01-15,Speed Stacks,Party,Amazon,Southwest,1,12.99,0,12.99,0.0,,False,4
ORD-11145,2024-11-02,Cosmic Blitz,Party,Amazon,Southeast,1,13.99,30,13.99,0.0,Clearance,False,5
ORD-11146,2024-10-01,Speed Stacks,Party,Target,Northeast,2,11.69,10,23.38,0.0,Bundle Deal,False,5
ORD-11147,2024-12-08,Chess Evolved,Strategy,Walmart,West,1,22.49,25,22.49,0.0,Holiday Sale,False,
ORD-11148,2024-02-18,Code Breakers,Strategy,Amazon,Midwest,2,25.19,10,50.38,0.0,Bundle Deal,False,5
ORD-11149,2024-09-23,Chess Evolved,Strategy,Board Game Geek Store,Southeast,2,20.99,30,41.98,0.0,Flash Sale,False,5
ORD-11150,2024-07-16,Monster Madness,Family,Target,Southwest,1,22.99,0,22.99,0.0,,False,4
ORD-11151,2024-09-04,Speed Stacks,Party,Amazon,West,3,7.79,40,23.37,0.0,Clearance,False,4
ORD-11152,2024-08-13,Cosmic Blitz,Party,Walmart,Southwest,1,19.99,0,19.99,0.0,,False,
ORD-11153,2024-08-21,Monster Madness,Family,Walmart,Southeast,1,22.99,0,22.99,0.0,,False,1
ORD-11154,2024-10-05,Cosmic Blitz,Party,Shopify Direct,Northeast,2,17.99,10,35.98,6.99,Bundle Deal,False,5
ORD-11155,2024-09-15,Cosmic Blitz,Party,Target,Southwest,1,19.99,0,19.99,0.0,,False,1
ORD-11156,2024-03-18,Kiddo Kingdom,Children,Shopify Direct,Northeast,1,13.49,25,13.49,0,Holiday Sale,False,5
ORD-11157,2024-11-21,Monster Madness,Family,Target,West,1,16.09,30,16.09,0.0,Clearance,False,
ORD-11158,2024-07-24,Ocean Explorer,Children,Board Game Geek Store,Southwest,1,19.99,0,19.99,0.0,,False,2
ORD-11159,2024-12-28,Realm Builders,Strategy,Board Game Geek Store,Midwest,3,44.99,0,134.97,0.0,,False,4
ORD-11160,2024-05-04,Trivia Tornado,Party,Amazon,Southeast,1,11.99,20,11.99,0.0,Holiday Sale,False,
ORD-11161,2024-05-21,Trivia Tornado,Party,Walmart,Midwest,1,11.99,20,11.99,0.0,Holiday Sale,False,4
ORD-11162,2024-11-22,Realm Builders,Strategy,Amazon,Midwest,1,44.99,0,44.99,0.0,New Release,False,5
ORD-11163,2024-08-20,Speed Stacks,Party,Walmart,West,2,12.99,0,25.98,0.0,,False,
ORD-11164,2024-08-06,Kiddo Kingdom,Children,Target,West,2,16.19,10,32.38,0.0,Bundle Deal,False,5
ORD-11165,2024-05-03,Speed Stacks,Party,Walmart,West,3,9.09,30,27.27,0.0,Clearance,False,
ORD-11166,2024-05-21,Ocean Explorer,Children,Walmart,Southeast,2,16.99,15,33.98,0.0,Bundle Deal,False,5
ORD-11167,2024-04-23,Kiddo Kingdom,Children,Walmart,Northeast,2,17.99,0,35.98,0.0,New Release,False,
ORD-11168,2024-12-07,Trivia Tornado,Party,Walmart,Midwest,2,14.99,0,29.98,0.0,,False,5
ORD-11169,2024-12-29,Ocean Explorer,Children,Shopify Direct,Southeast,2,13.99,30,27.98,0,Flash Sale,False,5
ORD-11170,2024-11-17,Trivia Tornado,Party,Target,Northeast,1,11.99,20,11.99,0.0,Flash Sale,False,1
ORD-11171,2024-05-09,Trivia Tornado,Party,Walmart,Southeast,3,12.74,15,38.22,0.0,Bundle Deal,False,5
ORD-11172,2024-11-21,Speed Stacks,Party,Amazon,West,1,9.09,30,9.09,0.0,Flash Sale,False,
ORD-11173,2024-02-15,Realm Builders,Strategy,Walmart,West,2,35.99,20,71.98,0.0,Holiday Sale,False,5
ORD-11174,2024-11-23,Monster Madness,Family,Walmart,West,1,22.99,0,22.99,0.0,New Release,False,
ORD-11175,2024-03-27,Realm Builders,Strategy,Amazon,Midwest,3,40.49,10,121.47,0.0,Bundle Deal,False,
ORD-11176,2024-04-11,Code Breakers,Strategy,Target,Midwest,2,27.99,0,55.98,0.0,,False,4
ORD-11177,2024-07-16,Ocean Explorer,Children,Target,Southwest,1,19.99,0,19.99,0.0,,False,5
ORD-11178,2024-12-07,Battle Bots Arena,Strategy,Amazon,Northeast,1,33.99,15,33.99,0.0,Holiday Sale,False,5
ORD-11179,2024-03-15,Cosmic Blitz,Party,Amazon,Midwest,2,9.99,50,19.98,0.0,Clearance,False,4
ORD-11180,2024-11-17,Kiddo Kingdom,Children,Target,Southeast,1,12.59,30,12.59,0.0,Flash Sale,False,5
ORD-11181,2024-04-30,Trivia Tornado,Party,Board Game Geek Store,Northeast,2,11.24,25,22.48,0.0,Holiday Sale,False,5
ORD-11182,2024-10-01,Realm Builders,Strategy,Target,Midwest,2,35.99,20,71.98,0.0,Holiday Sale,False,
ORD-11183,2024-09-11,Kiddo Kingdom,Children,Amazon,Southwest,1,17.99,0,17.99,0.0,New Release,False,4
ORD-11184,2024-12-27,Monster Madness,Family,Amazon,West,1,22.99,0,22.99,0.0,,False,5
ORD-11185,2024-04-20,Monster Madness,Family,Amazon,West,1,17.24,25,17.24,0.0,Holiday Sale,False,4
ORD-11186,2024-10-27,Realm Builders,Strategy,Amazon,Midwest,2,35.99,20,71.98,0.0,Flash Sale,False,2
ORD-11187,2024-04-09,Cosmic Blitz,Party,Walmart,West,1,19.99,0,19.99,0.0,,True,
ORD-11188,2024-03-02,Pixel Quest,Family,Shopify Direct,West,1,14.99,40,14.99,0,Clearance,False,3
ORD-11189,2024-06-30,Trivia Tornado,Party,Amazon,Northeast,1,12.74,15,12.74,0.0,Holiday Sale,False,
ORD-11190,2024-02-18,Kiddo Kingdom,Children,Amazon,Midwest,4,17.99,0,71.96,0.0,,False,1
ORD-11191,2024-09-27,Realm Builders,Strategy,Amazon,West,1,35.99,20,35.99,0.0,Flash Sale,False,5
ORD-11192,2024-06-25,Pixel Quest,Family,Walmart,Northeast,1,24.99,0,24.99,0.0,,False,
ORD-11193,2024-08-15,Dungeon Dash,Strategy,Amazon,Midwest,3,34.99,0,104.97,0.0,,False,4
ORD-11194,2024-10-29,Chess Evolved,Strategy,Target,Midwest,1,20.99,30,20.99,0.0,Flash Sale,False,4
ORD-11195,2024-12-08,Kiddo Kingdom,Children,Amazon,Southeast,1,17.99,0,17.99,0.0,New Release,False,4
ORD-11196,2024-12-03,Code Breakers,Strategy,Target,Northeast,1,19.59,30,19.59,0.0,Flash Sale,False,
ORD-11197,2024-05-24,Trivia Tornado,Party,Amazon,Southwest,1,8.99,40,8.99,0.0,Clearance,False,3
ORD-11198,2024-10-14,Trivia Tornado,Party,Shopify Direct,West,1,14.99,0,14.99,0,,False,3
ORD-11199,2024-10-19,Kiddo Kingdom,Children,Walmart,West,1,17.99,0,17.99,0.0,,False,4
ORD-11200,2024-10-02,Speed Stacks,Party,Target,West,1,12.99,0,12.99,0.0,,False,
ORD-11201,2024-02-20,Trivia Tornado,Party,Amazon,Northeast,1,11.99,20,11.99,0.0,Holiday Sale,False,
ORD-11202,2024-01-08,Trivia Tornado,Party,Target,Northeast,1,11.24,25,11.24,0.0,Holiday Sale,False,
ORD-11203,2024-04-26,Trivia Tornado,Party,Target,Northeast,1,11.24,25,11.24,0.0,Holiday Sale,False,
ORD-11204,2024-12-29,Speed Stacks,Party,Walmart,Northeast,2,11.04,15,22.08,0.0,Bundle Deal,False,4
ORD-11205,2024-04-07,Speed Stacks,Party,Shopify Direct,Midwest,1,9.09,30,9.09,0,Clearance,False,
ORD-11206,2024-02-29,Pixel Quest,Family,Target,Northeast,1,24.99,0,24.99,0.0,,False,5
ORD-11207,2024-12-21,Kiddo Kingdom,Children,Amazon,Midwest,1,17.99,0,17.99,0.0,,False,
ORD-11208,2024-10-11,Speed Stacks,Party,Amazon,Midwest,1,12.99,0,12.99,0.0,New Release,False,5
ORD-11209,2024-04-04,Code Breakers,Strategy,Amazon,Southeast,1,27.99,0,27.99,0.0,,False,
ORD-11210,2024-12-05,Speed Stacks,Party,Amazon,Northeast,1,12.99,0,12.99,0.0,,False,5
ORD-11211,2024-03-30,Cosmic Blitz,Party,Walmart,Southeast,2,17.99,10,35.98,0.0,Bundle Deal,False,
ORD-11212,2024-08-12,Dungeon Dash,Strategy,Shopify Direct,West,2,31.49,10,62.98,4.99,Bundle Deal,False,3
ORD-11213,2024-09-30,Dungeon Dash,Strategy,Walmart,West,1,34.99,0,34.99,0.0,,False,4
ORD-11214,2024-07-14,Dungeon Dash,Strategy,Shopify Direct,Midwest,2,34.99,0,69.98,0,,False,5
ORD-11215,2024-11-26,Trivia Tornado,Party,Walmart,Southeast,3,11.24,25,33.72,0.0,Holiday Sale,False,5
ORD-11216,2024-11-21,Ocean Explorer,Children,Amazon,Midwest,1,19.99,0,19.99,0.0,,False,
ORD-11217,2024-03-23,Trivia Tornado,Party,Amazon,West,1,14.99,0,14.99,0.0,New Release,False,
ORD-11218,2024-03-05,Speed Stacks,Party,Amazon,Southwest,1,7.79,40,7.79,0.0,Clearance,False,4
ORD-11219,2024-07-05,Monster Madness,Family,Amazon,Midwest,1,17.24,25,17.24,0.0,Holiday Sale,False,
ORD-11220,2024-12-03,Trivia Tornado,Party,Shopify Direct,West,2,10.49,30,20.98,4.99,Flash Sale,False,4
ORD-11221,2024-08-19,Speed Stacks,Party,Walmart,Midwest,1,10.39,20,10.39,0.0,Holiday Sale,False,4
ORD-11222,2024-09-21,Ocean Explorer,Children,Amazon,Northeast,1,19.99,0,19.99,0.0,,False,
ORD-11223,2024-11-24,Trivia Tornado,Party,Target,Northeast,1,14.99,0,14.99,0.0,New Release,False,
ORD-11224,2024-09-06,Ocean Explorer,Children,Walmart,West,2,19.99,0,39.98,0.0,,False,1
ORD-11225,2024-02-16,Realm Builders,Strategy,Target,Northeast,1,35.99,20,35.99,0.0,Holiday Sale,False,5
ORD-11226,2024-08-16,Chess Evolved,Strategy,Walmart,Southeast,1,29.99,0,29.99,0.0,,False,4
ORD-11227,2024-07-28,Pixel Quest,Family,Shopify Direct,Midwest,4,21.24,15,84.96,4.99,Holiday Sale,False,2
ORD-11228,2024-09-01,Cosmic Blitz,Party,Amazon,West,2,19.99,0,39.98,0.0,New Release,False,5
ORD-11229,2024-10-17,Trivia Tornado,Party,Amazon,Northeast,1,14.99,0,14.99,0.0,,False,4
ORD-11230,2024-03-17,Ocean Explorer,Children,Board Game Geek Store,Northeast,2,17.99,10,35.98,0.0,Bundle Deal,False,
ORD-11231,2024-09-10,Ocean Explorer,Children,Shopify Direct,Northeast,2,14.99,25,29.98,6.99,Holiday Sale,False,
ORD-11232,2024-03-26,Dungeon Dash,Strategy,Amazon,Southeast,1,20.99,40,20.99,0.0,Clearance,True,
ORD-11233,2024-12-02,Pixel Quest,Family,Shopify Direct,Northeast,3,24.99,0,74.97,0,,True,
ORD-11234,2024-08-28,Dungeon Dash,Strategy,Walmart,West,1,20.99,40,20.99,0.0,Clearance,False,4
ORD-11235,2024-09-07,Cosmic Blitz,Party,Amazon,Southeast,1,15.99,20,15.99,0.0,Flash Sale,True,
ORD-11236,2024-02-24,Cosmic Blitz,Party,Amazon,Midwest,1,19.99,0,19.99,0.0,,False,1
ORD-11237,2024-11-12,Pixel Quest,Family,Shopify Direct,Southwest,3,19.99,20,59.97,0,Flash Sale,False,
ORD-11238,2024-02-11,Cosmic Blitz,Party,Walmart,Northeast,1,16.99,15,16.99,0.0,Holiday Sale,True,
ORD-11239,2024-04-08,Chess Evolved,Strategy,Amazon,Southwest,1,29.99,0,29.99,0.0,,False,
ORD-11240,2024-02-01,Trivia Tornado,Party,Shopify Direct,Northeast,3,13.49,10,40.47,0,Bundle Deal,False,3
ORD-11241,2024-02-08,Speed Stacks,Party,Walmart,Northeast,2,11.04,15,22.08,0.0,Bundle Deal,False,4
ORD-11242,2024-09-28,Dungeon Dash,Strategy,Target,West,1,34.99,0,34.99,0.0,,False,4
ORD-11243,2024-08-08,Pixel Quest,Family,Walmart,West,1,24.99,0,24.99,0.0,,False,
ORD-11244,2024-11-06,Monster Madness,Family,Amazon,Southeast,2,22.99,0,45.98,0.0,New Release,False,
ORD-11245,2024-09-07,Realm Builders,Strategy,Board Game Geek Store,Northeast,1,44.99,0,44.99,0.0,,False,5
ORD-11246,2024-07-25,Chess Evolved,Strategy,Target,Midwest,1,17.99,40,17.99,0.0,Clearance,False,
ORD-11247,2024-06-11,Speed Stacks,Party,Amazon,Southeast,1,12.99,0,12.99,0.0,,False,
ORD-11248,2024-04-21,Trivia Tornado,Party,Amazon,Southeast,1,10.49,30,10.49,0.0,Clearance,False,
ORD-11249,2024-10-08,Cosmic Blitz,Party,Walmart,Midwest,1,19.99,0,19.99,0.0,,False,
ORD-11250,2024-02-04,Ocean Explorer,Children,Walmart,Midwest,1,19.99,0,19.99,0.0,New Release,False,1
ORD-11251,2024-06-22,Monster Madness,Family,Walmart,Southeast,1,22.99,0,22.99,0.0,,False,4
ORD-11252,2024-12-18,Trivia Tornado,Party,Board Game Geek Store,Northeast,1,10.49,30,10.49,0.0,Clearance,False,4
ORD-11253,2024-08-31,Speed Stacks,Party,Shopify Direct,Midwest,1,11.04,15,11.04,6.99,Holiday Sale,False,5
ORD-11254,2024-12-28,Cosmic Blitz,Party,Target,Midwest,1,19.99,0,19.99,0.0,,False,
ORD-11255,2024-11-15,Realm Builders,Strategy,Shopify Direct,Midwest,3,40.49,10,121.47,0,Bundle Deal,False,5
ORD-11256,2024-12-30,Speed Stacks,Party,Amazon,Northeast,1,9.09,30,9.09,0.0,Flash Sale,False,3
ORD-11257,2024-09-05,Battle Bots Arena,Strategy,Walmart,Midwest,2,29.99,25,59.98,0.0,Holiday Sale,False,2
ORD-11258,2024-09-15,Cosmic Blitz,Party,Target,Southeast,2,19.99,0,39.98,0.0,,False,4
ORD-11259,2024-08-03,Pixel Quest,Family,Shopify Direct,Southwest,1,12.49,50,12.49,4.99,Clearance,False,
ORD-11260,2024-08-21,Cosmic Blitz,Party,Walmart,Midwest,1,19.99,0,19.99,0.0,,False,2
ORD-11261,2024-07-07,Pixel Quest,Family,Target,Southeast,1,12.49,50,12.49,0.0,Clearance,False,5
ORD-11262,2024-06-14,Kiddo Kingdom,Children,Shopify Direct,Southwest,1,17.99,0,17.99,0,,False,3
ORD-11263,2024-09-24,Code Breakers,Strategy,Amazon,Southeast,1,27.99,0,27.99,0.0,,False,
ORD-11264,2024-09-09,Dungeon Dash,Strategy,Shopify Direct,West,1,34.99,0,34.99,4.99,,False,5
ORD-11265,2024-05-13,Dungeon Dash,Strategy,Walmart,Northeast,1,27.99,20,27.99,0.0,Holiday Sale,True,
ORD-11266,2024-03-11,Chess Evolved,Strategy,Amazon,West,1,29.99,0,29.99,0.0,,False,1
ORD-11267,2024-12-31,Kiddo Kingdom,Children,Amazon,Midwest,1,17.99,0,17.99,0.0,New Release,True,
ORD-11268,2024-09-17,Ocean Explorer,Children,Amazon,Northeast,2,16.99,15,33.98,0.0,Bundle Deal,False,3
ORD-11269,2024-05-11,Realm Builders,Strategy,Amazon,Southeast,2,38.24,15,76.48,0.0,Bundle Deal,True,
ORD-11270,2024-11-29,Speed Stacks,Party,Amazon,Northeast,1,12.99,0,12.99,0.0,,False,
ORD-11271,2024-06-01,Speed Stacks,Party,Walmart,Southwest,2,9.09,30,18.18,0.0,Flash Sale,False,
ORD-11272,2024-05-09,Cosmic Blitz,Party,Amazon,Northeast,2,15.99,20,31.98,0.0,Flash Sale,False,
ORD-11273,2024-07-19,Kiddo Kingdom,Children,Amazon,Midwest,2,16.19,10,32.38,0.0,Bundle Deal,False,1
ORD-11274,2024-01-06,Ocean Explorer,Children,Board Game Geek Store,Southeast,1,19.99,0,19.99,0.0,,False,5
ORD-11275,2024-07-09,Pixel Quest,Family,Shopify Direct,Northeast,2,24.99,0,49.98,6.99,,False,5
ORD-11276,2024-04-14,Monster Madness,Family,Board Game Geek Store,West,2,22.99,0,45.98,0.0,New Release,False,5
ORD-11277,2024-10-23,Code Breakers,Strategy,Amazon,Northeast,1,27.99,0,27.99,0.0,,False,2
ORD-11278,2024-12-13,Dungeon Dash,Strategy,Shopify Direct,Midwest,1,34.99,0,34.99,0,,False,
ORD-11279,2024-09-02,Cosmic Blitz,Party,Amazon,West,3,16.99,15,50.97,0.0,Holiday Sale,False,
ORD-11280,2024-11-28,Kiddo Kingdom,Children,Target,Midwest,2,13.49,25,26.98,0.0,Holiday Sale,False,4
ORD-11281,2024-11-02,Speed Stacks,Party,Shopify Direct,Southeast,3,12.99,0,38.97,6.99,,False,3
ORD-11282,2024-07-24,Battle Bots Arena,Strategy,Walmart,Northeast,1,39.99,0,39.99,0.0,New Release,False,5
ORD-11283,2024-03-11,Realm Builders,Strategy,Amazon,Midwest,2,44.99,0,89.98,0.0,,False,5
ORD-11284,2024-11-16,Trivia Tornado,Party,Walmart,West,2,14.99,0,29.98,0.0,,False,
ORD-11285,2024-12-20,Speed Stacks,Party,Target,Southwest,1,12.99,0,12.99,0.0,,False,5
ORD-11286,2024-12-16,Code Breakers,Strategy,Amazon,Northeast,2,19.59,30,39.18,0.0,Flash Sale,False,
ORD-11287,2024-07-27,Monster Madness,Family,Board Game Geek Store,Northeast,1,22.99,0,22.99,0.0,,False,
ORD-11288,2024-09-15,Speed Stacks,Party,Shopify Direct,Southwest,2,11.69,10,23.38,0,Bundle Deal,False,5
ORD-11289,2024-04-07,Dungeon Dash,Strategy,Amazon,Northeast,2,34.99,0,69.98,0.0,,False,3
ORD-11290,2024-01-06,Code Breakers,Strategy,Amazon,Southeast,1,13.99,50,13.99,0.0,Clearance,False,5
ORD-11291,2024-01-17,Chess Evolved,Strategy,Amazon,Southeast,1,14.99,50,14.99,0.0,Clearance,False,5
ORD-11292,2024-12-16,Chess Evolved,Strategy,Amazon,Northeast,1,29.99,0,29.99,0.0,,False,3
ORD-11293,2024-08-20,Trivia Tornado,Party,Amazon,Midwest,1,10.49,30,10.49,0.0,Flash Sale,False,
ORD-11294,2024-08-19,Trivia Tornado,Party,Amazon,Northeast,2,14.99,0,29.98,0.0,,False,4
ORD-11295,2024-08-25,Kiddo Kingdom,Children,Target,Midwest,2,16.19,10,32.38,0.0,Bundle Deal,False,5
ORD-11296,2024-01-21,Cosmic Blitz,Party,Amazon,Northeast,1,19.99,0,19.99,0.0,,False,1
ORD-11297,2024-07-11,Dungeon Dash,Strategy,Amazon,Southeast,1,34.99,0,34.99,0.0,New Release,False,5
ORD-11298,2024-02-29,Pixel Quest,Family,Walmart,Southwest,1,24.99,0,24.99,0.0,New Release,False,
ORD-11299,2024-08-08,Kiddo Kingdom,Children,Walmart,Midwest,1,17.99,0,17.99,0.0,New Release,True,
ORD-11300,2024-12-25,Dungeon Dash,Strategy,Amazon,Southwest,1,17.5,50,17.5,0.0,Clearance,False,
ORD-11301,2024-03-11,Pixel Quest,Family,Shopify Direct,Midwest,1,17.49,30,17.49,0,Flash Sale,False,
ORD-11302,2024-02-29,Kiddo Kingdom,Children,Amazon,Northeast,1,12.59,30,12.59,0.0,Clearance,False,1
ORD-11303,2024-10-26,Kiddo Kingdom,Children,Amazon,West,1,14.39,20,14.39,0.0,Holiday Sale,False,4
ORD-11304,2024-09-02,Cosmic Blitz,Party,Shopify Direct,Midwest,2,19.99,0,39.98,4.99,,False,
ORD-11305,2024-02-04,Chess Evolved,Strategy,Board Game Geek Store,Northeast,1,14.99,50,14.99,0.0,Clearance,False,4
ORD-11306,2024-01-22,Speed Stacks,Party,Target,Northeast,1,9.09,30,9.09,0.0,Flash Sale,False,
ORD-11307,2024-03-06,Chess Evolved,Strategy,Board Game Geek Store,Midwest,1,29.99,0,29.99,0.0,,False,4
ORD-11308,2024-01-16,Trivia Tornado,Party,Shopify Direct,West,2,14.99,0,29.98,6.99,,False,5
ORD-11309,2024-06-23,Kiddo Kingdom,Children,Amazon,Southeast,3,17.99,0,53.97,0.0,New Release,False,
ORD-11310,2024-12-18,Kiddo Kingdom,Children,Walmart,Midwest,2,17.99,0,35.98,0.0,,False,4
ORD-11311,2024-11-11,Monster Madness,Family,Amazon,Southeast,2,20.69,10,41.38,0.0,Bundle Deal,False,
ORD-11312,2024-06-27,Battle Bots Arena,Strategy,Amazon,Southeast,2,33.99,15,67.98,0.0,Bundle Deal,False,
ORD-11313,2024-03-12,Speed Stacks,Party,Walmart,Northeast,1,10.39,20,10.39,0.0,Flash Sale,False,3
ORD-11314,2024-04-15,Kiddo Kingdom,Children,Walmart,Southeast,2,17.99,0,35.98,0.0,New Release,False,5
ORD-11315,2024-10-17,Trivia Tornado,Party,Amazon,Northeast,1,7.5,50,7.5,0.0,Clearance,False,3
ORD-11316,2024-08-20,Ocean Explorer,Children,Shopify Direct,West,1,13.99,30,13.99,6.99,Clearance,False,5
ORD-11317,2024-10-31,Trivia Tornado,Party,Amazon,Northeast,1,14.99,0,14.99,0.0,,True,
ORD-11318,2024-05-17,Pixel Quest,Family,Amazon,West,1,24.99,0,24.99,0.0,,False,1
ORD-11319,2024-05-21,Cosmic Blitz,Party,Amazon,Northeast,2,16.99,15,33.98,0.0,Bundle Deal,False,5
ORD-11320,2024-03-28,Speed Stacks,Party,Target,Northeast,1,12.99,0,12.99,0.0,,False,
ORD-11321,2024-03-04,Pixel Quest,Family,Target,Northeast,1,24.99,0,24.99,0.0,,False,
ORD-11322,2024-05-23,Cosmic Blitz,Party,Amazon,Midwest,1,11.99,40,11.99,0.0,Clearance,False,3
ORD-11323,2024-12-30,Pixel Quest,Family,Target,West,2,24.99,0,49.98,0.0,,False,5
ORD-11324,2024-09-08,Speed Stacks,Party,Amazon,Northeast,1,7.79,40,7.79,0.0,Clearance,False,5
ORD-11325,2024-12-15,Trivia Tornado,Party,Target,Northeast,1,8.99,40,8.99,0.0,Clearance,False,4
ORD-11326,2024-01-13,Monster Madness,Family,Shopify Direct,Midwest,1,22.99,0,22.99,0,,False,1
ORD-11327,2024-08-05,Pixel Quest,Family,Amazon,Northeast,2,21.24,15,42.48,0.0,Bundle Deal,False,5
ORD-11328,2024-04-10,Speed Stacks,Party,Board Game Geek Store,Southeast,2,12.99,0,25.98,0.0,,False,5
ORD-11329,2024-10-10,Pixel Quest,Family,Board Game Geek Store,Midwest,1,14.99,40,14.99,0.0,Clearance,False,4
ORD-11330,2024-04-28,Speed Stacks,Party,Walmart,Midwest,2,12.99,0,25.98,0.0,,False,4
ORD-11331,2024-03-26,Speed Stacks,Party,Amazon,West,1,12.99,0,12.99,0.0,,False,
ORD-11332,2024-09-30,Chess Evolved,Strategy,Walmart,West,1,29.99,0,29.99,0.0,,False,5
ORD-11333,2024-01-11,Chess Evolved,Strategy,Target,Southeast,1,29.99,0,29.99,0.0,New Release,False,5
ORD-11334,2024-05-22,Chess Evolved,Strategy,Shopify Direct,West,2,29.99,0,59.98,0,,False,4
ORD-11335,2024-01-01,Kiddo Kingdom,Children,Shopify Direct,West,1,8.99,50,8.99,0,Clearance,False,
ORD-11336,2024-10-22,Code Breakers,Strategy,Walmart,West,1,19.59,30,19.59,0.0,Clearance,False,5
ORD-11337,2024-04-15,Battle Bots Arena,Strategy,Target,Northeast,3,23.99,40,71.97,0.0,Clearance,False,4
ORD-11338,2024-01-09,Speed Stacks,Party,Walmart,Southeast,1,12.99,0,12.99,0.0,,False,4
ORD-11339,2024-08-12,Cosmic Blitz,Party,Shopify Direct,West,1,15.99,20,15.99,4.99,Holiday Sale,False,5
ORD-11340,2024-05-31,Trivia Tornado,Party,Amazon,Southwest,2,10.49,30,20.98,0.0,Clearance,False,4
ORD-11341,2024-09-01,Battle Bots Arena,Strategy,Target,Northeast,2,35.99,10,71.98,0.0,Bundle Deal,True,
ORD-11342,2024-12-30,Dungeon Dash,Strategy,Shopify Direct,Midwest,1,34.99,0,34.99,0,New Release,False,
ORD-11343,2024-05-25,Trivia Tornado,Party,Target,Midwest,2,14.99,0,29.98,0.0,New Release,False,5
ORD-11344,2024-10-16,Chess Evolved,Strategy,Board Game Geek Store,Northeast,2,20.99,30,41.98,0.0,Flash Sale,False,
ORD-11345,2024-03-14,Ocean Explorer,Children,Amazon,Southeast,1,19.99,0,19.99,0.0,,True,
ORD-11346,2024-03-09,Kiddo Kingdom,Children,Shopify Direct,West,2,16.19,10,32.38,0,Bundle Deal,False,2
ORD-11347,2024-04-22,Chess Evolved,Strategy,Board Game Geek Store,Southwest,1,29.99,0,29.99,0.0,,False,
ORD-11348,2024-07-09,Speed Stacks,Party,Board Game Geek Store,Southeast,1,9.09,30,9.09,0.0,Flash Sale,False,
ORD-11349,2024-10-28,Cosmic Blitz,Party,Shopify Direct,Southwest,1,19.99,0,19.99,0,,False,4
ORD-11350,2024-07-26,Dungeon Dash,Strategy,Shopify Direct,West,1,34.99,0,34.99,0,,False,
ORD-11351,2024-03-19,Ocean Explorer,Children,Walmart,Midwest,1,11.99,40,11.99,0.0,Clearance,False,4
ORD-11352,2024-11-15,Ocean Explorer,Children,Amazon,Southeast,2,11.99,40,23.98,0.0,Clearance,False,4
ORD-11353,2024-07-08,Pixel Quest,Family,Amazon,Southwest,1,12.49,50,12.49,0.0,Clearance,False,4
ORD-11354,2024-03-25,Realm Builders,Strategy,Shopify Direct,Midwest,2,44.99,0,89.98,0,,False,
ORD-11355,2024-09-09,Ocean Explorer,Children,Board Game Geek Store,West,1,19.99,0,19.99,0.0,,False,3
ORD-11356,2024-03-09,Speed Stacks,Party,Walmart,Southwest,1,12.99,0,12.99,0.0,,True,
ORD-11357,2024-06-18,Battle Bots Arena,Strategy,Amazon,Northeast,1,33.99,15,33.99,0.0,Holiday Sale,False,
ORD-11358,2024-09-08,Kiddo Kingdom,Children,Walmart,Midwest,2,16.19,10,32.38,0.0,Bundle Deal,False,
ORD-11359,2024-05-13,Speed Stacks,Party,Shopify Direct,Midwest,2,11.69,10,23.38,0,Bundle Deal,False,
ORD-11360,2024-12-21,Trivia Tornado,Party,Board Game Geek Store,Southeast,1,8.99,40,8.99,0.0,Clearance,False,5
ORD-11361,2024-04-17,Cosmic Blitz,Party,Amazon,Northeast,1,19.99,0,19.99,0.0,,False,
ORD-11362,2024-03-05,Pixel Quest,Family,Walmart,West,1,24.99,0,24.99,0.0,New Release,False,5
ORD-11363,2024-12-09,Kiddo Kingdom,Children,Board Game Geek Store,Northeast,1,17.99,0,17.99,0.0,,False,4
ORD-11364,2024-01-26,Speed Stacks,Party,Amazon,Northeast,1,6.5,50,6.5,0.0,Clearance,False,5
ORD-11365,2024-12-28,Realm Builders,Strategy,Target,Midwest,1,44.99,0,44.99,0.0,,False,4
ORD-11366,2024-06-20,Pixel Quest,Family,Target,Northeast,2,22.49,10,44.98,0.0,Bundle Deal,False,5
ORD-11367,2024-11-19,Trivia Tornado,Party,Walmart,Southeast,1,12.74,15,12.74,0.0,Holiday Sale,False,
ORD-11368,2024-09-15,Trivia Tornado,Party,Shopify Direct,Midwest,3,11.99,20,35.97,0,Holiday Sale,False,
ORD-11369,2024-10-07,Battle Bots Arena,Strategy,Shopify Direct,Southeast,1,39.99,0,39.99,0,,False,4
ORD-11370,2024-11-07,Ocean Explorer,Children,Target,Northeast,1,19.99,0,19.99,0.0,,False,
ORD-11371,2024-10-23,Cosmic Blitz,Party,Shopify Direct,Northeast,3,19.99,0,59.97,4.99,New Release,False,5
ORD-11372,2024-10-06,Ocean Explorer,Children,Amazon,West,2,17.99,10,35.98,0.0,Bundle Deal,False,4
ORD-11373,2024-10-09,Pixel Quest,Family,Amazon,Southwest,1,19.99,20,19.99,0.0,Flash Sale,False,5
ORD-11374,2024-05-05,Ocean Explorer,Children,Amazon,Northeast,2,17.99,10,35.98,0.0,Bundle Deal,False,
ORD-11375,2024-07-31,Trivia Tornado,Party,Walmart,Southeast,2,12.74,15,25.48,0.0,Bundle Deal,False,
ORD-11376,2024-11-23,Battle Bots Arena,Strategy,Target,West,1,33.99,15,33.99,0.0,Holiday Sale,False,
ORD-11377,2024-02-28,Speed Stacks,Party,Amazon,Midwest,2,12.99,0,25.98,0.0,New Release,False,5
ORD-11378,2024-02-17,Trivia Tornado,Party,Shopify Direct,Northeast,3,14.99,0,44.97,0,,False,
ORD-11379,2024-03-24,Pixel Quest,Family,Amazon,West,1,24.99,0,24.99,0.0,New Release,False,
ORD-11380,2024-06-28,Speed Stacks,Party,Target,Southeast,2,9.09,30,18.18,0.0,Clearance,False,
ORD-11381,2024-12-23,Pixel Quest,Family,Board Game Geek Store,Northeast,1,24.99,0,24.99,0.0,New Release,False,4
ORD-11382,2024-07-07,Dungeon Dash,Strategy,Shopify Direct,Northeast,1,24.49,30,24.49,0,Flash Sale,False,4
ORD-11383,2024-08-25,Speed Stacks,Party,Shopify Direct,Midwest,1,12.99,0,12.99,0,,False,
ORD-11384,2024-06-23,Speed Stacks,Party,Target,Midwest,1,7.79,40,7.79,0.0,Clearance,True,
ORD-11385,2024-03-11,Code Breakers,Strategy,Target,Southwest,1,19.59,30,19.59,0.0,Clearance,False,4
ORD-11386,2024-06-02,Dungeon Dash,Strategy,Amazon,Northeast,1,34.99,0,34.99,0.0,,False,
ORD-11387,2024-02-18,Battle Bots Arena,Strategy,Walmart,Southeast,1,29.99,25,29.99,0.0,Holiday Sale,False,4
ORD-11388,2024-02-10,Speed Stacks,Party,Shopify Direct,Midwest,2,11.04,15,22.08,0,Bundle Deal,False,
ORD-11389,2024-08-03,Pixel Quest,Family,Amazon,West,1,24.99,0,24.99,0.0,,False,3
ORD-11390,2024-09-01,Speed Stacks,Party,Shopify Direct,Northeast,1,11.04,15,11.04,6.99,Holiday Sale,False,
ORD-11391,2024-02-23,Monster Madness,Family,Amazon,Northeast,2,22.99,0,45.98,0.0,,False,
ORD-11392,2024-12-15,Battle Bots Arena,Strategy,Amazon,Midwest,1,31.99,20,31.99,0.0,Holiday Sale,False,4
ORD-11393,2024-12-07,Speed Stacks,Party,Amazon,Northeast,3,6.5,50,19.5,0.0,Clearance,False,5
ORD-11394,2024-05-10,Monster Madness,Family,Shopify Direct,Southwest,1,17.24,25,17.24,6.99,Holiday Sale,False,5
ORD-11395,2024-10-24,Monster Madness,Family,Amazon,Northeast,4,22.99,0,91.96,0.0,,False,
ORD-11396,2024-05-21,Battle Bots Arena,Strategy,Shopify Direct,Midwest,2,39.99,0,79.98,0,,False,3
ORD-11397,2024-11-27,Speed Stacks,Party,Amazon,Southeast,2,11.04,15,22.08,0.0,Bundle Deal,False,
ORD-11398,2024-03-15,Trivia Tornado,Party,Target,West,1,14.99,0,14.99,0.0,New Release,False,2
ORD-11399,2024-03-22,Dungeon Dash,Strategy,Target,Northeast,2,31.49,10,62.98,0.0,Bundle Deal,False,
ORD-11400,2024-03-13,Cosmic Blitz,Party,Walmart,Midwest,2,19.99,0,39.98,0.0,,False,5
ORD-11401,2024-08-18,Speed Stacks,Party,Target,Southwest,1,12.99,0,12.99,0.0,New Release,False,
ORD-11402,2024-11-26,Chess Evolved,Strategy,Amazon,Southwest,1,29.99,0,29.99,0.0,,False,
ORD-11403,2024-09-24,Pixel Quest,Family,Target,Midwest,1,17.49,30,17.49,0.0,Clearance,False,
ORD-11404,2024-02-24,Cosmic Blitz,Party,Target,West,1,19.99,0,19.99,0.0,,False,
ORD-11405,2024-01-02,Dungeon Dash,Strategy,Walmart,West,1,27.99,20,27.99,0.0,Flash Sale,False,5
ORD-11406,2024-08-05,Speed Stacks,Party,Shopify Direct,Midwest,1,10.39,20,10.39,0,Flash Sale,False,4
ORD-11407,2024-07-01,Chess Evolved,Strategy,Amazon,Southeast,1,29.99,0,29.99,0.0,,False,5
ORD-11408,2024-01-23,Cosmic Blitz,Party,Shopify Direct,Southwest,1,19.99,0,19.99,4.99,New Release,False,4
ORD-11409,2024-01-19,Ocean Explorer,Children,Shopify Direct,Southwest,1,19.99,0,19.99,4.99,New Release,False,
ORD-11410,2024-11-09,Speed Stacks,Party,Target,Midwest,1,11.04,15,11.04,0.0,Holiday Sale,False,3
ORD-11411,2024-12-22,Ocean Explorer,Children,Shopify Direct,Southwest,2,15.99,20,31.98,0,Flash Sale,False,5
ORD-11412,2024-06-27,Ocean Explorer,Children,Walmart,Midwest,1,19.99,0,19.99,0.0,,False,5
ORD-11413,2024-04-08,Pixel Quest,Family,Walmart,West,1,21.24,15,21.24,0.0,Holiday Sale,False,5
ORD-11414,2024-01-17,Pixel Quest,Family,Target,Northeast,2,21.24,15,42.48,0.0,Bundle Deal,False,5
ORD-11415,2024-08-30,Cosmic Blitz,Party,Amazon,Northeast,2,13.99,30,27.98,0.0,Clearance,False,2
ORD-11416,2024-07-31,Cosmic Blitz,Party,Target,Southeast,1,13.99,30,13.99,0.0,Flash Sale,False,
ORD-11417,2024-04-20,Ocean Explorer,Children,Shopify Direct,Midwest,2,16.99,15,33.98,6.99,Bundle Deal,False,
ORD-11418,2024-01-11,Realm Builders,Strategy,Walmart,Midwest,1,44.99,0,44.99,0.0,,False,2
ORD-11419,2024-12-24,Speed Stacks,Party,Shopify Direct,Southeast,1,12.99,0,12.99,0,,False,4
ORD-11420,2024-03-05,Dungeon Dash,Strategy,Target,Midwest,1,34.99,0,34.99,0.0,,False,4
ORD-11421,2024-04-01,Dungeon Dash,Strategy,Shopify Direct,West,1,26.24,25,26.24,0,Holiday Sale,False,
ORD-11422,2024-11-20,Kiddo Kingdom,Children,Walmart,Southeast,2,15.29,15,30.58,0.0,Bundle Deal,True,
ORD-11423,2024-12-19,Dungeon Dash,Strategy,Target,Northeast,1,34.99,0,34.99,0.0,,False,5
ORD-11424,2024-10-02,Monster Madness,Family,Amazon,Midwest,3,22.99,0,68.97,0.0,,False,
ORD-11425,2024-06-09,Pixel Quest,Family,Target,Midwest,2,22.49,10,44.98,0.0,Bundle Deal,False,
ORD-11426,2024-11-03,Kiddo Kingdom,Children,Amazon,Midwest,2,17.99,0,35.98,0.0,,False,
ORD-11427,2024-01-22,Realm Builders,Strategy,Shopify Direct,Midwest,1,44.99,0,44.99,0,,True,
ORD-11428,2024-05-05,Monster Madness,Family,Amazon,West,1,22.99,0,22.99,0.0,,False,4
ORD-11429,2024-09-18,Cosmic Blitz,Party,Amazon,Midwest,1,19.99,0,19.99,0.0,,False,2
ORD-11430,2024-12-31,Chess Evolved,Strategy,Shopify Direct,Northeast,1,29.99,0,29.99,0,New Release,False,
ORD-11431,2024-11-15,Ocean Explorer,Children,Target,Midwest,1,19.99,0,19.99,0.0,,False,3
ORD-11432,2024-07-19,Kiddo Kingdom,Children,Target,Southwest,2,15.29,15,30.58,0.0,Bundle Deal,False,
ORD-11433,2024-09-12,Speed Stacks,Party,Amazon,Northeast,2,9.74,25,19.48,0.0,Holiday Sale,False,4
ORD-11434,2024-12-10,Code Breakers,Strategy,Walmart,Southeast,2,23.79,15,47.58,0.0,Bundle Deal,False,5
ORD-11435,2024-03-07,Code Breakers,Strategy,Shopify Direct,Northeast,2,25.19,10,50.38,0,Bundle Deal,False,
ORD-11436,2024-11-19,Trivia Tornado,Party,Amazon,West,2,14.99,0,29.98,0.0,,False,
ORD-11437,2024-12-11,Kiddo Kingdom,Children,Amazon,Northeast,2,17.99,0,35.98,0.0,,False,4
ORD-11438,2024-09-19,Kiddo Kingdom,Children,Target,Midwest,3,13.49,25,40.47,0.0,Holiday Sale,False,5
ORD-11439,2024-09-22,Battle Bots Arena,Strategy,Amazon,Southwest,1,39.99,0,39.99,0.0,,False,4
ORD-11440,2024-11-23,Speed Stacks,Party,Amazon,Southwest,1,10.39,20,10.39,0.0,Flash Sale,False,4
ORD-11441,2024-12-28,Code Breakers,Strategy,Target,West,1,27.99,0,27.99,0.0,New Release,False,
ORD-11442,2024-11-06,Battle Bots Arena,Strategy,Amazon,Northeast,1,39.99,0,39.99,0.0,New Release,False,4
ORD-11443,2024-04-25,Trivia Tornado,Party,Amazon,Northeast,1,14.99,0,14.99,0.0,New Release,False,4
ORD-11444,2024-07-27,Speed Stacks,Party,Walmart,Midwest,1,12.99,0,12.99,0.0,,False,5
ORD-11445,2024-10-27,Speed Stacks,Party,Amazon,Northeast,1,12.99,0,12.99,0.0,,False,4
ORD-11446,2024-12-25,Code Breakers,Strategy,Target,Midwest,3,19.59,30,58.77,0.0,Clearance,False,
ORD-11447,2024-07-19,Speed Stacks,Party,Amazon,Northeast,1,12.99,0,12.99,0.0,,False,
ORD-11448,2024-11-23,Cosmic Blitz,Party,Shopify Direct,Northeast,1,19.99,0,19.99,6.99,New Release,False,5
ORD-11449,2024-07-27,Speed Stacks,Party,Amazon,Northeast,1,12.99,0,12.99,0.0,,False,4
ORD-11450,2024-08-02,Cosmic Blitz,Party,Amazon,West,2,19.99,0,39.98,0.0,,False,5
ORD-11451,2024-06-21,Cosmic Blitz,Party,Board Game Geek Store,Southeast,3,19.99,0,59.97,0.0,,False,5
ORD-11452,2024-01-10,Ocean Explorer,Children,Board Game Geek Store,Southwest,1,15.99,20,15.99,0.0,Holiday Sale,False,
ORD-11453,2024-01-14,Trivia Tornado,Party,Walmart,Northeast,3,12.74,15,38.22,0.0,Holiday Sale,False,
ORD-11454,2024-07-01,Dungeon Dash,Strategy,Shopify Direct,Midwest,1,34.99,0,34.99,0,,False,5
ORD-11455,2024-11-14,Cosmic Blitz,Party,Shopify Direct,Southeast,2,19.99,0,39.98,0,,False,
ORD-11456,2024-08-17,Speed Stacks,Party,Amazon,Northeast,2,12.99,0,25.98,0.0,,False,5
ORD-11457,2024-11-10,Dungeon Dash,Strategy,Walmart,Midwest,1,34.99,0,34.99,0.0,,False,
ORD-11458,2024-05-28,Cosmic Blitz,Party,Amazon,Northeast,4,17.99,10,71.96,0.0,Bundle Deal,False,5
ORD-11459,2024-11-16,Monster Madness,Family,Target,West,1,22.99,0,22.99,0.0,New Release,False,3
ORD-11460,2024-11-22,Ocean Explorer,Children,Amazon,Southeast,1,19.99,0,19.99,0.0,,False,
ORD-11461,2024-04-09,Ocean Explorer,Children,Target,Northeast,2,15.99,20,31.98,0.0,Holiday Sale,False,
ORD-11462,2024-08-08,Kiddo Kingdom,Children,Board Game Geek Store,Southeast,1,17.99,0,17.99,0.0,New Release,False,
ORD-11463,2024-01-16,Monster Madness,Family,Amazon,Northeast,1,17.24,25,17.24,0.0,Holiday Sale,False,5
ORD-11464,2024-09-23,Pixel Quest,Family,Target,West,2,22.49,10,44.98,0.0,Bundle Deal,False,
ORD-11465,2024-12-05,Pixel Quest,Family,Walmart,Midwest,1,24.99,0,24.99,0.0,,False,
ORD-11466,2024-08-10,Monster Madness,Family,Amazon,Midwest,1,16.09,30,16.09,0.0,Flash Sale,False,
ORD-11467,2024-04-20,Chess Evolved,Strategy,Shopify Direct,West,1,29.99,0,29.99,4.99,,False,4
ORD-11468,2024-03-02,Cosmic Blitz,Party,Amazon,Midwest,2,16.99,15,33.98,0.0,Bundle Deal,False,1
ORD-11469,2024-04-24,Dungeon Dash,Strategy,Walmart,Midwest,1,24.49,30,24.49,0.0,Clearance,False,5
ORD-11470,2024-02-08,Pixel Quest,Family,Amazon,Midwest,2,24.99,0,49.98,0.0,,True,
ORD-11471,2024-09-27,Monster Madness,Family,Amazon,Midwest,1,18.39,20,18.39,0.0,Flash Sale,False,
ORD-11472,2024-11-18,Speed Stacks,Party,Board Game Geek Store,Midwest,1,12.99,0,12.99,0.0,,False,4
ORD-11473,2024-08-13,Trivia Tornado,Party,Amazon,Northeast,2,14.99,0,29.98,0.0,New Release,False,
ORD-11474,2024-11-01,Pixel Quest,Family,Amazon,West,2,24.99,0,49.98,0.0,New Release,False,
ORD-11475,2024-03-23,Kiddo Kingdom,Children,Board Game Geek Store,Northeast,2,17.99,0,35.98,0.0,,False,4
ORD-11476,2024-04-11,Cosmic Blitz,Party,Amazon,Southwest,3,13.99,30,41.97,0.0,Flash Sale,False,4
ORD-11477,2024-07-24,Kiddo Kingdom,Children,Amazon,Northeast,2,17.99,0,35.98,0.0,,False,3
ORD-11478,2024-07-13,Speed Stacks,Party,Amazon,Midwest,1,12.99,0,12.99,0.0,,False,5
ORD-11479,2024-07-11,Cosmic Blitz,Party,Amazon,Midwest,2,17.99,10,35.98,0.0,Bundle Deal,False,5
ORD-11480,2024-01-25,Trivia Tornado,Party,Shopify Direct,Southwest,2,12.74,15,25.48,0,Bundle Deal,False,4
ORD-11481,2024-09-30,Pixel Quest,Family,Amazon,Midwest,2,24.99,0,49.98,0.0,,False,5
ORD-11482,2024-11-23,Chess Evolved,Strategy,Target,Midwest,1,23.99,20,23.99,0.0,Holiday Sale,False,
ORD-11483,2024-06-23,Code Breakers,Strategy,Shopify Direct,West,1,22.39,20,22.39,4.99,Holiday Sale,False,5
ORD-11484,2024-09-20,Monster Madness,Family,Amazon,Northeast,1,22.99,0,22.99,0.0,New Release,False,5
ORD-11485,2024-10-28,Monster Madness,Family,Shopify Direct,Southwest,1,22.99,0,22.99,0,New Release,False,
ORD-11486,2024-09-22,Speed Stacks,Party,Amazon,West,1,12.99,0,12.99,0.0,,False,5
ORD-11487,2024-03-28,Monster Madness,Family,Amazon,Northeast,4,18.39,20,73.56,0.0,Flash Sale,False,4
ORD-11488,2024-07-26,Kiddo Kingdom,Children,Walmart,Midwest,2,17.99,0,35.98,0.0,,False,4
ORD-11489,2024-10-31,Ocean Explorer,Children,Shopify Direct,Midwest,1,15.99,20,15.99,0,Holiday Sale,False,4
ORD-11490,2024-03-05,Ocean Explorer,Children,Amazon,Southeast,1,14.99,25,14.99,0.0,Holiday Sale,False,5
ORD-11491,2024-12-20,Battle Bots Arena,Strategy,Walmart,Southeast,1,39.99,0,39.99,0.0,,False,4
ORD-11492,2024-10-06,Battle Bots Arena,Strategy,Walmart,Northeast,1,39.99,0,39.99,0.0,,False,5
ORD-11493,2024-09-01,Cosmic Blitz,Party,Walmart,Midwest,1,19.99,0,19.99,0.0,New Release,False,
ORD-11494,2024-11-10,Monster Madness,Family,Board Game Geek Store,Midwest,1,11.49,50,11.49,0.0,Clearance,False,
ORD-11495,2024-03-19,Speed Stacks,Party,Amazon,Midwest,1,12.99,0,12.99,0.0,,False,5
ORD-11496,2024-04-05,Monster Madness,Family,Target,Southeast,1,22.99,0,22.99,0.0,,False,
ORD-11497,2024-07-18,Monster Madness,Family,Walmart,Midwest,1,22.99,0,22.99,0.0,,False,
ORD-11498,2024-06-24,Speed Stacks,Party,Amazon,Northeast,1,12.99,0,12.99,0.0,New Release,False,4
ORD-11499,2024-11-09,Monster Madness,Family,Walmart,Northeast,2,19.54,15,39.08,0.0,Bundle Deal,False,5
ORD-11500,2024-10-20,Ocean Explorer,Children,Amazon,Northeast,1,15.99,20,15.99,0.0,Flash Sale,False,5
ORD-11501,2024-09-04,Ocean Explorer,Children,Shopify Direct,Southwest,1,14.99,25,14.99,4.99,Holiday Sale,False,
ORD-11502,2024-12-17,Cosmic Blitz,Party,Board Game Geek Store,Midwest,1,11.99,40,11.99,0.0,Clearance,False,
ORD-11503,2024-07-16,Ocean Explorer,Children,Shopify Direct,Northeast,1,19.99,0,19.99,6.99,New Release,False,3
ORD-11504,2024-11-17,Speed Stacks,Party,Target,West,1,12.99,0,12.99,0.0,,False,3
ORD-11505,2024-12-26,Realm Builders,Strategy,Amazon,West,1,35.99,20,35.99,0.0,Flash Sale,False,4
ORD-11506,2024-06-16,Cosmic Blitz,Party,Amazon,Northeast,1,15.99,20,15.99,0.0,Holiday Sale,False,
ORD-11507,2024-09-25,Speed Stacks,Party,Shopify Direct,Southeast,2,11.69,10,23.38,0,Bundle Deal,False,
ORD-11508,2024-02-14,Trivia Tornado,Party,Shopify Direct,Midwest,3,14.99,0,44.97,0,,False,5
ORD-11509,2024-01-04,Cosmic Blitz,Party,Amazon,West,1,13.99,30,13.99,0.0,Flash Sale,False,4
ORD-11510,2024-08-07,Ocean Explorer,Children,Target,Midwest,1,19.99,0,19.99,0.0,New Release,False,5
ORD-11511,2024-06-21,Chess Evolved,Strategy,Board Game Geek Store,Southwest,1,20.99,30,20.99,0.0,Flash Sale,False,
ORD-11512,2024-11-10,Cosmic Blitz,Party,Shopify Direct,Southeast,1,19.99,0,19.99,0,,False,4
ORD-11513,2024-01-04,Speed Stacks,Party,Amazon,West,1,9.74,25,9.74,0.0,Holiday Sale,False,5
ORD-11514,2024-02-29,Speed Stacks,Party,Target,Northeast,1,9.09,30,9.09,0.0,Flash Sale,True,
ORD-11515,2024-11-20,Code Breakers,Strategy,Walmart,Southeast,1,16.79,40,16.79,0.0,Clearance,False,
ORD-11516,2024-09-08,Battle Bots Arena,Strategy,Walmart,Southwest,1,39.99,0,39.99,0.0,New Release,False,4
ORD-11517,2024-01-04,Speed Stacks,Party,Board Game Geek Store,West,3,11.69,10,35.07,0.0,Bundle Deal,False,4
ORD-11518,2024-02-24,Code Breakers,Strategy,Amazon,Northeast,1,27.99,0,27.99,0.0,,False,
ORD-11519,2024-11-16,Pixel Quest,Family,Amazon,Northeast,1,19.99,20,19.99,0.0,Holiday Sale,False,5
ORD-11520,2024-08-25,Kiddo Kingdom,Children,Walmart,Southeast,2,17.99,0,35.98,0.0,New Release,False,4
ORD-11521,2024-08-25,Code Breakers,Strategy,Amazon,Midwest,1,19.59,30,19.59,0.0,Clearance,False,
ORD-11522,2024-06-15,Pixel Quest,Family,Target,West,2,12.49,50,24.98,0.0,Clearance,False,
ORD-11523,2024-07-19,Speed Stacks,Party,Walmart,Southwest,1,12.99,0,12.99,0.0,,False,
ORD-11524,2024-04-21,Ocean Explorer,Children,Walmart,Southwest,3,19.99,0,59.97,0.0,,False,5
ORD-11525,2024-04-19,Code Breakers,Strategy,Target,Southwest,2,22.39,20,44.78,0.0,Flash Sale,False,5
ORD-11526,2024-06-15,Monster Madness,Family,Walmart,Northeast,1,18.39,20,18.39,0.0,Holiday Sale,False,4
ORD-11527,2024-08-25,Code Breakers,Strategy,Target,Northeast,2,25.19,10,50.38,0.0,Bundle Deal,False,4
ORD-11528,2024-09-12,Kiddo Kingdom,Children,Walmart,Northeast,1,17.99,0,17.99,0.0,New Release,True,
ORD-11529,2024-08-13,Dungeon Dash,Strategy,Amazon,Southwest,1,34.99,0,34.99,0.0,New Release,False,5
ORD-11530,2024-06-16,Ocean Explorer,Children,Board Game Geek Store,Midwest,1,19.99,0,19.99,0.0,,False,
ORD-11531,2024-02-20,Trivia Tornado,Party,Walmart,West,1,12.74,15,12.74,0.0,Holiday Sale,True,
ORD-11532,2024-10-10,Speed Stacks,Party,Walmart,Midwest,1,12.99,0,12.99,0.0,New Release,False,5
ORD-11533,2024-12-26,Monster Madness,Family,Amazon,Northeast,1,22.99,0,22.99,0.0,,False,
ORD-11534,2024-01-21,Cosmic Blitz,Party,Amazon,Southwest,1,15.99,20,15.99,0.0,Flash Sale,False,5
ORD-11535,2024-10-19,Ocean Explorer,Children,Target,Northeast,1,19.99,0,19.99,0.0,,False,
ORD-11536,2024-12-05,Dungeon Dash,Strategy,Amazon,Midwest,1,29.74,15,29.74,0.0,Holiday Sale,False,1
ORD-11537,2024-02-12,Cosmic Blitz,Party,Shopify Direct,Northeast,3,19.99,0,59.97,0,,True,
ORD-11538,2024-03-18,Pixel Quest,Family,Target,Southwest,3,14.99,40,44.97,0.0,Clearance,False,3
ORD-11539,2024-12-10,Pixel Quest,Family,Shopify Direct,Northeast,1,24.99,0,24.99,0,,False,5
ORD-11540,2024-12-04,Kiddo Kingdom,Children,Shopify Direct,Northeast,3,15.29,15,45.87,6.99,Holiday Sale,False,4
ORD-11541,2024-10-01,Cosmic Blitz,Party,Walmart,Midwest,1,19.99,0,19.99,0.0,,False,
ORD-11542,2024-03-31,Cosmic Blitz,Party,Target,West,1,19.99,0,19.99,0.0,,False,
ORD-11543,2024-03-09,Pixel Quest,Family,Amazon,Northeast,2,18.74,25,37.48,0.0,Holiday Sale,False,
ORD-11544,2024-02-03,Speed Stacks,Party,Walmart,Northeast,3,10.39,20,31.17,0.0,Flash Sale,False,5
ORD-11545,2024-02-19,Trivia Tornado,Party,Amazon,Northeast,3,10.49,30,31.47,0.0,Flash Sale,False,
ORD-11546,2024-03-07,Dungeon Dash,Strategy,Board Game Geek Store,Southwest,2,34.99,0,69.98,0.0,,False,2
ORD-11547,2024-03-04,Pixel Quest,Family,Amazon,Midwest,1,24.99,0,24.99,0.0,,False,
ORD-11548,2024-10-29,Dungeon Dash,Strategy,Amazon,Northeast,1,34.99,0,34.99,0.0,,False,5
ORD-11549,2024-12-16,Dungeon Dash,Strategy,Walmart,West,1,34.99,0,34.99,0.0,,False,
ORD-11550,2024-10-15,Ocean Explorer,Children,Walmart,Southeast,2,17.99,10,35.98,0.0,Bundle Deal,False,5
ORD-11551,2024-06-27,Trivia Tornado,Party,Amazon,Northeast,1,14.99,0,14.99,0.0,,False,
ORD-11552,2024-08-24,Pixel Quest,Family,Shopify Direct,West,2,24.99,0,49.98,0,,False,
ORD-11553,2024-02-21,Trivia Tornado,Party,Amazon,Southwest,1,7.5,50,7.5,0.0,Clearance,True,
ORD-11554,2024-12-09,Trivia Tornado,Party,Amazon,Midwest,2,14.99,0,29.98,0.0,,False,
ORD-11555,2024-08-25,Chess Evolved,Strategy,Shopify Direct,Northeast,1,23.99,20,23.99,0,Holiday Sale,False,
ORD-11556,2024-05-27,Kiddo Kingdom,Children,Amazon,Southeast,2,17.99,0,35.98,0.0,,False,1
ORD-11557,2024-08-10,Kiddo Kingdom,Children,Shopify Direct,Southeast,1,8.99,50,8.99,6.99,Clearance,False,5
ORD-11558,2024-06-19,Monster Madness,Family,Target,Northeast,1,22.99,0,22.99,0.0,New Release,False,
ORD-11559,2024-03-17,Pixel Quest,Family,Shopify Direct,Midwest,2,24.99,0,49.98,0,New Release,True,
ORD-11560,2024-07-25,Pixel Quest,Family,Board Game Geek Store,Midwest,1,24.99,0,24.99,0.0,,False,5
ORD-11561,2024-12-07,Ocean Explorer,Children,Amazon,West,1,14.99,25,14.99,0.0,Holiday Sale,False,5
ORD-11562,2024-12-28,Monster Madness,Family,Amazon,Northeast,1,22.99,0,22.99,0.0,,False,4
ORD-11563,2024-11-07,Speed Stacks,Party,Amazon,West,2,6.5,50,13.0,0.0,Clearance,False,4
ORD-11564,2024-02-03,Kiddo Kingdom,Children,Walmart,West,2,16.19,10,32.38,0.0,Bundle Deal,False,3
ORD-11565,2024-01-26,Chess Evolved,Strategy,Shopify Direct,Northeast,2,20.99,30,41.98,4.99,Flash Sale,False,
ORD-11566,2024-10-31,Cosmic Blitz,Party,Shopify Direct,Northeast,1,19.99,0,19.99,0,,False,
ORD-11567,2024-12-04,Pixel Quest,Family,Amazon,Northeast,1,24.99,0,24.99,0.0,,False,5
ORD-11568,2024-12-04,Dungeon Dash,Strategy,Target,Midwest,1,34.99,0,34.99,0.0,,False,
ORD-11569,2024-11-10,Kiddo Kingdom,Children,Target,West,1,17.99,0,17.99,0.0,,False,4
ORD-11570,2024-10-02,Chess Evolved,Strategy,Shopify Direct,Southeast,1,29.99,0,29.99,0,,False,
ORD-11571,2024-05-13,Pixel Quest,Family,Walmart,Midwest,2,19.99,20,39.98,0.0,Flash Sale,False,4
ORD-11572,2024-10-03,Cosmic Blitz,Party,Target,Southeast,1,19.99,0,19.99,0.0,New Release,False,
ORD-11573,2024-07-13,Kiddo Kingdom,Children,Amazon,Southeast,2,17.99,0,35.98,0.0,,False,4
ORD-11574,2024-10-29,Pixel Quest,Family,Walmart,Midwest,1,24.99,0,24.99,0.0,New Release,False,5
ORD-11575,2024-12-09,Chess Evolved,Strategy,Walmart,Southeast,1,22.49,25,22.49,0.0,Holiday Sale,False,
ORD-11576,2024-08-04,Pixel Quest,Family,Shopify Direct,Midwest,1,21.24,15,21.24,0,Holiday Sale,False,
ORD-11577,2024-12-19,Cosmic Blitz,Party,Walmart,Southeast,2,19.99,0,39.98,0.0,New Release,False,
ORD-11578,2024-12-03,Trivia Tornado,Party,Amazon,Northeast,1,7.5,50,7.5,0.0,Clearance,False,
ORD-11579,2024-07-11,Cosmic Blitz,Party,Amazon,Midwest,1,19.99,0,19.99,0.0,New Release,False,4
ORD-11580,2024-02-22,Trivia Tornado,Party,Amazon,Southwest,1,11.24,25,11.24,0.0,Holiday Sale,False,3
ORD-11581,2024-04-23,Cosmic Blitz,Party,Shopify Direct,West,1,19.99,0,19.99,0,,False,4
ORD-11582,2024-09-26,Kiddo Kingdom,Children,Shopify Direct,Midwest,2,16.19,10,32.38,4.99,Bundle Deal,False,5
ORD-11583,2024-05-07,Speed Stacks,Party,Shopify Direct,West,4,9.74,25,38.96,0,Holiday Sale,False,5
ORD-11584,2024-05-07,Dungeon Dash,Strategy,Amazon,Midwest,1,27.99,20,27.99,0.0,Flash Sale,False,5
ORD-11585,2024-05-14,Pixel Quest,Family,Amazon,Southeast,1,18.74,25,18.74,0.0,Holiday Sale,False,5
ORD-11586,2024-08-28,Speed Stacks,Party,Shopify Direct,Southwest,2,12.99,0,25.98,6.99,,False,4
ORD-11587,2024-01-02,Speed Stacks,Party,Shopify Direct,Midwest,1,12.99,0,12.99,0,,False,5
ORD-11588,2024-11-14,Cosmic Blitz,Party,Shopify Direct,Southeast,1,9.99,50,9.99,0,Clearance,False,
ORD-11589,2024-12-23,Trivia Tornado,Party,Walmart,Southeast,3,7.5,50,22.5,0.0,Clearance,False,
ORD-11590,2024-10-28,Cosmic Blitz,Party,Amazon,Midwest,1,19.99,0,19.99,0.0,,False,
ORD-11591,2024-09-01,Battle Bots Arena,Strategy,Amazon,Southwest,2,39.99,0,79.98,0.0,,False,2
ORD-11592,2024-12-15,Cosmic Blitz,Party,Shopify Direct,West,1,13.99,30,13.99,0,Clearance,False,5
ORD-11593,2024-03-05,Kiddo Kingdom,Children,Amazon,Midwest,1,17.99,0,17.99,0.0,,True,
ORD-11594,2024-11-29,Speed Stacks,Party,Amazon,Southwest,1,12.99,0,12.99,0.0,,False,4
ORD-11595,2024-10-12,Monster Madness,Family,Shopify Direct,Southeast,1,13.79,40,13.79,4.99,Clearance,True,
ORD-11596,2024-06-08,Speed Stacks,Party,Shopify Direct,Southeast,1,12.99,0,12.99,0,,False,
ORD-11597,2024-04-08,Speed Stacks,Party,Target,Northeast,1,9.09,30,9.09,0.0,Flash Sale,False,
ORD-11598,2024-04-04,Speed Stacks,Party,Amazon,Southeast,1,9.09,30,9.09,0.0,Flash Sale,False,5
ORD-11599,2024-12-11,Speed Stacks,Party,Amazon,Northeast,1,12.99,0,12.99,0.0,New Release,False,
ORD-11600,2024-12-21,Realm Builders,Strategy,Amazon,Southeast,1,44.99,0,44.99,0.0,,False,5
ORD-11601,2024-02-21,Ocean Explorer,Children,Target,West,1,13.99,30,13.99,0.0,Clearance,True,
ORD-11602,2024-10-01,Chess Evolved,Strategy,Shopify Direct,Southeast,2,29.99,0,59.98,4.99,,False,5
ORD-11603,2024-01-07,Ocean Explorer,Children,Amazon,Northeast,2,17.99,10,35.98,0.0,Bundle Deal,False,3
ORD-11604,2024-01-28,Cosmic Blitz,Party,Amazon,West,2,15.99,20,31.98,0.0,Flash Sale,False,
ORD-11605,2024-09-29,Dungeon Dash,Strategy,Shopify Direct,Southwest,1,24.49,30,24.49,0,Flash Sale,False,5
ORD-11606,2024-12-21,Chess Evolved,Strategy,Target,Southeast,2,26.99,10,53.98,0.0,Bundle Deal,True,
ORD-11607,2024-05-10,Trivia Tornado,Party,Walmart,Southeast,1,12.74,15,12.74,0.0,Holiday Sale,False,
ORD-11608,2024-08-17,Cosmic Blitz,Party,Shopify Direct,West,2,19.99,0,39.98,0,New Release,False,
ORD-11609,2024-08-18,Speed Stacks,Party,Walmart,Northeast,1,12.99,0,12.99,0.0,,False,5
ORD-11610,2024-10-11,Monster Madness,Family,Target,Southwest,1,22.99,0,22.99,0.0,,False,5
ORD-11611,2024-11-06,Battle Bots Arena,Strategy,Target,Southeast,2,33.99,15,67.98,0.0,Holiday Sale,False,
ORD-11612,2024-04-27,Kiddo Kingdom,Children,Target,Southeast,2,14.39,20,28.78,0.0,Flash Sale,False,5
ORD-11613,2024-12-24,Code Breakers,Strategy,Shopify Direct,West,1,27.99,0,27.99,0,New Release,False,
ORD-11614,2024-08-05,Cosmic Blitz,Party,Amazon,Southwest,3,16.99,15,50.97,0.0,Bundle Deal,False,
ORD-11615,2024-07-04,Monster Madness,Family,Shopify Direct,Midwest,1,22.99,0,22.99,0,,False,
ORD-11616,2024-12-08,Monster Madness,Family,Amazon,Midwest,3,19.54,15,58.62,0.0,Bundle Deal,False,4
ORD-11617,2024-10-27,Speed Stacks,Party,Target,West,2,11.04,15,22.08,0.0,Bundle Deal,False,
ORD-11618,2024-09-02,Speed Stacks,Party,Walmart,Southeast,1,12.99,0,12.99,0.0,,False,
ORD-11619,2024-07-14,Code Breakers,Strategy,Amazon,Northeast,1,20.99,25,20.99,0.0,Holiday Sale,False,4
ORD-11620,2024-02-22,Pixel Quest,Family,Walmart,Midwest,1,24.99,0,24.99,0.0,,False,5
ORD-11621,2024-01-26,Code Breakers,Strategy,Shopify Direct,Northeast,1,27.99,0,27.99,0,,True,
ORD-11622,2024-01-02,Code Breakers,Strategy,Shopify Direct,Southeast,1,27.99,0,27.99,0,,False,5
ORD-11623,2024-12-12,Trivia Tornado,Party,Amazon,Northeast,1,10.49,30,10.49,0.0,Flash Sale,False,5
ORD-11624,2024-05-28,Ocean Explorer,Children,Walmart,Midwest,1,19.99,0,19.99,0.0,,False,5
ORD-11625,2024-04-09,Realm Builders,Strategy,Shopify Direct,Southwest,1,44.99,0,44.99,0,,True,
ORD-11626,2024-07-25,Ocean Explorer,Children,Amazon,West,1,13.99,30,13.99,0.0,Flash Sale,False,1
ORD-11627,2024-12-18,Trivia Tornado,Party,Target,Southeast,1,14.99,0,14.99,0.0,,True,
ORD-11628,2024-07-08,Pixel Quest,Family,Amazon,West,4,19.99,20,79.96,0.0,Holiday Sale,True,
ORD-11629,2024-06-14,Monster Madness,Family,Board Game Geek Store,Midwest,2,22.99,0,45.98,0.0,New Release,True,
ORD-11630,2024-04-09,Trivia Tornado,Party,Shopify Direct,Southeast,1,10.49,30,10.49,0,Clearance,False,
ORD-11631,2024-09-27,Trivia Tornado,Party,Shopify Direct,Southwest,1,14.99,0,14.99,0,New Release,False,
ORD-11632,2024-02-07,Trivia Tornado,Party,Amazon,Midwest,1,14.99,0,14.99,0.0,New Release,False,5
ORD-11633,2024-05-01,Pixel Quest,Family,Board Game Geek Store,Northeast,2,17.49,30,34.98,0.0,Flash Sale,False,
ORD-11634,2024-04-05,Trivia Tornado,Party,Amazon,Northeast,2,11.99,20,23.98,0.0,Flash Sale,False,
ORD-11635,2024-07-03,Realm Builders,Strategy,Board Game Geek Store,Midwest,1,44.99,0,44.99,0.0,,False,4
ORD-11636,2024-11-04,Pixel Quest,Family,Shopify Direct,West,1,24.99,0,24.99,6.99,,False,
ORD-11637,2024-08-11,Cosmic Blitz,Party,Amazon,Midwest,1,19.99,0,19.99,0.0,,False,
ORD-11638,2024-07-06,Cosmic Blitz,Party,Amazon,West,2,16.99,15,33.98,0.0,Bundle Deal,False,
ORD-11639,2024-06-12,Chess Evolved,Strategy,Amazon,Midwest,1,20.99,30,20.99,0.0,Flash Sale,False,
ORD-11640,2024-01-26,Dungeon Dash,Strategy,Shopify Direct,Southwest,2,20.99,40,41.98,0,Clearance,False,3
ORD-11641,2024-09-14,Pixel Quest,Family,Shopify Direct,Southeast,2,22.49,10,44.98,0,Bundle Deal,False,5
ORD-11642,2024-09-21,Monster Madness,Family,Walmart,Northeast,1,16.09,30,16.09,0.0,Clearance,False,
ORD-11643,2024-07-10,Dungeon Dash,Strategy,Target,Southwest,1,34.99,0,34.99,0.0,,False,5
ORD-11644,2024-11-08,Chess Evolved,Strategy,Target,Southwest,1,23.99,20,23.99,0.0,Flash Sale,False,
ORD-11645,2024-04-26,Ocean Explorer,Children,Target,Southeast,2,19.99,0,39.98,0.0,,False,2
ORD-11646,2024-12-14,Dungeon Dash,Strategy,Board Game Geek Store,Southeast,2,34.99,0,69.98,0.0,,False,4
ORD-11647,2024-12-30,Cosmic Blitz,Party,Target,Northeast,1,19.99,0,19.99,0.0,New Release,False,4
ORD-11648,2024-07-30,Kiddo Kingdom,Children,Amazon,Midwest,1,17.99,0,17.99,0.0,,False,
ORD-11649,2024-08-30,Cosmic Blitz,Party,Amazon,Midwest,1,19.99,0,19.99,0.0,,True,
ORD-11650,2024-03-19,Kiddo Kingdom,Children,Walmart,Northeast,1,17.99,0,17.99,0.0,New Release,False,5
ORD-11651,2024-09-25,Speed Stacks,Party,Target,Southeast,3,6.5,50,19.5,0.0,Clearance,False,
ORD-11652,2024-10-06,Code Breakers,Strategy,Shopify Direct,Midwest,2,23.79,15,47.58,0,Bundle Deal,False,5
ORD-11653,2024-07-14,Ocean Explorer,Children,Target,Midwest,2,13.99,30,27.98,0.0,Clearance,False,2
ORD-11654,2024-12-26,Dungeon Dash,Strategy,Amazon,Midwest,1,24.49,30,24.49,0.0,Flash Sale,False,5
ORD-11655,2024-10-03,Ocean Explorer,Children,Target,Southeast,2,17.99,10,35.98,0.0,Bundle Deal,False,
ORD-11656,2024-04-29,Pixel Quest,Family,Amazon,West,3,24.99,0,74.97,0.0,,False,
ORD-11657,2024-03-13,Realm Builders,Strategy,Board Game Geek Store,West,1,44.99,0,44.99,0.0,,False,5
ORD-11658,2024-06-10,Speed Stacks,Party,Board Game Geek Store,West,1,12.99,0,12.99,0.0,,False,
ORD-11659,2024-12-07,Trivia Tornado,Party,Amazon,West,1,14.99,0,14.99,0.0,,True,
ORD-11660,2024-12-24,Pixel Quest,Family,Amazon,Northeast,2,24.99,0,49.98,0.0,,False,5
ORD-11661,2024-12-17,Cosmic Blitz,Party,Walmart,Midwest,2,17.99,10,35.98,0.0,Bundle Deal,False,5
ORD-11662,2024-12-26,Pixel Quest,Family,Shopify Direct,Northeast,1,19.99,20,19.99,4.99,Flash Sale,False,
ORD-11663,2024-01-25,Trivia Tornado,Party,Board Game Geek Store,Midwest,3,14.99,0,44.97,0.0,,False,
ORD-11664,2024-03-01,Trivia Tornado,Party,Board Game Geek Store,Southwest,2,13.49,10,26.98,0.0,Bundle Deal,False,5
ORD-11665,2024-11-30,Realm Builders,Strategy,Walmart,Southwest,3,31.49,30,94.47,0.0,Flash Sale,False,4
ORD-11666,2024-10-17,Dungeon Dash,Strategy,Shopify Direct,Northeast,1,34.99,0,34.99,0,New Release,False,1
ORD-11667,2024-10-19,Ocean Explorer,Children,Target,Northeast,1,19.99,0,19.99,0.0,New Release,False,5
ORD-11668,2024-09-13,Cosmic Blitz,Party,Walmart,West,3,14.99,25,44.97,0.0,Holiday Sale,False,5
ORD-11669,2024-01-11,Dungeon Dash,Strategy,Shopify Direct,Southeast,2,34.99,0,69.98,6.99,,False,5
ORD-11670,2024-01-06,Cosmic Blitz,Party,Amazon,Southeast,2,19.99,0,39.98,0.0,,False,4
ORD-11671,2024-10-25,Cosmic Blitz,Party,Board Game Geek Store,West,1,15.99,20,15.99,0.0,Holiday Sale,False,1
ORD-11672,2024-11-25,Ocean Explorer,Children,Shopify Direct,West,1,19.99,0,19.99,0,,False,4
ORD-11673,2024-01-08,Ocean Explorer,Children,Amazon,Southeast,1,19.99,0,19.99,0.0,,False,5
ORD-11674,2024-08-21,Realm Builders,Strategy,Target,Midwest,2,44.99,0,89.98,0.0,New Release,False,3
ORD-11675,2024-10-30,Speed Stacks,Party,Amazon,Southeast,1,10.39,20,10.39,0.0,Holiday Sale,False,
ORD-11676,2024-03-13,Trivia Tornado,Party,Amazon,Northeast,1,14.99,0,14.99,0.0,New Release,False,
ORD-11677,2024-03-05,Trivia Tornado,Party,Amazon,Southeast,1,14.99,0,14.99,0.0,,False,5
ORD-11678,2024-11-07,Code Breakers,Strategy,Amazon,Southeast,3,27.99,0,83.97,0.0,,False,
ORD-11679,2024-10-16,Pixel Quest,Family,Amazon,Northeast,1,17.49,30,17.49,0.0,Flash Sale,False,5
ORD-11680,2024-08-25,Monster Madness,Family,Shopify Direct,West,1,22.99,0,22.99,0,,False,
ORD-11681,2024-12-24,Kiddo Kingdom,Children,Amazon,Midwest,1,17.99,0,17.99,0.0,,False,5
ORD-11682,2024-09-17,Battle Bots Arena,Strategy,Amazon,Northeast,1,39.99,0,39.99,0.0,,False,
ORD-11683,2024-03-24,Cosmic Blitz,Party,Amazon,Southeast,1,16.99,15,16.99,0.0,Holiday Sale,False,4
ORD-11684,2024-05-22,Battle Bots Arena,Strategy,Walmart,West,3,39.99,0,119.97,0.0,,False,
ORD-11685,2024-12-29,Cosmic Blitz,Party,Amazon,Northeast,1,19.99,0,19.99,0.0,,False,
ORD-11686,2024-01-26,Code Breakers,Strategy,Amazon,West,1,27.99,0,27.99,0.0,New Release,False,
ORD-11687,2024-02-22,Cosmic Blitz,Party,Walmart,Northeast,2,19.99,0,39.98,0.0,,False,5
ORD-11688,2024-07-27,Cosmic Blitz,Party,Walmart,West,1,15.99,20,15.99,0.0,Holiday Sale,False,5
ORD-11689,2024-04-24,Pixel Quest,Family,Amazon,Northeast,1,24.99,0,24.99,0.0,,False,
ORD-11690,2024-12-17,Pixel Quest,Family,Amazon,West,1,24.99,0,24.99,0.0,,False,
ORD-11691,2024-04-21,Speed Stacks,Party,Amazon,West,2,11.69,10,23.38,0.0,Bundle Deal,False,3
ORD-11692,2024-04-13,Ocean Explorer,Children,Shopify Direct,Northeast,1,9.99,50,9.99,6.99,Clearance,False,5
ORD-11693,2024-01-21,Trivia Tornado,Party,Walmart,Southwest,1,8.99,40,8.99,0.0,Clearance,False,4
ORD-11694,2024-05-10,Dungeon Dash,Strategy,Board Game Geek Store,Southeast,2,31.49,10,62.98,0.0,Bundle Deal,False,4
ORD-11695,2024-07-11,Cosmic Blitz,Party,Amazon,West,1,13.99,30,13.99,0.0,Clearance,False,
ORD-11696,2024-05-10,Trivia Tornado,Party,Amazon,West,1,10.49,30,10.49,0.0,Flash Sale,False,4
ORD-11697,2024-01-21,Kiddo Kingdom,Children,Shopify Direct,Southwest,3,17.99,0,53.97,0,,False,4
ORD-11698,2024-12-30,Pixel Quest,Family,Walmart,West,1,18.74,25,18.74,0.0,Holiday Sale,False,3
ORD-11699,2024-04-05,Speed Stacks,Party,Walmart,Southeast,1,10.39,20,10.39,0.0,Holiday Sale,False,
ORD-11700,2024-05-03,Pixel Quest,Family,Walmart,Southeast,1,24.99,0,24.99,0.0,New Release,False,5
ORD-11701,2024-07-18,Ocean Explorer,Children,Shopify Direct,Southeast,1,19.99,0,19.99,0,New Release,False,
ORD-11702,2024-11-21,Realm Builders,Strategy,Amazon,Southwest,1,44.99,0,44.99,0.0,New Release,False,4
ORD-11703,2024-07-14,Battle Bots Arena,Strategy,Amazon,Northeast,1,39.99,0,39.99,0.0,,False,1
ORD-11704,2024-12-23,Kiddo Kingdom,Children,Board Game Geek Store,Southwest,3,16.19,10,48.57,0.0,Bundle Deal,False,4
ORD-11705,2024-03-14,Ocean Explorer,Children,Shopify Direct,Southeast,2,19.99,0,39.98,0,,False,4
ORD-11706,2024-05-21,Trivia Tornado,Party,Walmart,Southwest,1,10.49,30,10.49,0.0,Clearance,False,5
ORD-11707,2024-10-25,Cosmic Blitz,Party,Target,Northeast,1,19.99,0,19.99,0.0,,False,4
ORD-11708,2024-07-30,Cosmic Blitz,Party,Walmart,Northeast,3,19.99,0,59.97,0.0,,True,
ORD-11709,2024-09-28,Speed Stacks,Party,Target,Northeast,1,9.09,30,9.09,0.0,Flash Sale,False,
ORD-11710,2024-05-23,Cosmic Blitz,Party,Target,Midwest,2,19.99,0,39.98,0.0,,False,
ORD-11711,2024-08-23,Speed Stacks,Party,Walmart,West,1,12.99,0,12.99,0.0,New Release,False,
ORD-11712,2024-12-12,Dungeon Dash,Strategy,Shopify Direct,West,2,34.99,0,69.98,4.99,,False,3
ORD-11713,2024-08-08,Realm Builders,Strategy,Amazon,Midwest,1,44.99,0,44.99,0.0,,False,5
ORD-11714,2024-12-24,Pixel Quest,Family,Shopify Direct,Midwest,1,17.49,30,17.49,0,Flash Sale,False,1
ORD-11715,2024-12-15,Cosmic Blitz,Party,Amazon,Southeast,1,16.99,15,16.99,0.0,Holiday Sale,False,
ORD-11716,2024-12-20,Speed Stacks,Party,Walmart,Northeast,1,12.99,0,12.99,0.0,,False,2
ORD-11717,2024-03-03,Monster Madness,Family,Amazon,Northeast,2,22.99,0,45.98,0.0,,False,5
ORD-11718,2024-09-05,Speed Stacks,Party,Amazon,West,3,10.39,20,31.17,0.0,Flash Sale,False,3
ORD-11719,2024-12-20,Trivia Tornado,Party,Walmart,Northeast,1,14.99,0,14.99,0.0,,True,
ORD-11720,2024-04-23,Speed Stacks,Party,Amazon,Northeast,1,10.39,20,10.39,0.0,Flash Sale,False,2
ORD-11721,2024-08-23,Cosmic Blitz,Party,Walmart,West,1,19.99,0,19.99,0.0,,False,2
ORD-11722,2024-03-20,Trivia Tornado,Party,Amazon,West,2,11.24,25,22.48,0.0,Holiday Sale,False,
ORD-11723,2024-09-09,Monster Madness,Family,Target,Southeast,2,19.54,15,39.08,0.0,Bundle Deal,False,4
ORD-11724,2024-05-14,Cosmic Blitz,Party,Board Game Geek Store,Northeast,1,19.99,0,19.99,0.0,,False,5
ORD-11725,2024-11-07,Cosmic Blitz,Party,Board Game Geek Store,Southeast,4,19.99,0,79.96,0.0,,False,
ORD-11726,2024-12-16,Cosmic Blitz,Party,Walmart,Southeast,1,19.99,0,19.99,0.0,,False,
ORD-11727,2024-06-21,Monster Madness,Family,Target,Northeast,2,22.99,0,45.98,0.0,New Release,False,5
ORD-11728,2024-05-19,Trivia Tornado,Party,Target,Southeast,2,14.99,0,29.98,0.0,,False,5
ORD-11729,2024-11-30,Kiddo Kingdom,Children,Amazon,Southwest,1,12.59,30,12.59,0.0,Clearance,False,5
ORD-11730,2024-12-05,Kiddo Kingdom,Children,Walmart,Midwest,1,12.59,30,12.59,0.0,Flash Sale,False,4
ORD-11731,2024-10-18,Cosmic Blitz,Party,Walmart,Northeast,2,17.99,10,35.98,0.0,Bundle Deal,False,
ORD-11732,2024-12-10,Trivia Tornado,Party,Amazon,Southwest,1,7.5,50,7.5,0.0,Clearance,False,4
ORD-11733,2024-09-11,Cosmic Blitz,Party,Shopify Direct,Northeast,2,17.99,10,35.98,0,Bundle Deal,False,
ORD-11734,2024-11-29,Chess Evolved,Strategy,Amazon,Midwest,1,29.99,0,29.99,0.0,,False,5
ORD-11735,2024-11-13,Trivia Tornado,Party,Shopify Direct,Midwest,1,14.99,0,14.99,4.99,New Release,False,5
ORD-11736,2024-04-28,Kiddo Kingdom,Children,Walmart,Northeast,1,17.99,0,17.99,0.0,,False,5
ORD-11737,2024-08-31,Monster Madness,Family,Shopify Direct,Northeast,1,17.24,25,17.24,0,Holiday Sale,False,
ORD-11738,2024-06-07,Kiddo Kingdom,Children,Walmart,Southeast,1,17.99,0,17.99,0.0,,False,
ORD-11739,2024-04-03,Cosmic Blitz,Party,Amazon,Northeast,1,15.99,20,15.99,0.0,Flash Sale,False,4
ORD-11740,2024-08-21,Speed Stacks,Party,Amazon,Northeast,1,12.99,0,12.99,0.0,,False,4
ORD-11741,2024-08-10,Chess Evolved,Strategy,Amazon,Southeast,2,26.99,10,53.98,0.0,Bundle Deal,False,5
ORD-11742,2024-01-18,Cosmic Blitz,Party,Amazon,Northeast,1,15.99,20,15.99,0.0,Flash Sale,False,5
ORD-11743,2024-11-11,Cosmic Blitz,Party,Shopify Direct,Northeast,2,15.99,20,31.98,0,Flash Sale,False,4
ORD-11744,2024-12-21,Chess Evolved,Strategy,Amazon,Southeast,1,29.99,0,29.99,0.0,,False,
ORD-11745,2024-08-06,Battle Bots Arena,Strategy,Target,Midwest,3,27.99,30,83.97,0.0,Flash Sale,False,5
ORD-11746,2024-05-06,Realm Builders,Strategy,Amazon,Southwest,3,35.99,20,107.97,0.0,Holiday Sale,False,
ORD-11747,2024-07-21,Kiddo Kingdom,Children,Walmart,Northeast,2,15.29,15,30.58,0.0,Bundle Deal,False,5
ORD-11748,2024-05-15,Dungeon Dash,Strategy,Walmart,West,1,34.99,0,34.99,0.0,,False,4
ORD-11749,2024-08-03,Code Breakers,Strategy,Walmart,Northeast,2,25.19,10,50.38,0.0,Bundle Deal,False,1
ORD-11750,2024-10-19,Dungeon Dash,Strategy,Amazon,West,2,34.99,0,69.98,0.0,New Release,False,
ORD-11751,2024-09-22,Cosmic Blitz,Party,Walmart,Southeast,1,19.99,0,19.99,0.0,,False,4
ORD-11752,2024-10-17,Trivia Tornado,Party,Amazon,Southwest,1,11.24,25,11.24,0.0,Holiday Sale,False,5
ORD-11753,2024-07-01,Speed Stacks,Party,Amazon,West,1,7.79,40,7.79,0.0,Clearance,False,3
ORD-11754,2024-10-25,Monster Madness,Family,Shopify Direct,Northeast,3,22.99,0,68.97,0,,False,
ORD-11755,2024-10-09,Realm Builders,Strategy,Amazon,Southeast,1,44.99,0,44.99,0.0,,False,
ORD-11756,2024-10-08,Speed Stacks,Party,Amazon,Northeast,2,12.99,0,25.98,0.0,,False,
ORD-11757,2024-04-09,Realm Builders,Strategy,Amazon,Southeast,1,44.99,0,44.99,0.0,,True,
ORD-11758,2024-07-31,Chess Evolved,Strategy,Walmart,West,1,29.99,0,29.99,0.0,,True,
ORD-11759,2024-11-29,Code Breakers,Strategy,Amazon,West,1,27.99,0,27.99,0.0,,False,
ORD-11760,2024-09-06,Trivia Tornado,Party,Amazon,Midwest,1,14.99,0,14.99,0.0,,False,
ORD-11761,2024-01-30,Kiddo Kingdom,Children,Target,Southeast,1,17.99,0,17.99,0.0,,False,
ORD-11762,2024-05-23,Realm Builders,Strategy,Shopify Direct,Southeast,2,44.99,0,89.98,4.99,,False,3
ORD-11763,2024-04-29,Dungeon Dash,Strategy,Amazon,Midwest,1,29.74,15,29.74,0.0,Holiday Sale,False,4
ORD-11764,2024-08-27,Code Breakers,Strategy,Amazon,Southwest,2,22.39,20,44.78,0.0,Flash Sale,False,5
ORD-11765,2024-11-08,Speed Stacks,Party,Amazon,Southwest,2,11.04,15,22.08,0.0,Bundle Deal,False,5
ORD-11766,2024-10-11,Speed Stacks,Party,Target,Northeast,2,11.69,10,23.38,0.0,Bundle Deal,True,
ORD-11767,2024-08-22,Battle Bots Arena,Strategy,Shopify Direct,West,4,39.99,0,159.96,0,,False,3
ORD-11768,2024-03-08,Speed Stacks,Party,Amazon,West,2,11.04,15,22.08,0.0,Bundle Deal,False,
ORD-11769,2024-12-19,Chess Evolved,Strategy,Target,Southeast,1,29.99,0,29.99,0.0,,False,4
ORD-11770,2024-10-04,Speed Stacks,Party,Shopify Direct,West,1,12.99,0,12.99,6.99,,False,
ORD-11771,2024-04-02,Kiddo Kingdom,Children,Target,Midwest,1,10.79,40,10.79,0.0,Clearance,False,4
ORD-11772,2024-03-16,Ocean Explorer,Children,Shopify Direct,Midwest,1,19.99,0,19.99,4.99,,False,5
ORD-11773,2024-09-19,Dungeon Dash,Strategy,Walmart,Southwest,1,34.99,0,34.99,0.0,,False,
ORD-11774,2024-01-26,Speed Stacks,Party,Shopify Direct,West,2,9.74,25,19.48,4.99,Holiday Sale,False,5
ORD-11775,2024-04-01,Kiddo Kingdom,Children,Walmart,Southwest,1,17.99,0,17.99,0.0,,False,4
ORD-11776,2024-05-07,Cosmic Blitz,Party,Shopify Direct,Northeast,2,17.99,10,35.98,4.99,Bundle Deal,False,5
ORD-11777,2024-12-16,Kiddo Kingdom,Children,Walmart,West,1,13.49,25,13.49,0.0,Holiday Sale,False,
ORD-11778,2024-04-10,Cosmic Blitz,Party,Amazon,Southwest,2,16.99,15,33.98,0.0,Bundle Deal,False,4
ORD-11779,2024-03-26,Dungeon Dash,Strategy,Amazon,West,2,27.99,20,55.98,0.0,Flash Sale,False,
ORD-11780,2024-08-17,Chess Evolved,Strategy,Walmart,Southwest,1,25.49,15,25.49,0.0,Holiday Sale,False,4
ORD-11781,2024-04-29,Trivia Tornado,Party,Shopify Direct,Southeast,1,11.99,20,11.99,0,Flash Sale,False,
ORD-11782,2024-03-13,Speed Stacks,Party,Amazon,Midwest,1,12.99,0,12.99,0.0,,False,2
ORD-11783,2024-07-29,Pixel Quest,Family,Amazon,West,2,17.49,30,34.98,0.0,Clearance,False,5
ORD-11784,2024-03-29,Speed Stacks,Party,Walmart,Midwest,3,12.99,0,38.97,0.0,,False,5
ORD-11785,2024-11-15,Monster Madness,Family,Shopify Direct,Northeast,1,22.99,0,22.99,4.99,,False,
ORD-11786,2024-01-21,Kiddo Kingdom,Children,Target,Northeast,2,17.99,0,35.98,0.0,,False,5
ORD-11787,2024-03-29,Speed Stacks,Party,Amazon,Southeast,1,12.99,0,12.99,0.0,,False,5
ORD-11788,2024-10-05,Chess Evolved,Strategy,Shopify Direct,Southwest,1,29.99,0,29.99,0,,False,2
ORD-11789,2024-03-09,Speed Stacks,Party,Walmart,Northeast,1,12.99,0,12.99,0.0,New Release,False,4
ORD-11790,2024-07-17,Monster Madness,Family,Amazon,Southwest,2,22.99,0,45.98,0.0,,False,
ORD-11791,2024-04-21,Cosmic Blitz,Party,Walmart,West,1,19.99,0,19.99,0.0,,False,1
ORD-11792,2024-12-19,Cosmic Blitz,Party,Walmart,Midwest,2,19.99,0,39.98,0.0,,False,4
ORD-11793,2024-12-24,Speed Stacks,Party,Amazon,West,1,6.5,50,6.5,0.0,Clearance,False,
ORD-11794,2024-09-26,Pixel Quest,Family,Amazon,West,1,24.99,0,24.99,0.0,,False,
ORD-11795,2024-08-04,Code Breakers,Strategy,Walmart,West,1,22.39,20,22.39,0.0,Flash Sale,False,3
ORD-11796,2024-07-21,Pixel Quest,Family,Amazon,Northeast,2,22.49,10,44.98,0.0,Bundle Deal,False,
ORD-11797,2024-06-30,Kiddo Kingdom,Children,Amazon,Southeast,2,17.99,0,35.98,0.0,,False,5
ORD-11798,2024-09-30,Code Breakers,Strategy,Amazon,Midwest,1,23.79,15,23.79,0.0,Holiday Sale,False,5
ORD-11799,2024-07-16,Monster Madness,Family,Target,Northeast,2,11.49,50,22.98,0.0,Clearance,False,3
ORD-11800,2024-07-25,Cosmic Blitz,Party,Shopify Direct,Northeast,1,19.99,0,19.99,0,,False,5
ORD-11801,2024-03-21,Cosmic Blitz,Party,Walmart,Northeast,1,15.99,20,15.99,0.0,Holiday Sale,False,5
ORD-11802,2024-06-15,Code Breakers,Strategy,Walmart,Southwest,1,27.99,0,27.99,0.0,New Release,False,2
ORD-11803,2024-11-18,Speed Stacks,Party,Amazon,Midwest,3,12.99,0,38.97,0.0,,False,
ORD-11804,2024-11-14,Pixel Quest,Family,Walmart,Southwest,1,24.99,0,24.99,0.0,,False,5
ORD-11805,2024-10-04,Code Breakers,Strategy,Amazon,Midwest,2,27.99,0,55.98,0.0,,False,
ORD-11806,2024-07-11,Trivia Tornado,Party,Board Game Geek Store,Southeast,1,14.99,0,14.99,0.0,,False,5
ORD-11807,2024-03-11,Cosmic Blitz,Party,Walmart,Midwest,2,19.99,0,39.98,0.0,,False,4
ORD-11808,2024-01-05,Speed Stacks,Party,Walmart,Southwest,1,12.99,0,12.99,0.0,,False,
ORD-11809,2024-07-29,Trivia Tornado,Party,Board Game Geek Store,Southeast,2,8.99,40,17.98,0.0,Clearance,True,
ORD-11810,2024-10-31,Monster Madness,Family,Shopify Direct,Midwest,2,19.54,15,39.08,6.99,Bundle Deal,False,5
ORD-11811,2024-02-27,Trivia Tornado,Party,Amazon,West,1,11.99,20,11.99,0.0,Flash Sale,False,5
ORD-11812,2024-05-29,Speed Stacks,Party,Shopify Direct,Southeast,1,12.99,0,12.99,0,,False,
ORD-11813,2024-03-01,Speed Stacks,Party,Board Game Geek Store,Northeast,1,12.99,0,12.99,0.0,New Release,True,
ORD-11814,2024-02-01,Dungeon Dash,Strategy,Shopify Direct,Southeast,2,27.99,20,55.98,4.99,Flash Sale,True,
ORD-11815,2024-12-06,Speed Stacks,Party,Amazon,Southeast,2,9.74,25,19.48,0.0,Holiday Sale,False,5
ORD-11816,2024-07-31,Battle Bots Arena,Strategy,Amazon,Northeast,3,31.99,20,95.97,0.0,Flash Sale,True,
ORD-11817,2024-12-13,Trivia Tornado,Party,Walmart,Northeast,2,11.99,20,23.98,0.0,Flash Sale,True,
ORD-11818,2024-07-02,Pixel Quest,Family,Amazon,Midwest,2,21.24,15,42.48,0.0,Bundle Deal,False,5
ORD-11819,2024-09-28,Chess Evolved,Strategy,Shopify Direct,Midwest,1,29.99,0,29.99,4.99,,False,
ORD-11820,2024-03-03,Cosmic Blitz,Party,Amazon,Southwest,1,19.99,0,19.99,0.0,,False,4
ORD-11821,2024-07-24,Speed Stacks,Party,Amazon,Southeast,1,12.99,0,12.99,0.0,,False,4
ORD-11822,2024-08-11,Speed Stacks,Party,Amazon,Southwest,2,12.99,0,25.98,0.0,,False,5
ORD-11823,2024-06-18,Ocean Explorer,Children,Walmart,Southeast,2,16.99,15,33.98,0.0,Bundle Deal,False,
ORD-11824,2024-12-16,Speed Stacks,Party,Amazon,Northeast,1,12.99,0,12.99,0.0,,False,
ORD-11825,2024-06-09,Dungeon Dash,Strategy,Target,Southwest,1,27.99,20,27.99,0.0,Flash Sale,False,
ORD-11826,2024-11-01,Code Breakers,Strategy,Shopify Direct,Midwest,3,27.99,0,83.97,0,,False,
ORD-11827,2024-08-25,Chess Evolved,Strategy,Shopify Direct,Southeast,1,22.49,25,22.49,6.99,Holiday Sale,False,
ORD-11828,2024-03-28,Cosmic Blitz,Party,Walmart,Northeast,2,19.99,0,39.98,0.0,,False,4
ORD-11829,2024-09-14,Trivia Tornado,Party,Amazon,Northeast,1,14.99,0,14.99,0.0,,False,
ORD-11830,2024-07-04,Pixel Quest,Family,Shopify Direct,Southeast,1,19.99,20,19.99,6.99,Flash Sale,False,5
ORD-11831,2024-05-31,Speed Stacks,Party,Shopify Direct,Southeast,1,12.99,0,12.99,4.99,New Release,False,
ORD-11832,2024-11-04,Realm Builders,Strategy,Shopify Direct,Midwest,1,44.99,0,44.99,0,,False,5
ORD-11833,2024-12-18,Speed Stacks,Party,Shopify Direct,Midwest,1,12.99,0,12.99,0,,False,3
ORD-11834,2024-10-12,Speed Stacks,Party,Shopify Direct,Midwest,1,9.09,30,9.09,6.99,Clearance,False,3
ORD-11835,2024-12-20,Realm Builders,Strategy,Walmart,Southwest,2,44.99,0,89.98,0.0,New Release,False,
ORD-11836,2024-01-26,Kiddo Kingdom,Children,Amazon,Southeast,2,15.29,15,30.58,0.0,Bundle Deal,False,5
ORD-11837,2024-03-24,Kiddo Kingdom,Children,Shopify Direct,Southwest,4,15.29,15,61.16,0,Holiday Sale,False,
ORD-11838,2024-11-18,Speed Stacks,Party,Amazon,Southwest,1,12.99,0,12.99,0.0,,False,4
ORD-11839,2024-10-10,Cosmic Blitz,Party,Amazon,Southwest,2,15.99,20,31.98,0.0,Flash Sale,False,5
ORD-11840,2024-12-05,Ocean Explorer,Children,Amazon,Southeast,2,16.99,15,33.98,0.0,Bundle Deal,False,5
ORD-11841,2024-09-08,Realm Builders,Strategy,Walmart,Southeast,1,44.99,0,44.99,0.0,,False,3
ORD-11842,2024-08-24,Code Breakers,Strategy,Walmart,Southwest,2,27.99,0,55.98,0.0,,False,4
ORD-11843,2024-11-23,Speed Stacks,Party,Target,Midwest,3,11.04,15,33.12,0.0,Bundle Deal,False,
ORD-11844,2024-04-15,Trivia Tornado,Party,Walmart,Northeast,4,14.99,0,59.96,0.0,,False,
ORD-11845,2024-11-22,Kiddo Kingdom,Children,Amazon,Southeast,1,17.99,0,17.99,0.0,,False,
ORD-11846,2024-02-10,Cosmic Blitz,Party,Target,Midwest,2,19.99,0,39.98,0.0,,False,
ORD-11847,2024-03-26,Speed Stacks,Party,Shopify Direct,Midwest,1,12.99,0,12.99,0,,False,
ORD-11848,2024-10-26,Speed Stacks,Party,Amazon,Midwest,1,12.99,0,12.99,0.0,,False,5
ORD-11849,2024-12-08,Pixel Quest,Family,Shopify Direct,West,1,18.74,25,18.74,0,Holiday Sale,True,
ORD-11850,2024-09-29,Kiddo Kingdom,Children,Shopify Direct,Northeast,2,14.39,20,28.78,4.99,Flash Sale,False,2
ORD-11851,2024-09-28,Kiddo Kingdom,Children,Amazon,Midwest,2,15.29,15,30.58,0.0,Bundle Deal,False,4
ORD-11852,2024-08-24,Pixel Quest,Family,Amazon,West,2,24.99,0,49.98,0.0,New Release,False,
ORD-11853,2024-02-10,Cosmic Blitz,Party,Amazon,West,1,16.99,15,16.99,0.0,Holiday Sale,False,
ORD-11854,2024-11-16,Realm Builders,Strategy,Amazon,Southwest,2,31.49,30,62.98,0.0,Clearance,False,
ORD-11855,2024-02-14,Monster Madness,Family,Target,West,1,22.99,0,22.99,0.0,New Release,False,5
ORD-11856,2024-02-29,Cosmic Blitz,Party,Shopify Direct,West,1,19.99,0,19.99,0,,False,3
ORD-11857,2024-10-05,Kiddo Kingdom,Children,Board Game Geek Store,Midwest,1,14.39,20,14.39,0.0,Flash Sale,False,4
ORD-11858,2024-05-10,Speed Stacks,Party,Walmart,Northeast,2,12.99,0,25.98,0.0,New Release,False,5
ORD-11859,2024-11-21,Ocean Explorer,Children,Shopify Direct,Southeast,3,19.99,0,59.97,0,,False,1
ORD-11860,2024-01-05,Cosmic Blitz,Party,Shopify Direct,Northeast,1,19.99,0,19.99,6.99,,False,
ORD-11861,2024-08-20,Speed Stacks,Party,Amazon,Southeast,1,12.99,0,12.99,0.0,,False,2
ORD-11862,2024-09-10,Code Breakers,Strategy,Target,Midwest,1,27.99,0,27.99,0.0,,False,4
ORD-11863,2024-09-17,Trivia Tornado,Party,Amazon,Southeast,3,14.99,0,44.97,0.0,,False,5
ORD-11864,2024-08-20,Pixel Quest,Family,Shopify Direct,Midwest,2,24.99,0,49.98,0,,False,
ORD-11865,2024-07-15,Speed Stacks,Party,Target,West,2,12.99,0,25.98,0.0,,False,
ORD-11866,2024-10-29,Chess Evolved,Strategy,Amazon,Midwest,1,29.99,0,29.99,0.0,New Release,False,4
ORD-11867,2024-04-29,Cosmic Blitz,Party,Shopify Direct,Northeast,1,14.99,25,14.99,0,Holiday Sale,False,
ORD-11868,2024-06-27,Cosmic Blitz,Party,Target,Southwest,3,19.99,0,59.97,0.0,,False,4
ORD-11869,2024-05-14,Pixel Quest,Family,Target,West,1,24.99,0,24.99,0.0,,False,
ORD-11870,2024-03-09,Dungeon Dash,Strategy,Walmart,Northeast,1,34.99,0,34.99,0.0,New Release,False,
ORD-11871,2024-05-19,Cosmic Blitz,Party,Amazon,Southwest,1,19.99,0,19.99,0.0,,False,5
ORD-11872,2024-03-14,Pixel Quest,Family,Amazon,Southwest,1,24.99,0,24.99,0.0,New Release,False,4
ORD-11873,2024-10-21,Cosmic Blitz,Party,Amazon,Southwest,2,19.99,0,39.98,0.0,,False,5
ORD-11874,2024-12-21,Cosmic Blitz,Party,Shopify Direct,Northeast,2,19.99,0,39.98,0,,False,4
ORD-11875,2024-12-18,Dungeon Dash,Strategy,Amazon,Midwest,1,34.99,0,34.99,0.0,,False,
ORD-11876,2024-01-18,Realm Builders,Strategy,Target,Southeast,2,44.99,0,89.98,0.0,,False,4
ORD-11877,2024-01-06,Realm Builders,Strategy,Shopify Direct,Southeast,1,44.99,0,44.99,4.99,New Release,False,
ORD-11878,2024-01-14,Speed Stacks,Party,Amazon,Midwest,1,12.99,0,12.99,0.0,,False,3
ORD-11879,2024-07-13,Kiddo Kingdom,Children,Walmart,Midwest,1,10.79,40,10.79,0.0,Clearance,False,5
ORD-11880,2024-05-09,Ocean Explorer,Children,Walmart,West,2,19.99,0,39.98,0.0,New Release,False,5
ORD-11881,2024-01-04,Trivia Tornado,Party,Amazon,Southeast,4,14.99,0,59.96,0.0,,False,
ORD-11882,2024-03-08,Cosmic Blitz,Party,Amazon,Midwest,1,15.99,20,15.99,0.0,Flash Sale,False,5
ORD-11883,2024-12-06,Code Breakers,Strategy,Shopify Direct,Southeast,2,27.99,0,55.98,4.99,New Release,False,5
ORD-11884,2024-06-29,Realm Builders,Strategy,Amazon,Northeast,1,44.99,0,44.99,0.0,New Release,False,5
ORD-11885,2024-12-12,Ocean Explorer,Children,Target,Southeast,1,19.99,0,19.99,0.0,,False,3
ORD-11886,2024-12-07,Ocean Explorer,Children,Shopify Direct,Southwest,1,9.99,50,9.99,0,Clearance,False,
ORD-11887,2024-07-30,Cosmic Blitz,Party,Shopify Direct,West,3,13.99,30,41.97,4.99,Clearance,False,
ORD-11888,2024-05-17,Realm Builders,Strategy,Amazon,Midwest,1,44.99,0,44.99,0.0,,False,2
ORD-11889,2024-10-17,Pixel Quest,Family,Shopify Direct,Northeast,1,19.99,20,19.99,0,Holiday Sale,False,
ORD-11890,2024-04-27,Cosmic Blitz,Party,Amazon,Southeast,1,19.99,0,19.99,0.0,,False,5
ORD-11891,2024-09-27,Cosmic Blitz,Party,Amazon,West,1,19.99,0,19.99,0.0,,False,5
ORD-11892,2024-12-17,Pixel Quest,Family,Amazon,Southwest,1,21.24,15,21.24,0.0,Holiday Sale,True,
ORD-11893,2024-10-07,Cosmic Blitz,Party,Amazon,West,1,14.99,25,14.99,0.0,Holiday Sale,False,4
ORD-11894,2024-10-17,Battle Bots Arena,Strategy,Amazon,Northeast,2,39.99,0,79.98,0.0,,False,
ORD-11895,2024-11-17,Pixel Quest,Family,Amazon,West,1,24.99,0,24.99,0.0,New Release,False,4
ORD-11896,2024-11-12,Dungeon Dash,Strategy,Amazon,West,1,34.99,0,34.99,0.0,,False,
ORD-11897,2024-10-07,Battle Bots Arena,Strategy,Shopify Direct,Northeast,2,35.99,10,71.98,4.99,Bundle Deal,False,
ORD-11898,2024-02-12,Ocean Explorer,Children,Shopify Direct,Northeast,1,13.99,30,13.99,6.99,Flash Sale,False,
ORD-11899,2024-06-07,Dungeon Dash,Strategy,Walmart,West,1,34.99,0,34.99,0.0,,False,4
ORD-11900,2024-07-30,Trivia Tornado,Party,Amazon,Midwest,2,12.74,15,25.48,0.0,Bundle Deal,False,3
ORD-11901,2024-01-28,Kiddo Kingdom,Children,Amazon,Midwest,1,17.99,0,17.99,0.0,,False,3
ORD-11902,2024-09-16,Pixel Quest,Family,Amazon,Southeast,3,22.49,10,67.47,0.0,Bundle Deal,False,
ORD-11903,2024-03-13,Trivia Tornado,Party,Target,Midwest,1,14.99,0,14.99,0.0,,False,
ORD-11904,2024-04-08,Trivia Tornado,Party,Amazon,Southwest,1,14.99,0,14.99,0.0,New Release,True,
ORD-11905,2024-10-13,Ocean Explorer,Children,Shopify Direct,Southeast,1,13.99,30,13.99,4.99,Clearance,False,
ORD-11906,2024-05-26,Monster Madness,Family,Target,Northeast,1,22.99,0,22.99,0.0,New Release,False,4
ORD-11907,2024-07-28,Pixel Quest,Family,Shopify Direct,Midwest,1,24.99,0,24.99,0,,False,
ORD-11908,2024-03-30,Ocean Explorer,Children,Shopify Direct,Southwest,1,19.99,0,19.99,6.99,,False,5
ORD-11909,2024-01-06,Chess Evolved,Strategy,Shopify Direct,West,2,25.49,15,50.98,0,Bundle Deal,False,
ORD-11910,2024-03-14,Battle Bots Arena,Strategy,Shopify Direct,Northeast,1,27.99,30,27.99,0,Clearance,False,1
ORD-11911,2024-11-16,Battle Bots Arena,Strategy,Board Game Geek Store,Southeast,2,35.99,10,71.98,0.0,Bundle Deal,False,
ORD-11912,2024-07-28,Kiddo Kingdom,Children,Amazon,Southeast,1,17.99,0,17.99,0.0,,False,
ORD-11913,2024-04-03,Battle Bots Arena,Strategy,Shopify Direct,West,2,23.99,40,47.98,0,Clearance,False,
ORD-11914,2024-11-14,Speed Stacks,Party,Target,Southeast,2,11.04,15,22.08,0.0,Bundle Deal,False,
ORD-11915,2024-12-05,Dungeon Dash,Strategy,Amazon,Northeast,1,34.99,0,34.99,0.0,,False,5
ORD-11916,2024-03-05,Cosmic Blitz,Party,Target,West,2,16.99,15,33.98,0.0,Bundle Deal,False,
ORD-11917,2024-10-07,Pixel Quest,Family,Amazon,West,2,21.24,15,42.48,0.0,Bundle Deal,False,5
ORD-11918,2024-12-03,Code Breakers,Strategy,Target,Midwest,1,27.99,0,27.99,0.0,,False,
ORD-11919,2024-10-06,Kiddo Kingdom,Children,Shopify Direct,Midwest,1,12.59,30,12.59,6.99,Clearance,False,
ORD-11920,2024-09-14,Speed Stacks,Party,Walmart,Midwest,1,6.5,50,6.5,0.0,Clearance,True,
ORD-11921,2024-01-10,Trivia Tornado,Party,Amazon,Northeast,1,14.99,0,14.99,0.0,,False,
ORD-11922,2024-06-08,Speed Stacks,Party,Amazon,West,1,12.99,0,12.99,0.0,,False,4
ORD-11923,2024-09-27,Speed Stacks,Party,Amazon,Northeast,2,9.09,30,18.18,0.0,Clearance,False,2
ORD-11924,2024-12-23,Kiddo Kingdom,Children,Shopify Direct,Midwest,1,17.99,0,17.99,0,,False,5
ORD-11925,2024-04-17,Ocean Explorer,Children,Target,Northeast,2,19.99,0,39.98,0.0,New Release,False,4
ORD-11926,2024-11-29,Dungeon Dash,Strategy,Walmart,Southwest,2,34.99,0,69.98,0.0,,False,
ORD-11927,2024-12-16,Battle Bots Arena,Strategy,Board Game Geek Store,West,2,33.99,15,67.98,0.0,Bundle Deal,False,4
ORD-11928,2024-02-09,Cosmic Blitz,Party,Shopify Direct,Northeast,1,19.99,0,19.99,0,,False,4
ORD-11929,2024-01-02,Chess Evolved,Strategy,Walmart,Midwest,1,23.99,20,23.99,0.0,Holiday Sale,False,4
ORD-11930,2024-02-26,Speed Stacks,Party,Shopify Direct,West,1,9.74,25,9.74,0,Holiday Sale,False,5
ORD-11931,2024-03-02,Kiddo Kingdom,Children,Shopify Direct,West,1,8.99,50,8.99,0,Clearance,False,5
ORD-11932,2024-10-07,Code Breakers,Strategy,Shopify Direct,West,1,27.99,0,27.99,0,,False,5
ORD-11933,2024-03-10,Cosmic Blitz,Party,Shopify Direct,Northeast,3,19.99,0,59.97,0,,False,
ORD-11934,2024-07-14,Kiddo Kingdom,Children,Target,Southeast,1,17.99,0,17.99,0.0,,False,5
ORD-11935,2024-12-19,Pixel Quest,Family,Shopify Direct,Southwest,3,24.99,0,74.97,0,,False,
ORD-11936,2024-03-15,Trivia Tornado,Party,Amazon,Southwest,1,11.99,20,11.99,0.0,Flash Sale,False,
ORD-11937,2024-11-28,Cosmic Blitz,Party,Target,Southeast,1,19.99,0,19.99,0.0,,False,
ORD-11938,2024-10-22,Kiddo Kingdom,Children,Amazon,Northeast,2,16.19,10,32.38,0.0,Bundle Deal,False,
ORD-11939,2024-06-10,Speed Stacks,Party,Amazon,Northeast,3,7.79,40,23.37,0.0,Clearance,False,
ORD-11940,2024-12-31,Trivia Tornado,Party,Amazon,West,1,11.99,20,11.99,0.0,Flash Sale,False,1
ORD-11941,2024-05-21,Ocean Explorer,Children,Shopify Direct,West,1,13.99,30,13.99,6.99,Clearance,False,4
ORD-11942,2024-02-26,Speed Stacks,Party,Target,Southwest,1,12.99,0,12.99,0.0,,False,5
ORD-11943,2024-06-23,Trivia Tornado,Party,Amazon,West,1,14.99,0,14.99,0.0,New Release,False,
ORD-11944,2024-01-10,Speed Stacks,Party,Shopify Direct,West,4,11.04,15,44.16,0,Bundle Deal,False,2
ORD-11945,2024-02-22,Cosmic Blitz,Party,Target,Midwest,2,16.99,15,33.98,0.0,Bundle Deal,False,
ORD-11946,2024-02-01,Cosmic Blitz,Party,Shopify Direct,Southeast,1,19.99,0,19.99,4.99,,False,2
ORD-11947,2024-06-15,Code Breakers,Strategy,Walmart,Southeast,1,27.99,0,27.99,0.0,,False,
ORD-11948,2024-07-25,Battle Bots Arena,Strategy,Target,Northeast,2,35.99,10,71.98,0.0,Bundle Deal,False,3
ORD-11949,2024-07-12,Monster Madness,Family,Amazon,Southwest,2,18.39,20,36.78,0.0,Holiday Sale,False,5
ORD-11950,2024-08-31,Pixel Quest,Family,Walmart,Northeast,1,24.99,0,24.99,0.0,New Release,False,5
ORD-11951,2024-09-21,Ocean Explorer,Children,Shopify Direct,Southeast,1,19.99,0,19.99,0,,False,
ORD-11952,2024-04-30,Trivia Tornado,Party,Amazon,Midwest,2,14.99,0,29.98,0.0,,False,5
ORD-11953,2024-08-18,Trivia Tornado,Party,Amazon,Northeast,1,10.49,30,10.49,0.0,Flash Sale,False,
ORD-11954,2024-08-25,Chess Evolved,Strategy,Amazon,Southeast,1,29.99,0,29.99,0.0,,False,
ORD-11955,2024-09-26,Cosmic Blitz,Party,Target,Midwest,2,19.99,0,39.98,0.0,,False,2
ORD-11956,2024-03-31,Monster Madness,Family,Shopify Direct,Northeast,1,22.99,0,22.99,6.99,New Release,False,5
ORD-11957,2024-09-08,Pixel Quest,Family,Walmart,Northeast,2,19.99,20,39.98,0.0,Flash Sale,False,
ORD-11958,2024-04-29,Dungeon Dash,Strategy,Amazon,Northeast,1,34.99,0,34.99,0.0,,False,
ORD-11959,2024-04-01,Ocean Explorer,Children,Walmart,Southwest,4,19.99,0,79.96,0.0,,False,
ORD-11960,2024-05-16,Trivia Tornado,Party,Shopify Direct,Northeast,1,14.99,0,14.99,0,,False,
ORD-11961,2024-02-11,Trivia Tornado,Party,Amazon,Southwest,1,11.99,20,11.99,0.0,Flash Sale,False,3
ORD-11962,2024-08-22,Cosmic Blitz,Party,Target,Southeast,1,19.99,0,19.99,0.0,,False,5
ORD-11963,2024-08-15,Cosmic Blitz,Party,Shopify Direct,Midwest,3,19.99,0,59.97,0,,False,2
ORD-11964,2024-11-09,Speed Stacks,Party,Shopify Direct,Northeast,1,11.04,15,11.04,0,Holiday Sale,False,
ORD-11965,2024-09-09,Speed Stacks,Party,Amazon,Midwest,2,10.39,20,20.78,0.0,Holiday Sale,False,5
ORD-11966,2024-08-07,Speed Stacks,Party,Walmart,Midwest,1,12.99,0,12.99,0.0,,False,5
ORD-11967,2024-10-28,Chess Evolved,Strategy,Walmart,Midwest,1,29.99,0,29.99,0.0,New Release,False,4
ORD-11968,2024-08-02,Speed Stacks,Party,Board Game Geek Store,West,2,12.99,0,25.98,0.0,,False,5
ORD-11969,2024-03-28,Kiddo Kingdom,Children,Amazon,West,3,16.19,10,48.57,0.0,Bundle Deal,False,4
ORD-11970,2024-03-29,Ocean Explorer,Children,Amazon,Northeast,1,19.99,0,19.99,0.0,,False,2
ORD-11971,2024-11-29,Speed Stacks,Party,Amazon,Southwest,1,10.39,20,10.39,0.0,Holiday Sale,False,
ORD-11972,2024-12-15,Cosmic Blitz,Party,Shopify Direct,Midwest,2,17.99,10,35.98,0,Bundle Deal,False,
ORD-11973,2024-05-30,Speed Stacks,Party,Shopify Direct,Northeast,1,12.99,0,12.99,0,,True,
ORD-11974,2024-04-28,Pixel Quest,Family,Target,West,2,24.99,0,49.98,0.0,,False,4
ORD-11975,2024-07-20,Realm Builders,Strategy,Target,Midwest,1,44.99,0,44.99,0.0,,False,4
ORD-11976,2024-04-11,Trivia Tornado,Party,Shopify Direct,Southeast,1,14.99,0,14.99,0,,False,
ORD-11977,2024-10-16,Cosmic Blitz,Party,Shopify Direct,Midwest,2,19.99,0,39.98,4.99,,False,4
ORD-11978,2024-09-03,Code Breakers,Strategy,Amazon,Southeast,3,27.99,0,83.97,0.0,New Release,False,
ORD-11979,2024-07-23,Cosmic Blitz,Party,Amazon,Southwest,2,13.99,30,27.98,0.0,Clearance,False,
ORD-11980,2024-01-14,Kiddo Kingdom,Children,Walmart,Southwest,3,14.39,20,43.17,0.0,Flash Sale,False,5
ORD-11981,2024-04-27,Speed Stacks,Party,Amazon,Southeast,1,12.99,0,12.99,0.0,,False,
ORD-11982,2024-06-02,Speed Stacks,Party,Shopify Direct,Southeast,3,12.99,0,38.97,4.99,New Release,False,
ORD-11983,2024-03-05,Code Breakers,Strategy,Target,Northeast,1,20.99,25,20.99,0.0,Holiday Sale,False,
ORD-11984,2024-12-11,Ocean Explorer,Children,Target,Midwest,2,19.99,0,39.98,0.0,,False,4
ORD-11985,2024-07-14,Speed Stacks,Party,Amazon,Northeast,1,12.99,0,12.99,0.0,,False,
ORD-11986,2024-08-08,Trivia Tornado,Party,Walmart,Northeast,2,12.74,15,25.48,0.0,Bundle Deal,False,
ORD-11987,2024-07-02,Code Breakers,Strategy,Shopify Direct,West,1,19.59,30,19.59,0,Flash Sale,False,
ORD-11988,2024-05-16,Trivia Tornado,Party,Amazon,Midwest,2,13.49,10,26.98,0.0,Bundle Deal,False,
ORD-11989,2024-02-11,Speed Stacks,Party,Shopify Direct,Midwest,1,10.39,20,10.39,0,Flash Sale,False,5
ORD-11990,2024-11-21,Speed Stacks,Party,Board Game Geek Store,Southeast,1,9.74,25,9.74,0.0,Holiday Sale,False,
ORD-11991,2024-11-26,Speed Stacks,Party,Amazon,Northeast,3,12.99,0,38.97,0.0,,False,5
ORD-11992,2024-12-01,Trivia Tornado,Party,Amazon,West,1,8.99,40,8.99,0.0,Clearance,True,
ORD-11993,2024-01-27,Battle Bots Arena,Strategy,Amazon,Northeast,2,35.99,10,71.98,0.0,Bundle Deal,True,
ORD-11994,2024-02-08,Speed Stacks,Party,Shopify Direct,Northeast,2,12.99,0,25.98,4.99,,False,
ORD-11995,2024-02-17,Kiddo Kingdom,Children,Shopify Direct,Northeast,1,17.99,0,17.99,0,,False,2
ORD-11996,2024-07-23,Pixel Quest,Family,Walmart,Southeast,2,24.99,0,49.98,0.0,New Release,False,
ORD-11997,2024-07-19,Code Breakers,Strategy,Walmart,Southeast,1,22.39,20,22.39,0.0,Flash Sale,False,4
ORD-11998,2024-12-03,Pixel Quest,Family,Amazon,Northeast,4,19.99,20,79.96,0.0,Holiday Sale,False,
ORD-11999,2024-11-12,Code Breakers,Strategy,Board Game Geek Store,Southeast,3,27.99,0,83.97,0.0,,False,5
ORD-12000,2024-04-10,Trivia Tornado,Party,Shopify Direct,Midwest,1,10.49,30,10.49,0,Flash Sale,False,
ORD-12001,2024-04-16,Speed Stacks,Party,Walmart,Northeast,3,11.04,15,33.12,0.0,Bundle Deal,False,5
ORD-12002,2024-08-13,Dungeon Dash,Strategy,Amazon,West,1,29.74,15,29.74,0.0,Holiday Sale,False,5
ORD-12003,2024-08-15,Realm Builders,Strategy,Walmart,Northeast,1,35.99,20,35.99,0.0,Holiday Sale,False,
ORD-12004,2024-07-18,Kiddo Kingdom,Children,Shopify Direct,West,1,12.59,30,12.59,0,Flash Sale,False,5
ORD-12005,2024-10-17,Dungeon Dash,Strategy,Walmart,Northeast,2,31.49,10,62.98,0.0,Bundle Deal,False,
ORD-12006,2024-04-26,Chess Evolved,Strategy,Amazon,Southwest,2,26.99,10,53.98,0.0,Bundle Deal,False,
ORD-12007,2024-04-30,Kiddo Kingdom,Children,Amazon,West,1,14.39,20,14.39,0.0,Holiday Sale,False,4
ORD-12008,2024-11-27,Monster Madness,Family,Walmart,Southeast,2,19.54,15,39.08,0.0,Bundle Deal,False,5
ORD-12009,2024-08-19,Speed Stacks,Party,Board Game Geek Store,Southeast,1,7.79,40,7.79,0.0,Clearance,False,
ORD-12010,2024-02-04,Trivia Tornado,Party,Amazon,West,1,14.99,0,14.99,0.0,,False,4
ORD-12011,2024-12-22,Speed Stacks,Party,Amazon,Midwest,1,12.99,0,12.99,0.0,New Release,False,
ORD-12012,2024-07-16,Battle Bots Arena,Strategy,Amazon,West,1,31.99,20,31.99,0.0,Flash Sale,False,4
ORD-12013,2024-05-05,Cosmic Blitz,Party,Shopify Direct,Midwest,1,19.99,0,19.99,0,,False,
ORD-12014,2024-03-10,Cosmic Blitz,Party,Amazon,Southeast,2,17.99,10,35.98,0.0,Bundle Deal,False,
ORD-12015,2024-09-16,Trivia Tornado,Party,Amazon,West,1,14.99,0,14.99,0.0,,False,
ORD-12016,2024-10-20,Realm Builders,Strategy,Target,West,1,44.99,0,44.99,0.0,New Release,False,5
ORD-12017,2024-11-22,Dungeon Dash,Strategy,Walmart,Southeast,1,34.99,0,34.99,0.0,,False,5
ORD-12018,2024-10-14,Code Breakers,Strategy,Amazon,West,1,27.99,0,27.99,0.0,New Release,True,
ORD-12019,2024-02-05,Trivia Tornado,Party,Amazon,Southwest,1,14.99,0,14.99,0.0,,False,
ORD-12020,2024-09-17,Speed Stacks,Party,Amazon,Southwest,2,12.99,0,25.98,0.0,,False,4
ORD-12021,2024-04-14,Speed Stacks,Party,Amazon,Northeast,2,12.99,0,25.98,0.0,,False,
ORD-12022,2024-03-28,Trivia Tornado,Party,Amazon,Northeast,2,12.74,15,25.48,0.0,Holiday Sale,False,4
ORD-12023,2024-12-17,Kiddo Kingdom,Children,Amazon,Southeast,2,10.79,40,21.58,0.0,Clearance,True,
ORD-12024,2024-04-01,Realm Builders,Strategy,Shopify Direct,Northeast,1,44.99,0,44.99,6.99,,False,
ORD-12025,2024-05-05,Speed Stacks,Party,Walmart,West,1,12.99,0,12.99,0.0,,False,4
ORD-12026,2024-01-03,Trivia Tornado,Party,Amazon,Midwest,1,14.99,0,14.99,0.0,,False,
ORD-12027,2024-01-27,Pixel Quest,Family,Walmart,Southeast,2,24.99,0,49.98,0.0,,False,
ORD-12028,2024-04-12,Ocean Explorer,Children,Walmart,Northeast,1,19.99,0,19.99,0.0,,False,4
ORD-12029,2024-01-25,Chess Evolved,Strategy,Shopify Direct,Midwest,2,29.99,0,59.98,0,,False,3
ORD-12030,2024-11-29,Speed Stacks,Party,Amazon,Southeast,1,12.99,0,12.99,0.0,,False,3
ORD-12031,2024-06-22,Ocean Explorer,Children,Amazon,Midwest,1,19.99,0,19.99,0.0,,False,4
ORD-12032,2024-11-03,Speed Stacks,Party,Shopify Direct,Northeast,2,7.79,40,15.58,4.99,Clearance,True,
ORD-12033,2024-05-02,Monster Madness,Family,Shopify Direct,Midwest,2,16.09,30,32.18,6.99,Clearance,False,5
ORD-12034,2024-04-04,Monster Madness,Family,Amazon,Midwest,2,22.99,0,45.98,0.0,New Release,False,1
ORD-12035,2024-12-02,Pixel Quest,Family,Amazon,Southwest,1,24.99,0,24.99,0.0,,False,
ORD-12036,2024-08-22,Trivia Tornado,Party,Amazon,Midwest,1,14.99,0,14.99,0.0,New Release,False,
ORD-12037,2024-12-26,Kiddo Kingdom,Children,Walmart,Southeast,2,16.19,10,32.38,0.0,Bundle Deal,False,5
ORD-12038,2024-12-19,Trivia Tornado,Party,Amazon,West,1,14.99,0,14.99,0.0,,False,
ORD-12039,2024-05-22,Monster Madness,Family,Board Game Geek Store,Southwest,2,20.69,10,41.38,0.0,Bundle Deal,False,
ORD-12040,2024-10-18,Chess Evolved,Strategy,Shopify Direct,Southeast,2,20.99,30,41.98,4.99,Clearance,False,2
ORD-12041,2024-11-05,Speed Stacks,Party,Board Game Geek Store,Southeast,1,12.99,0,12.99,0.0,,False,5
ORD-12042,2024-12-07,Pixel Quest,Family,Amazon,Southeast,1,17.49,30,17.49,0.0,Clearance,False,5
ORD-12043,2024-07-22,Pixel Quest,Family,Shopify Direct,Southwest,1,24.99,0,24.99,4.99,,False,5
ORD-12044,2024-11-03,Pixel Quest,Family,Target,Midwest,3,21.24,15,63.72,0.0,Holiday Sale,False,4
ORD-12045,2024-08-25,Code Breakers,Strategy,Shopify Direct,Northeast,3,19.59,30,58.77,6.99,Clearance,False,3
ORD-12046,2024-05-08,Ocean Explorer,Children,Target,Northeast,1,14.99,25,14.99,0.0,Holiday Sale,False,
ORD-12047,2024-07-25,Dungeon Dash,Strategy,Amazon,Southeast,1,34.99,0,34.99,0.0,New Release,False,5
ORD-12048,2024-06-05,Code Breakers,Strategy,Walmart,West,2,27.99,0,55.98,0.0,,False,4
ORD-12049,2024-10-21,Pixel Quest,Family,Walmart,Midwest,1,12.49,50,12.49,0.0,Clearance,False,
ORD-12050,2024-06-01,Speed Stacks,Party,Board Game Geek Store,Northeast,3,10.39,20,31.17,0.0,Flash Sale,False,4
ORD-12051,2024-04-28,Ocean Explorer,Children,Board Game Geek Store,Southeast,3,19.99,0,59.97,0.0,,False,5
ORD-12052,2024-07-24,Ocean Explorer,Children,Board Game Geek Store,West,1,19.99,0,19.99,0.0,,False,
ORD-12053,2024-01-03,Pixel Quest,Family,Walmart,Northeast,3,24.99,0,74.97,0.0,New Release,False,5
ORD-12054,2024-09-02,Pixel Quest,Family,Walmart,Southwest,2,22.49,10,44.98,0.0,Bundle Deal,False,
ORD-12055,2024-03-02,Code Breakers,Strategy,Amazon,Southwest,1,27.99,0,27.99,0.0,New Release,False,4
ORD-12056,2024-01-07,Chess Evolved,Strategy,Amazon,Northeast,1,23.99,20,23.99,0.0,Flash Sale,False,5
ORD-12057,2024-12-05,Dungeon Dash,Strategy,Walmart,West,2,34.99,0,69.98,0.0,,False,3
ORD-12058,2024-08-23,Realm Builders,Strategy,Amazon,Southeast,4,38.24,15,152.96,0.0,Bundle Deal,False,
ORD-12059,2024-01-14,Trivia Tornado,Party,Board Game Geek Store,Southeast,1,11.99,20,11.99,0.0,Holiday Sale,False,
ORD-12060,2024-08-28,Trivia Tornado,Party,Amazon,West,1,14.99,0,14.99,0.0,New Release,False,
ORD-12061,2024-12-18,Speed Stacks,Party,Amazon,Midwest,1,12.99,0,12.99,0.0,,False,2
ORD-12062,2024-06-29,Battle Bots Arena,Strategy,Amazon,West,1,31.99,20,31.99,0.0,Flash Sale,False,2
ORD-12063,2024-08-19,Cosmic Blitz,Party,Walmart,Midwest,1,14.99,25,14.99,0.0,Holiday Sale,False,
ORD-12064,2024-08-30,Dungeon Dash,Strategy,Amazon,Midwest,2,34.99,0,69.98,0.0,,False,4
ORD-12065,2024-10-03,Dungeon Dash,Strategy,Walmart,Midwest,2,34.99,0,69.98,0.0,,False,
ORD-12066,2024-10-28,Trivia Tornado,Party,Walmart,West,2,14.99,0,29.98,0.0,,False,5
ORD-12067,2024-10-10,Ocean Explorer,Children,Walmart,West,1,19.99,0,19.99,0.0,New Release,False,4
ORD-12068,2024-06-22,Pixel Quest,Family,Target,Southeast,1,21.24,15,21.24,0.0,Holiday Sale,False,4
ORD-12069,2024-04-12,Cosmic Blitz,Party,Board Game Geek Store,Southeast,2,19.99,0,39.98,0.0,,False,
ORD-12070,2024-09-06,Code Breakers,Strategy,Walmart,Midwest,3,27.99,0,83.97,0.0,,True,
ORD-12071,2024-11-10,Pixel Quest,Family,Target,West,2,22.49,10,44.98,0.0,Bundle Deal,False,5
ORD-12072,2024-07-12,Pixel Quest,Family,Amazon,Southeast,1,24.99,0,24.99,0.0,,False,
ORD-12073,2024-05-03,Pixel Quest,Family,Shopify Direct,Southeast,1,24.99,0,24.99,4.99,New Release,False,5
ORD-12074,2024-08-31,Chess Evolved,Strategy,Amazon,West,1,29.99,0,29.99,0.0,,False,
ORD-12075,2024-12-13,Ocean Explorer,Children,Target,Northeast,2,16.99,15,33.98,0.0,Bundle Deal,False,
ORD-12076,2024-10-20,Cosmic Blitz,Party,Amazon,Southwest,1,11.99,40,11.99,0.0,Clearance,False,4
ORD-12077,2024-12-25,Trivia Tornado,Party,Amazon,Northeast,1,10.49,30,10.49,0.0,Clearance,False,3
ORD-12078,2024-08-17,Dungeon Dash,Strategy,Target,Midwest,1,34.99,0,34.99,0.0,,False,4
ORD-12079,2024-07-08,Dungeon Dash,Strategy,Walmart,Southwest,1,20.99,40,20.99,0.0,Clearance,False,
ORD-12080,2024-10-27,Speed Stacks,Party,Shopify Direct,Midwest,4,12.99,0,51.96,4.99,,False,3
ORD-12081,2024-11-07,Pixel Quest,Family,Amazon,Southwest,2,24.99,0,49.98,0.0,New Release,False,5
ORD-12082,2024-04-05,Battle Bots Arena,Strategy,Amazon,Midwest,1,39.99,0,39.99,0.0,,False,
ORD-12083,2024-09-09,Ocean Explorer,Children,Walmart,Southeast,1,19.99,0,19.99,0.0,,True,
ORD-12084,2024-05-24,Code Breakers,Strategy,Board Game Geek Store,Northeast,1,27.99,0,27.99,0.0,,False,4
ORD-12085,2024-07-18,Trivia Tornado,Party,Amazon,Southwest,2,10.49,30,20.98,0.0,Flash Sale,False,3
ORD-12086,2024-12-17,Pixel Quest,Family,Walmart,Northeast,1,17.49,30,17.49,0.0,Clearance,False,
ORD-12087,2024-03-12,Realm Builders,Strategy,Shopify Direct,Southeast,1,44.99,0,44.99,0,,False,3
ORD-12088,2024-02-02,Trivia Tornado,Party,Amazon,Northeast,3,14.99,0,44.97,0.0,,False,5
ORD-12089,2024-02-18,Realm Builders,Strategy,Amazon,Midwest,1,35.99,20,35.99,0.0,Flash Sale,False,4
ORD-12090,2024-10-29,Trivia Tornado,Party,Amazon,West,3,11.99,20,35.97,0.0,Flash Sale,False,
ORD-12091,2024-12-21,Ocean Explorer,Children,Shopify Direct,Southeast,1,19.99,0,19.99,0,,False,4
ORD-12092,2024-07-26,Kiddo Kingdom,Children,Shopify Direct,Southeast,1,15.29,15,15.29,6.99,Holiday Sale,False,5
ORD-12093,2024-10-13,Kiddo Kingdom,Children,Amazon,West,1,17.99,0,17.99,0.0,,False,
ORD-12094,2024-12-21,Chess Evolved,Strategy,Walmart,Midwest,1,29.99,0,29.99,0.0,,False,3
ORD-12095,2024-08-09,Chess Evolved,Strategy,Amazon,West,1,29.99,0,29.99,0.0,New Release,False,
ORD-12096,2024-07-26,Cosmic Blitz,Party,Amazon,West,3,15.99,20,47.97,0.0,Flash Sale,False,
ORD-12097,2024-08-23,Speed Stacks,Party,Walmart,Southeast,1,9.74,25,9.74,0.0,Holiday Sale,False,5
ORD-12098,2024-01-24,Pixel Quest,Family,Walmart,Northeast,1,24.99,0,24.99,0.0,,False,
ORD-12099,2024-03-30,Chess Evolved,Strategy,Amazon,Northeast,1,29.99,0,29.99,0.0,,False,5
ORD-12100,2024-09-04,Realm Builders,Strategy,Amazon,Northeast,2,35.99,20,71.98,0.0,Flash Sale,False,5
ORD-12101,2024-06-14,Monster Madness,Family,Walmart,Northeast,3,22.99,0,68.97,0.0,,True,
ORD-12102,2024-05-05,Cosmic Blitz,Party,Amazon,West,1,19.99,0,19.99,0.0,,False,4
ORD-12103,2024-04-21,Pixel Quest,Family,Target,Midwest,3,14.99,40,44.97,0.0,Clearance,False,
ORD-12104,2024-08-14,Dungeon Dash,Strategy,Shopify Direct,Northeast,1,34.99,0,34.99,6.99,,False,4
ORD-12105,2024-06-04,Cosmic Blitz,Party,Walmart,Northeast,2,17.99,10,35.98,0.0,Bundle Deal,False,1
ORD-12106,2024-08-30,Speed Stacks,Party,Amazon,Northeast,1,12.99,0,12.99,0.0,,False,
ORD-12107,2024-01-08,Speed Stacks,Party,Amazon,Southeast,2,9.09,30,18.18,0.0,Flash Sale,False,
ORD-12108,2024-05-24,Kiddo Kingdom,Children,Amazon,Midwest,1,15.29,15,15.29,0.0,Holiday Sale,False,5
ORD-12109,2024-10-21,Speed Stacks,Party,Walmart,West,1,12.99,0,12.99,0.0,,False,
ORD-12110,2024-09-16,Kiddo Kingdom,Children,Walmart,Southeast,2,16.19,10,32.38,0.0,Bundle Deal,False,5
ORD-12111,2024-05-31,Pixel Quest,Family,Amazon,Midwest,2,24.99,0,49.98,0.0,,False,4
ORD-12112,2024-12-26,Kiddo Kingdom,Children,Walmart,Midwest,3,12.59,30,37.77,0.0,Flash Sale,False,4
ORD-12113,2024-04-03,Monster Madness,Family,Shopify Direct,West,3,22.99,0,68.97,4.99,,False,
ORD-12114,2024-06-04,Ocean Explorer,Children,Amazon,West,3,19.99,0,59.97,0.0,,False,
ORD-12115,2024-02-02,Speed Stacks,Party,Walmart,Midwest,3,12.99,0,38.97,0.0,,False,4
ORD-12116,2024-09-04,Monster Madness,Family,Board Game Geek Store,Southeast,1,22.99,0,22.99,0.0,,False,5
ORD-12117,2024-12-23,Kiddo Kingdom,Children,Amazon,Southeast,2,15.29,15,30.58,0.0,Bundle Deal,True,
ORD-12118,2024-09-20,Trivia Tornado,Party,Amazon,West,1,12.74,15,12.74,0.0,Holiday Sale,False,
ORD-12119,2024-08-15,Trivia Tornado,Party,Amazon,West,1,14.99,0,14.99,0.0,,False,3
ORD-12120,2024-07-01,Ocean Explorer,Children,Walmart,West,2,16.99,15,33.98,0.0,Bundle Deal,False,
ORD-12121,2024-07-23,Speed Stacks,Party,Amazon,Midwest,1,12.99,0,12.99,0.0,,False,1
ORD-12122,2024-08-16,Realm Builders,Strategy,Target,Southeast,1,44.99,0,44.99,0.0,,False,2
ORD-12123,2024-07-14,Realm Builders,Strategy,Amazon,Southwest,2,40.49,10,80.98,0.0,Bundle Deal,False,4
ORD-12124,2024-05-31,Speed Stacks,Party,Target,Northeast,1,9.09,30,9.09,0.0,Clearance,False,4
ORD-12125,2024-02-02,Trivia Tornado,Party,Board Game Geek Store,Southeast,2,12.74,15,25.48,0.0,Bundle Deal,False,5
ORD-12126,2024-02-01,Speed Stacks,Party,Amazon,Northeast,1,11.04,15,11.04,0.0,Holiday Sale,False,
ORD-12127,2024-04-18,Cosmic Blitz,Party,Shopify Direct,Midwest,1,19.99,0,19.99,0,,False,5
ORD-12128,2024-03-10,Speed Stacks,Party,Amazon,Northeast,1,10.39,20,10.39,0.0,Holiday Sale,False,1
ORD-12129,2024-08-25,Cosmic Blitz,Party,Walmart,Southeast,2,17.99,10,35.98,0.0,Bundle Deal,False,5
ORD-12130,2024-12-12,Dungeon Dash,Strategy,Amazon,West,2,34.99,0,69.98,0.0,,False,
ORD-12131,2024-01-01,Monster Madness,Family,Amazon,Midwest,2,22.99,0,45.98,0.0,,False,
ORD-12132,2024-11-03,Battle Bots Arena,Strategy,Amazon,Midwest,1,39.99,0,39.99,0.0,,False,
ORD-12133,2024-03-19,Pixel Quest,Family,Walmart,Midwest,1,14.99,40,14.99,0.0,Clearance,False,5
ORD-12134,2024-12-02,Chess Evolved,Strategy,Shopify Direct,Southeast,3,29.99,0,89.97,4.99,,True,
ORD-12135,2024-06-12,Speed Stacks,Party,Shopify Direct,Southeast,2,11.69,10,23.38,0,Bundle Deal,False,5
ORD-12136,2024-08-07,Dungeon Dash,Strategy,Walmart,West,2,31.49,10,62.98,0.0,Bundle Deal,False,
ORD-12137,2024-04-17,Pixel Quest,Family,Board Game Geek Store,Northeast,1,17.49,30,17.49,0.0,Clearance,False,5
ORD-12138,2024-12-14,Pixel Quest,Family,Target,Southwest,2,24.99,0,49.98,0.0,,False,4
ORD-12139,2024-07-04,Speed Stacks,Party,Shopify Direct,Southeast,1,12.99,0,12.99,0,,False,4
ORD-12140,2024-03-14,Chess Evolved,Strategy,Shopify Direct,Midwest,1,29.99,0,29.99,4.99,,False,
ORD-12141,2024-10-20,Code Breakers,Strategy,Target,Southwest,2,23.79,15,47.58,0.0,Bundle Deal,False,
ORD-12142,2024-08-16,Kiddo Kingdom,Children,Walmart,Northeast,2,10.79,40,21.58,0.0,Clearance,False,4
ORD-12143,2024-10-05,Monster Madness,Family,Target,West,1,22.99,0,22.99,0.0,,False,4
ORD-12144,2024-06-03,Trivia Tornado,Party,Board Game Geek Store,West,1,14.99,0,14.99,0.0,,False,4
ORD-12145,2024-10-08,Trivia Tornado,Party,Shopify Direct,West,3,14.99,0,44.97,0,New Release,False,4
ORD-12146,2024-02-25,Ocean Explorer,Children,Target,Midwest,1,15.99,20,15.99,0.0,Flash Sale,False,
ORD-12147,2024-02-21,Kiddo Kingdom,Children,Target,Midwest,1,17.99,0,17.99,0.0,,False,5
ORD-12148,2024-01-04,Ocean Explorer,Children,Shopify Direct,West,3,19.99,0,59.97,0,,True,
ORD-12149,2024-03-16,Kiddo Kingdom,Children,Amazon,Midwest,2,14.39,20,28.78,0.0,Holiday Sale,False,5
ORD-12150,2024-11-07,Ocean Explorer,Children,Board Game Geek Store,Northeast,1,11.99,40,11.99,0.0,Clearance,False,4
ORD-12151,2024-04-25,Battle Bots Arena,Strategy,Amazon,Southeast,1,39.99,0,39.99,0.0,New Release,False,
ORD-12152,2024-12-02,Ocean Explorer,Children,Amazon,Southeast,1,19.99,0,19.99,0.0,,False,
ORD-12153,2024-01-17,Trivia Tornado,Party,Walmart,Midwest,1,11.24,25,11.24,0.0,Holiday Sale,False,
ORD-12154,2024-05-14,Trivia Tornado,Party,Shopify Direct,Northeast,3,13.49,10,40.47,6.99,Bundle Deal,False,
ORD-12155,2024-02-22,Speed Stacks,Party,Board Game Geek Store,Southwest,2,12.99,0,25.98,0.0,,False,4
ORD-12156,2024-07-20,Speed Stacks,Party,Walmart,Midwest,2,12.99,0,25.98,0.0,New Release,False,4
ORD-12157,2024-03-13,Cosmic Blitz,Party,Board Game Geek Store,West,1,13.99,30,13.99,0.0,Flash Sale,False,5
ORD-12158,2024-01-13,Ocean Explorer,Children,Board Game Geek Store,West,1,11.99,40,11.99,0.0,Clearance,False,4
ORD-12159,2024-09-02,Cosmic Blitz,Party,Shopify Direct,Midwest,2,13.99,30,27.98,6.99,Flash Sale,False,
ORD-12160,2024-12-08,Pixel Quest,Family,Shopify Direct,Northeast,1,18.74,25,18.74,0,Holiday Sale,False,
ORD-12161,2024-12-27,Monster Madness,Family,Walmart,Southwest,1,22.99,0,22.99,0.0,,False,5
ORD-12162,2024-07-09,Trivia Tornado,Party,Walmart,Midwest,1,10.49,30,10.49,0.0,Clearance,False,
ORD-12163,2024-06-02,Trivia Tornado,Party,Shopify Direct,Southeast,1,14.99,0,14.99,6.99,,False,4
ORD-12164,2024-11-28,Monster Madness,Family,Amazon,Southwest,3,22.99,0,68.97,0.0,,False,4
ORD-12165,2024-02-09,Chess Evolved,Strategy,Amazon,Midwest,2,26.99,10,53.98,0.0,Bundle Deal,False,
ORD-12166,2024-07-16,Code Breakers,Strategy,Amazon,Midwest,2,20.99,25,41.98,0.0,Holiday Sale,False,1
ORD-12167,2024-03-05,Kiddo Kingdom,Children,Amazon,Midwest,1,15.29,15,15.29,0.0,Holiday Sale,False,5
ORD-12168,2024-01-16,Kiddo Kingdom,Children,Walmart,Southeast,2,17.99,0,35.98,0.0,,False,4
ORD-12169,2024-08-23,Code Breakers,Strategy,Board Game Geek Store,Southeast,3,27.99,0,83.97,0.0,,False,4
ORD-12170,2024-05-03,Speed Stacks,Party,Board Game Geek Store,Northeast,2,12.99,0,25.98,0.0,,False,
ORD-12171,2024-04-22,Kiddo Kingdom,Children,Amazon,Southwest,1,17.99,0,17.99,0.0,New Release,False,5
ORD-12172,2024-09-06,Code Breakers,Strategy,Amazon,West,1,22.39,20,22.39,0.0,Flash Sale,False,4
ORD-12173,2024-05-20,Monster Madness,Family,Amazon,West,1,22.99,0,22.99,0.0,New Release,False,4
ORD-12174,2024-06-06,Speed Stacks,Party,Target,Northeast,1,12.99,0,12.99,0.0,New Release,False,2
ORD-12175,2024-07-01,Code Breakers,Strategy,Walmart,Southwest,1,22.39,20,22.39,0.0,Flash Sale,False,4
ORD-12176,2024-06-01,Kiddo Kingdom,Children,Amazon,Southwest,3,14.39,20,43.17,0.0,Flash Sale,False,
ORD-12177,2024-06-20,Code Breakers,Strategy,Board Game Geek Store,West,2,23.79,15,47.58,0.0,Bundle Deal,False,4
ORD-12178,2024-09-03,Kiddo Kingdom,Children,Shopify Direct,Midwest,1,15.29,15,15.29,0,Holiday Sale,False,4
ORD-12179,2024-12-22,Monster Madness,Family,Amazon,West,1,22.99,0,22.99,0.0,,False,
ORD-12180,2024-10-28,Chess Evolved,Strategy,Shopify Direct,Southeast,1,29.99,0,29.99,6.99,,True,
ORD-12181,2024-11-29,Trivia Tornado,Party,Amazon,Northeast,1,11.99,20,11.99,0.0,Flash Sale,False,
ORD-12182,2024-10-01,Cosmic Blitz,Party,Amazon,Midwest,1,19.99,0,19.99,0.0,,False,4
ORD-12183,2024-01-08,Chess Evolved,Strategy,Shopify Direct,Midwest,1,14.99,50,14.99,0,Clearance,False,4
ORD-12184,2024-07-27,Monster Madness,Family,Walmart,Northeast,2,19.54,15,39.08,0.0,Holiday Sale,False,
ORD-12185,2024-04-01,Code Breakers,Strategy,Amazon,Southeast,1,23.79,15,23.79,0.0,Holiday Sale,False,5
ORD-12186,2024-11-27,Realm Builders,Strategy,Walmart,West,3,44.99,0,134.97,0.0,,False,
ORD-12187,2024-03-19,Dungeon Dash,Strategy,Shopify Direct,Northeast,2,29.74,15,59.48,0,Bundle Deal,False,5
ORD-12188,2024-07-24,Cosmic Blitz,Party,Target,Midwest,1,19.99,0,19.99,0.0,,False,4
ORD-12189,2024-10-27,Monster Madness,Family,Amazon,Southeast,1,22.99,0,22.99,0.0,,False,
ORD-12190,2024-02-28,Speed Stacks,Party,Amazon,Southeast,1,12.99,0,12.99,0.0,,False,
ORD-12191,2024-07-05,Trivia Tornado,Party,Board Game Geek Store,West,2,12.74,15,25.48,0.0,Bundle Deal,False,4
ORD-12192,2024-03-05,Cosmic Blitz,Party,Shopify Direct,West,1,19.99,0,19.99,0,New Release,False,5
ORD-12193,2024-08-08,Cosmic Blitz,Party,Walmart,West,1,15.99,20,15.99,0.0,Flash Sale,False,5
ORD-12194,2024-05-04,Cosmic Blitz,Party,Shopify Direct,Midwest,1,19.99,0,19.99,4.99,New Release,False,
ORD-12195,2024-03-31,Battle Bots Arena,Strategy,Board Game Geek Store,Southeast,2,39.99,0,79.98,0.0,,False,
ORD-12196,2024-07-08,Speed Stacks,Party,Target,Midwest,1,7.79,40,7.79,0.0,Clearance,False,5
ORD-12197,2024-07-08,Trivia Tornado,Party,Shopify Direct,Southeast,1,14.99,0,14.99,6.99,New Release,False,5
ORD-12198,2024-12-07,Cosmic Blitz,Party,Shopify Direct,West,3,19.99,0,59.97,0,,False,4
ORD-12199,2024-05-28,Ocean Explorer,Children,Walmart,Southeast,3,19.99,0,59.97,0.0,,False,3
ORD-12200,2024-11-24,Monster Madness,Family,Board Game Geek Store,Southwest,2,18.39,20,36.78,0.0,Holiday Sale,False,
ORD-12201,2024-05-26,Realm Builders,Strategy,Walmart,Northeast,1,31.49,30,31.49,0.0,Clearance,False,4
ORD-12202,2024-05-01,Monster Madness,Family,Walmart,West,2,22.99,0,45.98,0.0,,False,4
ORD-12203,2024-09-13,Trivia Tornado,Party,Target,Midwest,1,14.99,0,14.99,0.0,,True,
ORD-12204,2024-07-13,Dungeon Dash,Strategy,Walmart,West,2,34.99,0,69.98,0.0,,False,
ORD-12205,2024-12-30,Dungeon Dash,Strategy,Target,Southeast,1,29.74,15,29.74,0.0,Holiday Sale,False,4
ORD-12206,2024-06-01,Speed Stacks,Party,Shopify Direct,Northeast,1,12.99,0,12.99,0,,False,
ORD-12207,2024-05-31,Trivia Tornado,Party,Shopify Direct,Southwest,1,14.99,0,14.99,0,,False,
ORD-12208,2024-06-02,Dungeon Dash,Strategy,Shopify Direct,Midwest,1,34.99,0,34.99,0,,False,5
ORD-12209,2024-02-15,Monster Madness,Family,Shopify Direct,West,1,19.54,15,19.54,6.99,Holiday Sale,False,3
ORD-12210,2024-07-18,Trivia Tornado,Party,Walmart,Northeast,1,11.24,25,11.24,0.0,Holiday Sale,False,
ORD-12211,2024-02-11,Cosmic Blitz,Party,Amazon,Southwest,1,11.99,40,11.99,0.0,Clearance,False,5
ORD-12212,2024-05-24,Dungeon Dash,Strategy,Shopify Direct,West,1,34.99,0,34.99,0,,False,4
ORD-12213,2024-10-05,Pixel Quest,Family,Shopify Direct,Southwest,1,24.99,0,24.99,0,,True,
ORD-12214,2024-01-20,Pixel Quest,Family,Shopify Direct,Southwest,2,24.99,0,49.98,0,,False,
ORD-12215,2024-11-04,Dungeon Dash,Strategy,Amazon,Northeast,2,27.99,20,55.98,0.0,Holiday Sale,False,
ORD-12216,2024-06-17,Cosmic Blitz,Party,Amazon,Northeast,1,19.99,0,19.99,0.0,,False,
ORD-12217,2024-02-19,Chess Evolved,Strategy,Board Game Geek Store,Midwest,1,20.99,30,20.99,0.0,Clearance,False,
ORD-12218,2024-02-14,Speed Stacks,Party,Amazon,Southwest,2,12.99,0,25.98,0.0,,False,5
ORD-12219,2024-06-04,Ocean Explorer,Children,Walmart,Northeast,3,19.99,0,59.97,0.0,,False,5
ORD-12220,2024-06-02,Realm Builders,Strategy,Target,Southwest,1,35.99,20,35.99,0.0,Holiday Sale,False,4
ORD-12221,2024-04-06,Kiddo Kingdom,Children,Amazon,West,1,17.99,0,17.99,0.0,New Release,False,
ORD-12222,2024-12-02,Pixel Quest,Family,Shopify Direct,Southeast,1,24.99,0,24.99,0,,False,
ORD-12223,2024-02-12,Ocean Explorer,Children,Amazon,Northeast,1,9.99,50,9.99,0.0,Clearance,False,4
ORD-12224,2024-06-25,Battle Bots Arena,Strategy,Amazon,Midwest,2,39.99,0,79.98,0.0,,True,
ORD-12225,2024-02-03,Ocean Explorer,Children,Shopify Direct,Midwest,2,16.99,15,33.98,0,Bundle Deal,False,5
ORD-12226,2024-11-02,Dungeon Dash,Strategy,Amazon,Midwest,1,24.49,30,24.49,0.0,Flash Sale,False,
ORD-12227,2024-07-24,Trivia Tornado,Party,Shopify Direct,Southwest,2,14.99,0,29.98,0,,False,3
ORD-12228,2024-07-25,Monster Madness,Family,Shopify Direct,Northeast,1,22.99,0,22.99,0,,True,
ORD-12229,2024-11-30,Ocean Explorer,Children,Amazon,Northeast,4,9.99,50,39.96,0.0,Clearance,False,
ORD-12230,2024-04-02,Speed Stacks,Party,Shopify Direct,West,1,12.99,0,12.99,0,,False,
ORD-12231,2024-07-29,Kiddo Kingdom,Children,Walmart,Southwest,2,17.99,0,35.98,0.0,,False,1
ORD-12232,2024-07-27,Chess Evolved,Strategy,Amazon,Southeast,2,29.99,0,59.98,0.0,,False,3
ORD-12233,2024-05-25,Dungeon Dash,Strategy,Amazon,Southeast,1,27.99,20,27.99,0.0,Holiday Sale,False,4
ORD-12234,2024-01-01,Dungeon Dash,Strategy,Walmart,Southeast,1,34.99,0,34.99,0.0,,False,
ORD-12235,2024-05-06,Trivia Tornado,Party,Amazon,West,2,11.99,20,23.98,0.0,Holiday Sale,False,
ORD-12236,2024-03-15,Monster Madness,Family,Shopify Direct,Southwest,1,13.79,40,13.79,0,Clearance,False,
ORD-12237,2024-10-11,Battle Bots Arena,Strategy,Shopify Direct,Midwest,1,39.99,0,39.99,0,,True,
ORD-12238,2024-06-02,Cosmic Blitz,Party,Target,Southwest,1,19.99,0,19.99,0.0,,False,
ORD-12239,2024-09-18,Speed Stacks,Party,Amazon,Midwest,1,7.79,40,7.79,0.0,Clearance,False,
ORD-12240,2024-03-30,Pixel Quest,Family,Shopify Direct,Midwest,1,24.99,0,24.99,0,,False,5
ORD-12241,2024-01-13,Monster Madness,Family,Amazon,Midwest,2,22.99,0,45.98,0.0,,False,
ORD-12242,2024-11-13,Code Breakers,Strategy,Amazon,Southwest,1,13.99,50,13.99,0.0,Clearance,False,4
ORD-12243,2024-09-09,Speed Stacks,Party,Shopify Direct,Southeast,2,11.69,10,23.38,0,Bundle Deal,False,4
ORD-12244,2024-01-26,Monster Madness,Family,Amazon,Northeast,1,16.09,30,16.09,0.0,Clearance,False,
ORD-12245,2024-07-17,Trivia Tornado,Party,Amazon,West,1,14.99,0,14.99,0.0,,False,4
ORD-12246,2024-08-02,Monster Madness,Family,Amazon,Midwest,1,22.99,0,22.99,0.0,,False,
ORD-12247,2024-09-19,Chess Evolved,Strategy,Shopify Direct,Midwest,1,17.99,40,17.99,6.99,Clearance,False,
ORD-12248,2024-04-02,Realm Builders,Strategy,Target,Northeast,1,44.99,0,44.99,0.0,,False,4
ORD-12249,2024-04-18,Dungeon Dash,Strategy,Amazon,Northeast,2,31.49,10,62.98,0.0,Bundle Deal,False,5
ORD-12250,2024-06-16,Kiddo Kingdom,Children,Amazon,Southeast,3,17.99,0,53.97,0.0,,False,
ORD-12251,2024-01-08,Pixel Quest,Family,Amazon,Midwest,1,21.24,15,21.24,0.0,Holiday Sale,False,
ORD-12252,2024-05-29,Trivia Tornado,Party,Board Game Geek Store,West,1,14.99,0,14.99,0.0,,False,4
ORD-12253,2024-07-19,Cosmic Blitz,Party,Target,Midwest,1,19.99,0,19.99,0.0,,False,3
ORD-12254,2024-01-14,Realm Builders,Strategy,Shopify Direct,Midwest,2,44.99,0,89.98,6.99,,False,5
ORD-12255,2024-08-31,Speed Stacks,Party,Target,Southeast,4,10.39,20,41.56,0.0,Flash Sale,False,4
ORD-12256,2024-06-03,Kiddo Kingdom,Children,Board Game Geek Store,Southeast,1,17.99,0,17.99,0.0,,False,
ORD-12257,2024-01-25,Cosmic Blitz,Party,Amazon,Southeast,1,19.99,0,19.99,0.0,New Release,False,2
ORD-12258,2024-01-12,Kiddo Kingdom,Children,Amazon,Northeast,1,12.59,30,12.59,0.0,Flash Sale,False,
ORD-12259,2024-12-24,Chess Evolved,Strategy,Amazon,Southwest,1,29.99,0,29.99,0.0,New Release,False,
ORD-12260,2024-03-14,Cosmic Blitz,Party,Walmart,West,3,19.99,0,59.97,0.0,,False,4
ORD-12261,2024-11-17,Ocean Explorer,Children,Shopify Direct,Northeast,2,16.99,15,33.98,6.99,Bundle Deal,False,5
ORD-12262,2024-06-29,Cosmic Blitz,Party,Walmart,Southwest,3,19.99,0,59.97,0.0,New Release,False,4
ORD-12263,2024-08-07,Trivia Tornado,Party,Walmart,Midwest,2,14.99,0,29.98,0.0,,False,
ORD-12264,2024-12-24,Monster Madness,Family,Shopify Direct,Northeast,1,22.99,0,22.99,4.99,,False,3
ORD-12265,2024-12-14,Ocean Explorer,Children,Amazon,Midwest,1,13.99,30,13.99,0.0,Clearance,False,3
ORD-12266,2024-09-05,Trivia Tornado,Party,Amazon,West,2,12.74,15,25.48,0.0,Bundle Deal,False,
ORD-12267,2024-02-12,Speed Stacks,Party,Walmart,Northeast,1,10.39,20,10.39,0.0,Holiday Sale,False,
ORD-12268,2024-10-02,Kiddo Kingdom,Children,Walmart,Southwest,2,17.99,0,35.98,0.0,,False,4
ORD-12269,2024-12-03,Speed Stacks,Party,Amazon,Northeast,3,11.69,10,35.07,0.0,Bundle Deal,False,5
ORD-12270,2024-09-11,Kiddo Kingdom,Children,Target,Southeast,1,17.99,0,17.99,0.0,,True,
ORD-12271,2024-01-16,Speed Stacks,Party,Target,Northeast,2,11.69,10,23.38,0.0,Bundle Deal,False,
ORD-12272,2024-07-07,Dungeon Dash,Strategy,Amazon,Northeast,1,27.99,20,27.99,0.0,Flash Sale,False,
ORD-12273,2024-07-06,Monster Madness,Family,Amazon,West,1,13.79,40,13.79,0.0,Clearance,False,5
ORD-12274,2024-03-22,Speed Stacks,Party,Shopify Direct,West,2,12.99,0,25.98,6.99,,False,1
ORD-12275,2024-10-17,Trivia Tornado,Party,Shopify Direct,Southwest,2,14.99,0,29.98,0,,False,
ORD-12276,2024-12-30,Chess Evolved,Strategy,Shopify Direct,Northeast,1,29.99,0,29.99,0,,False,
ORD-12277,2024-05-17,Speed Stacks,Party,Amazon,Midwest,1,10.39,20,10.39,0.0,Flash Sale,False,
ORD-12278,2024-08-24,Kiddo Kingdom,Children,Target,Southwest,1,17.99,0,17.99,0.0,,False,4
ORD-12279,2024-10-17,Speed Stacks,Party,Amazon,West,1,12.99,0,12.99,0.0,,False,5
ORD-12280,2024-09-28,Cosmic Blitz,Party,Shopify Direct,West,3,19.99,0,59.97,4.99,,False,
ORD-12281,2024-10-17,Code Breakers,Strategy,Amazon,Northeast,3,27.99,0,83.97,0.0,New Release,False,
ORD-12282,2024-07-27,Monster Madness,Family,Walmart,West,2,16.09,30,32.18,0.0,Clearance,True,
ORD-12283,2024-03-18,Dungeon Dash,Strategy,Board Game Geek Store,Northeast,2,29.74,15,59.48,0.0,Bundle Deal,False,
ORD-12284,2024-10-05,Battle Bots Arena,Strategy,Amazon,West,1,27.99,30,27.99,0.0,Clearance,False,5
ORD-12285,2024-12-19,Trivia Tornado,Party,Walmart,Midwest,1,10.49,30,10.49,0.0,Clearance,False,
ORD-12286,2024-05-26,Ocean Explorer,Children,Target,Midwest,1,13.99,30,13.99,0.0,Flash Sale,False,
ORD-12287,2024-01-27,Cosmic Blitz,Party,Amazon,Southeast,2,15.99,20,31.98,0.0,Holiday Sale,True,
ORD-12288,2024-01-01,Ocean Explorer,Children,Amazon,Northeast,1,19.99,0,19.99,0.0,,False,5
ORD-12289,2024-01-19,Cosmic Blitz,Party,Walmart,Northeast,1,16.99,15,16.99,0.0,Holiday Sale,False,4
ORD-12290,2024-06-18,Cosmic Blitz,Party,Walmart,Northeast,1,15.99,20,15.99,0.0,Holiday Sale,False,4
ORD-12291,2024-04-10,Monster Madness,Family,Amazon,Southeast,3,13.79,40,41.37,0.0,Clearance,False,5
ORD-12292,2024-10-08,Pixel Quest,Family,Board Game Geek Store,Northeast,2,24.99,0,49.98,0.0,,False,
ORD-12293,2024-12-21,Code Breakers,Strategy,Shopify Direct,Northeast,1,19.59,30,19.59,0,Flash Sale,False,4
ORD-12294,2024-08-28,Speed Stacks,Party,Shopify Direct,Southeast,2,9.74,25,19.48,4.99,Holiday Sale,False,5
ORD-12295,2024-06-19,Battle Bots Arena,Strategy,Shopify Direct,Southeast,1,39.99,0,39.99,0,,False,5
ORD-12296,2024-10-06,Trivia Tornado,Party,Amazon,Northeast,1,14.99,0,14.99,0.0,,False,5
ORD-12297,2024-12-24,Chess Evolved,Strategy,Shopify Direct,Northeast,2,25.49,15,50.98,0,Bundle Deal,False,
ORD-12298,2024-04-16,Speed Stacks,Party,Amazon,Northeast,1,11.04,15,11.04,0.0,Holiday Sale,False,4
ORD-12299,2024-10-13,Speed Stacks,Party,Amazon,Southeast,1,12.99,0,12.99,0.0,,False,4
ORD-12300,2024-06-02,Battle Bots Arena,Strategy,Amazon,Midwest,2,39.99,0,79.98,0.0,,False,4
ORD-12301,2024-04-24,Kiddo Kingdom,Children,Walmart,Northeast,1,17.99,0,17.99,0.0,New Release,False,
ORD-12302,2024-02-29,Speed Stacks,Party,Amazon,Southeast,1,12.99,0,12.99,0.0,New Release,False,
ORD-12303,2024-04-11,Kiddo Kingdom,Children,Amazon,Southwest,1,17.99,0,17.99,0.0,,False,
ORD-12304,2024-05-22,Realm Builders,Strategy,Amazon,Northeast,1,44.99,0,44.99,0.0,,False,
ORD-12305,2024-12-20,Battle Bots Arena,Strategy,Amazon,Midwest,3,27.99,30,83.97,0.0,Clearance,False,4
ORD-12306,2024-07-11,Kiddo Kingdom,Children,Amazon,Southeast,2,10.79,40,21.58,0.0,Clearance,True,
ORD-12307,2024-12-14,Speed Stacks,Party,Amazon,West,1,10.39,20,10.39,0.0,Flash Sale,False,
ORD-12308,2024-12-11,Trivia Tornado,Party,Walmart,Northeast,1,11.24,25,11.24,0.0,Holiday Sale,False,
ORD-12309,2024-10-23,Cosmic Blitz,Party,Board Game Geek Store,West,1,13.99,30,13.99,0.0,Flash Sale,False,2
ORD-12310,2024-11-23,Kiddo Kingdom,Children,Amazon,Southwest,1,17.99,0,17.99,0.0,,True,
ORD-12311,2024-01-16,Chess Evolved,Strategy,Amazon,Southeast,1,22.49,25,22.49,0.0,Holiday Sale,False,4
ORD-12312,2024-04-14,Cosmic Blitz,Party,Amazon,Midwest,1,19.99,0,19.99,0.0,New Release,False,
ORD-12313,2024-07-25,Chess Evolved,Strategy,Amazon,Southeast,1,14.99,50,14.99,0.0,Clearance,False,5
ORD-12314,2024-03-20,Cosmic Blitz,Party,Board Game Geek Store,Southwest,1,11.99,40,11.99,0.0,Clearance,False,
ORD-12315,2024-03-13,Kiddo Kingdom,Children,Amazon,Southwest,3,17.99,0,53.97,0.0,New Release,False,2
ORD-12316,2024-12-11,Monster Madness,Family,Amazon,Southeast,2,19.54,15,39.08,0.0,Bundle Deal,False,5
ORD-12317,2024-05-23,Cosmic Blitz,Party,Amazon,Southwest,1,14.99,25,14.99,0.0,Holiday Sale,False,
ORD-12318,2024-06-12,Ocean Explorer,Children,Target,Southwest,1,16.99,15,16.99,0.0,Holiday Sale,False,5
ORD-12319,2024-10-28,Speed Stacks,Party,Shopify Direct,Northeast,1,12.99,0,12.99,0,,False,5
ORD-12320,2024-01-23,Monster Madness,Family,Board Game Geek Store,Southeast,3,22.99,0,68.97,0.0,,False,
ORD-12321,2024-11-03,Monster Madness,Family,Amazon,West,2,20.69,10,41.38,0.0,Bundle Deal,False,3
ORD-12322,2024-08-01,Kiddo Kingdom,Children,Walmart,Midwest,2,17.99,0,35.98,0.0,,False,
ORD-12323,2024-06-27,Speed Stacks,Party,Target,Midwest,2,11.04,15,22.08,0.0,Bundle Deal,False,
ORD-12324,2024-04-22,Speed Stacks,Party,Board Game Geek Store,Northeast,1,9.74,25,9.74,0.0,Holiday Sale,False,5
ORD-12325,2024-04-13,Kiddo Kingdom,Children,Walmart,Southeast,1,17.99,0,17.99,0.0,,False,4
ORD-12326,2024-07-27,Code Breakers,Strategy,Amazon,Northeast,2,16.79,40,33.58,0.0,Clearance,False,
ORD-12327,2024-09-02,Trivia Tornado,Party,Target,Midwest,1,11.99,20,11.99,0.0,Holiday Sale,False,4
ORD-12328,2024-12-06,Dungeon Dash,Strategy,Walmart,Southeast,2,34.99,0,69.98,0.0,,False,5
ORD-12329,2024-08-10,Trivia Tornado,Party,Target,Midwest,1,11.99,20,11.99,0.0,Holiday Sale,False,4
ORD-12330,2024-06-15,Kiddo Kingdom,Children,Walmart,West,2,17.99,0,35.98,0.0,,False,4
ORD-12331,2024-02-24,Pixel Quest,Family,Amazon,Midwest,1,14.99,40,14.99,0.0,Clearance,False,
ORD-12332,2024-07-13,Kiddo Kingdom,Children,Amazon,Midwest,3,17.99,0,53.97,0.0,,False,
ORD-12333,2024-12-29,Cosmic Blitz,Party,Walmart,Northeast,3,11.99,40,35.97,0.0,Clearance,False,5
ORD-12334,2024-06-29,Speed Stacks,Party,Amazon,Northeast,1,12.99,0,12.99,0.0,,False,
ORD-12335,2024-01-21,Dungeon Dash,Strategy,Walmart,West,1,34.99,0,34.99,0.0,,False,5
ORD-12336,2024-10-14,Speed Stacks,Party,Shopify Direct,Midwest,4,9.74,25,38.96,0,Holiday Sale,False,1
ORD-12337,2024-03-17,Realm Builders,Strategy,Amazon,Midwest,1,44.99,0,44.99,0.0,,False,5
ORD-12338,2024-11-25,Kiddo Kingdom,Children,Amazon,Northeast,1,14.39,20,14.39,0.0,Holiday Sale,False,
ORD-12339,2024-11-20,Trivia Tornado,Party,Target,Northeast,3,12.74,15,38.22,0.0,Holiday Sale,False,
ORD-12340,2024-11-29,Code Breakers,Strategy,Amazon,West,1,22.39,20,22.39,0.0,Flash Sale,False,
ORD-12341,2024-11-21,Dungeon Dash,Strategy,Target,Midwest,2,34.99,0,69.98,0.0,,False,
ORD-12342,2024-06-05,Monster Madness,Family,Shopify Direct,Southwest,1,22.99,0,22.99,6.99,New Release,True,
ORD-12343,2024-07-04,Monster Madness,Family,Amazon,Southeast,1,22.99,0,22.99,0.0,,False,
ORD-12344,2024-12-05,Speed Stacks,Party,Amazon,Southwest,2,11.69,10,23.38,0.0,Bundle Deal,False,5
ORD-12345,2024-12-04,Trivia Tornado,Party,Shopify Direct,Southeast,1,8.99,40,8.99,4.99,Clearance,False,4
ORD-12346,2024-06-09,Dungeon Dash,Strategy,Walmart,Midwest,1,34.99,0,34.99,0.0,New Release,True,
ORD-12347,2024-11-07,Pixel Quest,Family,Target,Southeast,2,18.74,25,37.48,0.0,Holiday Sale,False,4
ORD-12348,2024-12-19,Realm Builders,Strategy,Shopify Direct,Southeast,2,38.24,15,76.48,0,Bundle Deal,False,
ORD-12349,2024-11-01,Cosmic Blitz,Party,Shopify Direct,West,1,19.99,0,19.99,4.99,New Release,False,
ORD-12350,2024-11-04,Kiddo Kingdom,Children,Walmart,Southeast,3,17.99,0,53.97,0.0,New Release,False,
ORD-12351,2024-10-29,Monster Madness,Family,Board Game Geek Store,Midwest,3,22.99,0,68.97,0.0,,False,
ORD-12352,2024-06-20,Kiddo Kingdom,Children,Amazon,Southeast,1,17.99,0,17.99,0.0,,False,5
ORD-12353,2024-10-14,Cosmic Blitz,Party,Amazon,Northeast,3,17.99,10,53.97,0.0,Bundle Deal,False,
ORD-12354,2024-06-18,Cosmic Blitz,Party,Target,West,1,19.99,0,19.99,0.0,,False,1
ORD-12355,2024-04-04,Speed Stacks,Party,Target,Northeast,1,9.09,30,9.09,0.0,Clearance,False,5
ORD-12356,2024-09-25,Cosmic Blitz,Party,Amazon,West,2,16.99,15,33.98,0.0,Bundle Deal,False,5
ORD-12357,2024-11-16,Pixel Quest,Family,Amazon,Northeast,2,21.24,15,42.48,0.0,Bundle Deal,False,5
ORD-12358,2024-12-18,Dungeon Dash,Strategy,Walmart,Northeast,1,34.99,0,34.99,0.0,,False,4
ORD-12359,2024-07-16,Speed Stacks,Party,Target,Midwest,2,9.09,30,18.18,0.0,Flash Sale,False,
ORD-12360,2024-05-11,Speed Stacks,Party,Amazon,Southeast,1,12.99,0,12.99,0.0,,False,
ORD-12361,2024-08-14,Dungeon Dash,Strategy,Walmart,Northeast,1,34.99,0,34.99,0.0,,False,1
ORD-12362,2024-11-02,Realm Builders,Strategy,Amazon,West,3,38.24,15,114.72,0.0,Bundle Deal,True,
ORD-12363,2024-10-03,Pixel Quest,Family,Target,Southwest,2,14.99,40,29.98,0.0,Clearance,False,
ORD-12364,2024-04-20,Cosmic Blitz,Party,Amazon,West,3,19.99,0,59.97,0.0,,False,5
ORD-12365,2024-12-02,Pixel Quest,Family,Amazon,Midwest,2,21.24,15,42.48,0.0,Bundle Deal,True,
ORD-12366,2024-10-10,Code Breakers,Strategy,Amazon,Southeast,1,19.59,30,19.59,0.0,Flash Sale,False,5
ORD-12367,2024-05-29,Kiddo Kingdom,Children,Walmart,Midwest,1,17.99,0,17.99,0.0,,False,
ORD-12368,2024-11-27,Trivia Tornado,Party,Walmart,Northeast,2,14.99,0,29.98,0.0,,False,
ORD-12369,2024-12-06,Chess Evolved,Strategy,Amazon,Midwest,1,20.99,30,20.99,0.0,Clearance,False,5
ORD-12370,2024-07-18,Ocean Explorer,Children,Board Game Geek Store,West,3,16.99,15,50.97,0.0,Holiday Sale,False,
ORD-12371,2024-02-12,Code Breakers,Strategy,Walmart,Midwest,2,27.99,0,55.98,0.0,,False,4
ORD-12372,2024-06-13,Trivia Tornado,Party,Walmart,Southeast,1,14.99,0,14.99,0.0,,False,5
ORD-12373,2024-09-06,Monster Madness,Family,Amazon,Midwest,1,22.99,0,22.99,0.0,,False,4
ORD-12374,2024-06-11,Speed Stacks,Party,Amazon,Northeast,1,9.74,25,9.74,0.0,Holiday Sale,False,
ORD-12375,2024-06-07,Monster Madness,Family,Target,Northeast,1,13.79,40,13.79,0.0,Clearance,False,5
ORD-12376,2024-01-25,Kiddo Kingdom,Children,Walmart,Northeast,1,17.99,0,17.99,0.0,New Release,False,2
ORD-12377,2024-12-30,Cosmic Blitz,Party,Shopify Direct,Midwest,1,14.99,25,14.99,4.99,Holiday Sale,False,5
ORD-12378,2024-06-09,Cosmic Blitz,Party,Amazon,Northeast,1,19.99,0,19.99,0.0,,True,
ORD-12379,2024-12-02,Trivia Tornado,Party,Amazon,Northeast,1,11.24,25,11.24,0.0,Holiday Sale,False,
ORD-12380,2024-12-10,Pixel Quest,Family,Walmart,Southeast,1,24.99,0,24.99,0.0,,False,5
ORD-12381,2024-12-25,Chess Evolved,Strategy,Amazon,Southeast,2,25.49,15,50.98,0.0,Bundle Deal,False,2
ORD-12382,2024-06-30,Cosmic Blitz,Party,Walmart,West,3,19.99,0,59.97,0.0,,False,4
ORD-12383,2024-01-15,Speed Stacks,Party,Walmart,West,1,12.99,0,12.99,0.0,,False,4
ORD-12384,2024-10-26,Speed Stacks,Party,Walmart,West,2,11.04,15,22.08,0.0,Bundle Deal,False,5
ORD-12385,2024-06-25,Speed Stacks,Party,Walmart,Midwest,1,10.39,20,10.39,0.0,Holiday Sale,False,
ORD-12386,2024-12-11,Chess Evolved,Strategy,Shopify Direct,Northeast,1,20.99,30,20.99,0,Flash Sale,False,5
ORD-12387,2024-01-13,Trivia Tornado,Party,Shopify Direct,Midwest,1,14.99,0,14.99,6.99,New Release,False,5
ORD-12388,2024-05-27,Monster Madness,Family,Board Game Geek Store,Southeast,2,16.09,30,32.18,0.0,Clearance,False,4
ORD-12389,2024-02-26,Pixel Quest,Family,Shopify Direct,West,1,24.99,0,24.99,0,,False,4
ORD-12390,2024-11-03,Kiddo Kingdom,Children,Shopify Direct,Southwest,1,17.99,0,17.99,0,New Release,False,4
ORD-12391,2024-10-16,Chess Evolved,Strategy,Shopify Direct,Northeast,1,25.49,15,25.49,0,Holiday Sale,False,5
ORD-12392,2024-11-24,Code Breakers,Strategy,Walmart,Northeast,1,27.99,0,27.99,0.0,,False,5
ORD-12393,2024-10-31,Monster Madness,Family,Shopify Direct,Northeast,1,18.39,20,18.39,0,Holiday Sale,True,
ORD-12394,2024-12-17,Pixel Quest,Family,Amazon,Midwest,1,24.99,0,24.99,0.0,,False,3
ORD-12395,2024-08-16,Code Breakers,Strategy,Walmart,Southwest,1,27.99,0,27.99,0.0,New Release,False,5
ORD-12396,2024-10-22,Chess Evolved,Strategy,Amazon,Midwest,1,29.99,0,29.99,0.0,,False,
ORD-12397,2024-03-10,Pixel Quest,Family,Amazon,West,2,14.99,40,29.98,0.0,Clearance,False,5
ORD-12398,2024-12-05,Ocean Explorer,Children,Board Game Geek Store,Southeast,1,13.99,30,13.99,0.0,Flash Sale,False,4
ORD-12399,2024-02-18,Chess Evolved,Strategy,Board Game Geek Store,West,1,29.99,0,29.99,0.0,,False,
ORD-12400,2024-06-05,Kiddo Kingdom,Children,Amazon,Southwest,1,17.99,0,17.99,0.0,,False,
ORD-12401,2024-12-29,Kiddo Kingdom,Children,Shopify Direct,Midwest,1,17.99,0,17.99,0,,False,5
ORD-12402,2024-09-12,Battle Bots Arena,Strategy,Amazon,West,1,39.99,0,39.99,0.0,,False,
ORD-12403,2024-12-19,Ocean Explorer,Children,Target,Northeast,1,13.99,30,13.99,0.0,Flash Sale,False,
ORD-12404,2024-11-04,Speed Stacks,Party,Amazon,West,2,11.04,15,22.08,0.0,Bundle Deal,False,4
ORD-12405,2024-12-21,Battle Bots Arena,Strategy,Target,West,3,39.99,0,119.97,0.0,,False,
ORD-12406,2024-03-19,Pixel Quest,Family,Amazon,Southwest,1,24.99,0,24.99,0.0,New Release,False,5
ORD-12407,2024-04-04,Speed Stacks,Party,Amazon,West,4,11.04,15,44.16,0.0,Bundle Deal,False,
ORD-12408,2024-04-03,Code Breakers,Strategy,Shopify Direct,Northeast,1,19.59,30,19.59,0,Clearance,False,3
ORD-12409,2024-10-11,Cosmic Blitz,Party,Amazon,Southeast,1,19.99,0,19.99,0.0,,False,5
ORD-12410,2024-09-23,Monster Madness,Family,Amazon,Southwest,1,11.49,50,11.49,0.0,Clearance,False,5
ORD-12411,2024-10-02,Monster Madness,Family,Target,Northeast,4,22.99,0,91.96,0.0,,False,5
ORD-12412,2024-04-06,Ocean Explorer,Children,Board Game Geek Store,Southeast,1,19.99,0,19.99,0.0,,False,5
ORD-12413,2024-08-19,Dungeon Dash,Strategy,Walmart,Northeast,2,31.49,10,62.98,0.0,Bundle Deal,False,3
ORD-12414,2024-05-18,Pixel Quest,Family,Walmart,Southwest,2,21.24,15,42.48,0.0,Holiday Sale,False,
ORD-12415,2024-08-10,Realm Builders,Strategy,Target,Northeast,2,38.24,15,76.48,0.0,Bundle Deal,False,5
ORD-12416,2024-05-18,Battle Bots Arena,Strategy,Amazon,West,1,31.99,20,31.99,0.0,Flash Sale,False,4
ORD-12417,2024-12-25,Pixel Quest,Family,Walmart,Midwest,1,17.49,30,17.49,0.0,Flash Sale,False,5
ORD-12418,2024-05-25,Chess Evolved,Strategy,Amazon,Midwest,2,23.99,20,47.98,0.0,Holiday Sale,True,
ORD-12419,2024-11-21,Speed Stacks,Party,Board Game Geek Store,West,1,12.99,0,12.99,0.0,,False,5
ORD-12420,2024-02-06,Cosmic Blitz,Party,Shopify Direct,Midwest,1,19.99,0,19.99,0,,False,4
ORD-12421,2024-12-30,Kiddo Kingdom,Children,Board Game Geek Store,Southeast,1,17.99,0,17.99,0.0,,False,4
ORD-12422,2024-02-17,Speed Stacks,Party,Walmart,Midwest,2,12.99,0,25.98,0.0,,False,
ORD-12423,2024-06-05,Monster Madness,Family,Target,Southeast,1,22.99,0,22.99,0.0,,False,4
ORD-12424,2024-12-11,Chess Evolved,Strategy,Walmart,Southwest,1,29.99,0,29.99,0.0,New Release,False,
ORD-12425,2024-09-26,Ocean Explorer,Children,Amazon,Northeast,1,13.99,30,13.99,0.0,Flash Sale,False,5
ORD-12426,2024-03-09,Kiddo Kingdom,Children,Amazon,Southeast,1,17.99,0,17.99,0.0,,False,5
ORD-12427,2024-09-24,Speed Stacks,Party,Board Game Geek Store,Midwest,2,12.99,0,25.98,0.0,New Release,False,
ORD-12428,2024-11-05,Speed Stacks,Party,Shopify Direct,Southeast,1,12.99,0,12.99,0,,False,4
ORD-12429,2024-10-08,Dungeon Dash,Strategy,Walmart,West,1,34.99,0,34.99,0.0,,False,
ORD-12430,2024-05-25,Code Breakers,Strategy,Walmart,Southeast,1,16.79,40,16.79,0.0,Clearance,False,5
ORD-12431,2024-08-21,Code Breakers,Strategy,Shopify Direct,West,1,13.99,50,13.99,0,Clearance,False,4
ORD-12432,2024-02-12,Battle Bots Arena,Strategy,Amazon,Midwest,2,39.99,0,79.98,0.0,New Release,False,5
ORD-12433,2024-08-02,Realm Builders,Strategy,Walmart,Northeast,2,31.49,30,62.98,0.0,Clearance,False,5
ORD-12434,2024-12-15,Cosmic Blitz,Party,Amazon,Northeast,3,9.99,50,29.97,0.0,Clearance,False,5
ORD-12435,2024-05-22,Ocean Explorer,Children,Walmart,West,1,15.99,20,15.99,0.0,Holiday Sale,False,5
ORD-12436,2024-10-14,Trivia Tornado,Party,Shopify Direct,West,1,10.49,30,10.49,0,Flash Sale,False,3
ORD-12437,2024-12-15,Speed Stacks,Party,Shopify Direct,Southwest,4,6.5,50,26.0,4.99,Clearance,False,
ORD-12438,2024-02-06,Monster Madness,Family,Walmart,Northeast,1,17.24,25,17.24,0.0,Holiday Sale,False,2
ORD-12439,2024-07-16,Chess Evolved,Strategy,Amazon,West,1,29.99,0,29.99,0.0,,False,4
ORD-12440,2024-02-13,Battle Bots Arena,Strategy,Walmart,Northeast,2,31.99,20,63.98,0.0,Flash Sale,False,
ORD-12441,2024-09-07,Kiddo Kingdom,Children,Walmart,Northeast,1,12.59,30,12.59,0.0,Flash Sale,False,
ORD-12442,2024-08-04,Realm Builders,Strategy,Amazon,Midwest,1,22.5,50,22.5,0.0,Clearance,False,3
ORD-12443,2024-03-18,Cosmic Blitz,Party,Amazon,West,1,19.99,0,19.99,0.0,,False,3
ORD-12444,2024-08-16,Speed Stacks,Party,Shopify Direct,Southwest,1,9.09,30,9.09,0,Clearance,False,4
ORD-12445,2024-12-22,Monster Madness,Family,Target,Southwest,1,22.99,0,22.99,0.0,New Release,False,5
ORD-12446,2024-12-16,Cosmic Blitz,Party,Amazon,Southeast,1,15.99,20,15.99,0.0,Flash Sale,False,
ORD-12447,2024-05-09,Speed Stacks,Party,Target,Southwest,2,12.99,0,25.98,0.0,New Release,False,4
ORD-12448,2024-01-13,Pixel Quest,Family,Board Game Geek Store,Midwest,1,24.99,0,24.99,0.0,,False,3
ORD-12449,2024-02-15,Speed Stacks,Party,Walmart,Midwest,1,12.99,0,12.99,0.0,,False,
ORD-12450,2024-05-22,Code Breakers,Strategy,Target,Southeast,1,27.99,0,27.99,0.0,,False,4
ORD-12451,2024-06-19,Monster Madness,Family,Shopify Direct,Northeast,3,17.24,25,51.72,4.99,Holiday Sale,False,2
ORD-12452,2024-12-15,Monster Madness,Family,Amazon,Southwest,1,22.99,0,22.99,0.0,,False,2
ORD-12453,2024-06-06,Kiddo Kingdom,Children,Walmart,Southeast,1,17.99,0,17.99,0.0,,False,
ORD-12454,2024-07-23,Speed Stacks,Party,Board Game Geek Store,Northeast,1,10.39,20,10.39,0.0,Flash Sale,False,5
ORD-12455,2024-06-08,Code Breakers,Strategy,Shopify Direct,Southeast,1,13.99,50,13.99,0,Clearance,False,4
ORD-12456,2024-10-25,Monster Madness,Family,Target,West,1,22.99,0,22.99,0.0,,False,4
ORD-12457,2024-03-09,Trivia Tornado,Party,Walmart,Southeast,1,14.99,0,14.99,0.0,,False,4
ORD-12458,2024-04-28,Cosmic Blitz,Party,Walmart,Midwest,3,19.99,0,59.97,0.0,,False,
ORD-12459,2024-12-14,Kiddo Kingdom,Children,Amazon,Northeast,1,14.39,20,14.39,0.0,Flash Sale,False,4
ORD-12460,2024-06-06,Trivia Tornado,Party,Amazon,Midwest,2,12.74,15,25.48,0.0,Bundle Deal,False,3
ORD-12461,2024-08-21,Realm Builders,Strategy,Amazon,Northeast,2,40.49,10,80.98,0.0,Bundle Deal,True,
ORD-12462,2024-12-10,Code Breakers,Strategy,Target,Midwest,1,22.39,20,22.39,0.0,Flash Sale,False,
ORD-12463,2024-12-24,Trivia Tornado,Party,Amazon,West,2,13.49,10,26.98,0.0,Bundle Deal,False,
ORD-12464,2024-07-06,Monster Madness,Family,Amazon,Southeast,2,19.54,15,39.08,0.0,Bundle Deal,False,2
ORD-12465,2024-09-26,Speed Stacks,Party,Amazon,Northeast,1,9.09,30,9.09,0.0,Flash Sale,False,
ORD-12466,2024-09-24,Realm Builders,Strategy,Target,West,1,44.99,0,44.99,0.0,,False,4
ORD-12467,2024-02-26,Trivia Tornado,Party,Amazon,Midwest,1,12.74,15,12.74,0.0,Holiday Sale,False,5
ORD-12468,2024-10-19,Ocean Explorer,Children,Walmart,West,4,19.99,0,79.96,0.0,,False,
ORD-12469,2024-04-06,Code Breakers,Strategy,Board Game Geek Store,Northeast,3,27.99,0,83.97,0.0,,False,
ORD-12470,2024-10-21,Speed Stacks,Party,Board Game Geek Store,West,2,12.99,0,25.98,0.0,,False,3
ORD-12471,2024-04-08,Battle Bots Arena,Strategy,Amazon,Southeast,1,39.99,0,39.99,0.0,,False,
ORD-12472,2024-07-04,Dungeon Dash,Strategy,Amazon,Northeast,2,29.74,15,59.48,0.0,Bundle Deal,True,
ORD-12473,2024-02-21,Ocean Explorer,Children,Walmart,Southwest,2,16.99,15,33.98,0.0,Bundle Deal,False,5
ORD-12474,2024-08-09,Speed Stacks,Party,Amazon,Southwest,1,12.99,0,12.99,0.0,,False,4
ORD-12475,2024-11-02,Cosmic Blitz,Party,Amazon,Southeast,1,19.99,0,19.99,0.0,,True,
ORD-12476,2024-12-21,Battle Bots Arena,Strategy,Shopify Direct,Midwest,1,39.99,0,39.99,4.99,,False,5
ORD-12477,2024-08-01,Speed Stacks,Party,Board Game Geek Store,Northeast,1,12.99,0,12.99,0.0,New Release,False,
ORD-12478,2024-07-14,Speed Stacks,Party,Shopify Direct,Southeast,1,9.74,25,9.74,6.99,Holiday Sale,False,
ORD-12479,2024-12-28,Dungeon Dash,Strategy,Amazon,Northeast,1,24.49,30,24.49,0.0,Flash Sale,False,5
ORD-12480,2024-03-21,Pixel Quest,Family,Amazon,Midwest,2,21.24,15,42.48,0.0,Bundle Deal,False,
ORD-12481,2024-10-11,Chess Evolved,Strategy,Amazon,Midwest,1,23.99,20,23.99,0.0,Flash Sale,False,
ORD-12482,2024-09-19,Speed Stacks,Party,Target,Northeast,3,9.09,30,27.27,0.0,Clearance,False,5
ORD-12483,2024-04-03,Cosmic Blitz,Party,Shopify Direct,Southeast,1,19.99,0,19.99,6.99,New Release,False,
ORD-12484,2024-12-20,Battle Bots Arena,Strategy,Amazon,Midwest,1,39.99,0,39.99,0.0,,False,
ORD-12485,2024-10-26,Trivia Tornado,Party,Board Game Geek Store,Southeast,1,8.99,40,8.99,0.0,Clearance,False,5
ORD-12486,2024-09-08,Kiddo Kingdom,Children,Board Game Geek Store,Southeast,2,12.59,30,25.18,0.0,Flash Sale,False,
ORD-12487,2024-11-10,Cosmic Blitz,Party,Amazon,Midwest,1,19.99,0,19.99,0.0,,False,5
ORD-12488,2024-04-09,Kiddo Kingdom,Children,Amazon,Southeast,2,15.29,15,30.58,0.0,Bundle Deal,False,5
ORD-12489,2024-01-08,Dungeon Dash,Strategy,Amazon,West,2,27.99,20,55.98,0.0,Flash Sale,False,
ORD-12490,2024-10-18,Pixel Quest,Family,Walmart,Northeast,1,24.99,0,24.99,0.0,,False,4
ORD-12491,2024-10-14,Trivia Tornado,Party,Amazon,West,1,14.99,0,14.99,0.0,,False,4
ORD-12492,2024-12-02,Chess Evolved,Strategy,Target,Southeast,1,14.99,50,14.99,0.0,Clearance,False,
ORD-12493,2024-06-18,Monster Madness,Family,Shopify Direct,Northeast,2,22.99,0,45.98,4.99,,False,4
ORD-12494,2024-02-26,Kiddo Kingdom,Children,Amazon,Southeast,1,12.59,30,12.59,0.0,Flash Sale,False,5
ORD-12495,2024-07-28,Monster Madness,Family,Shopify Direct,Midwest,1,18.39,20,18.39,0,Flash Sale,False,
ORD-12496,2024-10-21,Kiddo Kingdom,Children,Amazon,Northeast,1,15.29,15,15.29,0.0,Holiday Sale,False,4
ORD-12497,2024-12-29,Monster Madness,Family,Board Game Geek Store,West,1,22.99,0,22.99,0.0,New Release,False,5
ORD-12498,2024-12-27,Battle Bots Arena,Strategy,Shopify Direct,Southwest,3,23.99,40,71.97,6.99,Clearance,False,
ORD-12499,2024-11-29,Monster Madness,Family,Shopify Direct,Southeast,1,13.79,40,13.79,6.99,Clearance,False,5
ORD-12500,2024-11-09,Trivia Tornado,Party,Shopify Direct,Southeast,3,14.99,0,44.97,0,,False,5
ORD-12501,2024-04-04,Pixel Quest,Family,Target,West,1,17.49,30,17.49,0.0,Flash Sale,False,5
ORD-12502,2024-03-15,Cosmic Blitz,Party,Shopify Direct,West,1,19.99,0,19.99,0,,False,5
ORD-12503,2024-08-11,Monster Madness,Family,Amazon,Northeast,1,22.99,0,22.99,0.0,,False,
ORD-12504,2024-10-10,Dungeon Dash,Strategy,Target,Southeast,1,27.99,20,27.99,0.0,Holiday Sale,False,4
ORD-12505,2024-09-05,Trivia Tornado,Party,Amazon,Southeast,1,11.24,25,11.24,0.0,Holiday Sale,False,5
ORD-12506,2024-05-16,Ocean Explorer,Children,Target,Southeast,2,19.99,0,39.98,0.0,New Release,False,
ORD-12507,2024-04-15,Code Breakers,Strategy,Target,Midwest,1,27.99,0,27.99,0.0,,False,
ORD-12508,2024-06-27,Code Breakers,Strategy,Board Game Geek Store,Northeast,1,27.99,0,27.99,0.0,,False,5
ORD-12509,2024-11-28,Speed Stacks,Party,Amazon,Northeast,1,12.99,0,12.99,0.0,New Release,False,
ORD-12510,2024-10-08,Ocean Explorer,Children,Shopify Direct,Southeast,1,13.99,30,13.99,0,Flash Sale,False,5
ORD-12511,2024-11-08,Speed Stacks,Party,Amazon,Midwest,1,12.99,0,12.99,0.0,,False,4
ORD-12512,2024-07-08,Kiddo Kingdom,Children,Walmart,Southeast,2,17.99,0,35.98,0.0,,False,
ORD-12513,2024-11-13,Kiddo Kingdom,Children,Shopify Direct,West,1,12.59,30,12.59,6.99,Flash Sale,False,4
ORD-12514,2024-01-19,Chess Evolved,Strategy,Amazon,Southeast,1,22.49,25,22.49,0.0,Holiday Sale,False,5
ORD-12515,2024-10-01,Chess Evolved,Strategy,Amazon,Southeast,1,29.99,0,29.99,0.0,,False,
ORD-12516,2024-01-28,Chess Evolved,Strategy,Board Game Geek Store,West,1,29.99,0,29.99,0.0,,False,4
ORD-12517,2024-12-05,Dungeon Dash,Strategy,Amazon,Southeast,1,34.99,0,34.99,0.0,New Release,False,
ORD-12518,2024-05-03,Monster Madness,Family,Target,Midwest,1,22.99,0,22.99,0.0,New Release,False,4
ORD-12519,2024-09-13,Cosmic Blitz,Party,Amazon,Southeast,3,19.99,0,59.97,0.0,New Release,False,4
ORD-12520,2024-11-28,Cosmic Blitz,Party,Walmart,Northeast,2,13.99,30,27.98,0.0,Flash Sale,False,5
ORD-12521,2024-06-25,Chess Evolved,Strategy,Shopify Direct,West,1,29.99,0,29.99,0,,False,5
ORD-12522,2024-05-14,Monster Madness,Family,Amazon,Northeast,1,17.24,25,17.24,0.0,Holiday Sale,False,
ORD-12523,2024-11-22,Dungeon Dash,Strategy,Amazon,Northeast,1,34.99,0,34.99,0.0,New Release,False,5
ORD-12524,2024-09-07,Code Breakers,Strategy,Target,West,3,27.99,0,83.97,0.0,,False,
ORD-12525,2024-10-19,Dungeon Dash,Strategy,Walmart,Midwest,1,24.49,30,24.49,0.0,Clearance,False,5
ORD-12526,2024-07-17,Pixel Quest,Family,Amazon,West,1,24.99,0,24.99,0.0,,False,2
ORD-12527,2024-11-26,Cosmic Blitz,Party,Amazon,Midwest,2,19.99,0,39.98,0.0,,False,5
ORD-12528,2024-03-20,Pixel Quest,Family,Target,Midwest,2,14.99,40,29.98,0.0,Clearance,False,5
ORD-12529,2024-05-02,Trivia Tornado,Party,Walmart,Southeast,1,10.49,30,10.49,0.0,Clearance,False,3
ORD-12530,2024-10-02,Speed Stacks,Party,Board Game Geek Store,Northeast,1,12.99,0,12.99,0.0,,False,
ORD-12531,2024-02-08,Dungeon Dash,Strategy,Shopify Direct,West,2,31.49,10,62.98,0,Bundle Deal,False,
ORD-12532,2024-04-25,Code Breakers,Strategy,Walmart,Southeast,2,27.99,0,55.98,0.0,,False,5
ORD-12533,2024-12-07,Dungeon Dash,Strategy,Amazon,Midwest,2,24.49,30,48.98,0.0,Flash Sale,False,3
ORD-12534,2024-06-24,Cosmic Blitz,Party,Board Game Geek Store,Southeast,2,19.99,0,39.98,0.0,New Release,False,
ORD-12535,2024-12-28,Pixel Quest,Family,Target,West,1,12.49,50,12.49,0.0,Clearance,False,
ORD-12536,2024-12-10,Cosmic Blitz,Party,Target,Northeast,1,19.99,0,19.99,0.0,,False,4
ORD-12537,2024-11-24,Kiddo Kingdom,Children,Target,Northeast,2,15.29,15,30.58,0.0,Bundle Deal,False,
ORD-12538,2024-11-18,Monster Madness,Family,Amazon,Southeast,1,16.09,30,16.09,0.0,Flash Sale,False,
ORD-12539,2024-12-18,Kiddo Kingdom,Children,Target,Southwest,1,14.39,20,14.39,0.0,Holiday Sale,False,5
ORD-12540,2024-12-17,Dungeon Dash,Strategy,Shopify Direct,Midwest,1,27.99,20,27.99,0,Holiday Sale,False,
ORD-12541,2024-05-23,Speed Stacks,Party,Board Game Geek Store,Southeast,1,12.99,0,12.99,0.0,,True,
ORD-12542,2024-12-04,Cosmic Blitz,Party,Amazon,Southwest,2,19.99,0,39.98,0.0,,False,4
ORD-12543,2024-07-18,Dungeon Dash,Strategy,Shopify Direct,West,3,34.99,0,104.97,0,New Release,True,
ORD-12544,2024-09-04,Trivia Tornado,Party,Board Game Geek Store,Northeast,1,14.99,0,14.99,0.0,,False,4
ORD-12545,2024-11-30,Speed Stacks,Party,Walmart,Northeast,1,12.99,0,12.99,0.0,,True,
ORD-12546,2024-09-21,Dungeon Dash,Strategy,Amazon,Midwest,2,29.74,15,59.48,0.0,Holiday Sale,False,
ORD-12547,2024-06-01,Monster Madness,Family,Target,Southeast,2,20.69,10,41.38,0.0,Bundle Deal,False,2
ORD-12548,2024-12-16,Kiddo Kingdom,Children,Amazon,West,1,17.99,0,17.99,0.0,,False,
ORD-12549,2024-04-27,Realm Builders,Strategy,Amazon,Midwest,1,44.99,0,44.99,0.0,New Release,False,2
ORD-12550,2024-02-21,Cosmic Blitz,Party,Board Game Geek Store,Northeast,1,19.99,0,19.99,0.0,,False,5
ORD-12551,2024-05-06,Cosmic Blitz,Party,Target,West,2,15.99,20,31.98,0.0,Flash Sale,False,3
ORD-12552,2024-01-13,Kiddo Kingdom,Children,Shopify Direct,Southeast,1,17.99,0,17.99,4.99,,False,
ORD-12553,2024-04-28,Battle Bots Arena,Strategy,Shopify Direct,West,2,29.99,25,59.98,0,Holiday Sale,False,4
ORD-12554,2024-06-16,Speed Stacks,Party,Shopify Direct,Southeast,1,9.74,25,9.74,6.99,Holiday Sale,False,
ORD-12555,2024-02-15,Pixel Quest,Family,Shopify Direct,Northeast,1,17.49,30,17.49,0,Flash Sale,False,
ORD-12556,2024-11-04,Trivia Tornado,Party,Shopify Direct,Midwest,2,14.99,0,29.98,4.99,,True,
ORD-12557,2024-10-20,Realm Builders,Strategy,Amazon,Southwest,1,44.99,0,44.99,0.0,,False,
ORD-12558,2024-04-28,Speed Stacks,Party,Walmart,Midwest,1,12.99,0,12.99,0.0,New Release,False,5
ORD-12559,2024-07-25,Trivia Tornado,Party,Target,Southeast,1,8.99,40,8.99,0.0,Clearance,False,5
ORD-12560,2024-12-31,Speed Stacks,Party,Shopify Direct,Midwest,2,12.99,0,25.98,0,,False,4
ORD-12561,2024-08-03,Speed Stacks,Party,Walmart,Midwest,3,12.99,0,38.97,0.0,New Release,False,5
ORD-12562,2024-06-03,Kiddo Kingdom,Children,Target,West,1,17.99,0,17.99,0.0,New Release,False,3
ORD-12563,2024-07-17,Dungeon Dash,Strategy,Amazon,Southeast,1,34.99,0,34.99,0.0,New Release,False,
ORD-12564,2024-06-02,Speed Stacks,Party,Shopify Direct,Northeast,1,12.99,0,12.99,0,New Release,False,4
ORD-12565,2024-06-28,Trivia Tornado,Party,Shopify Direct,Midwest,2,14.99,0,29.98,4.99,,False,4
ORD-12566,2024-06-21,Battle Bots Arena,Strategy,Amazon,Northeast,2,33.99,15,67.98,0.0,Bundle Deal,False,4
ORD-12567,2024-08-10,Kiddo Kingdom,Children,Shopify Direct,Southwest,3,12.59,30,37.77,4.99,Clearance,False,
ORD-12568,2024-10-07,Monster Madness,Family,Target,Southwest,2,22.99,0,45.98,0.0,New Release,False,5
ORD-12569,2024-07-27,Pixel Quest,Family,Amazon,Midwest,1,24.99,0,24.99,0.0,New Release,False,
ORD-12570,2024-05-02,Battle Bots Arena,Strategy,Amazon,Midwest,1,39.99,0,39.99,0.0,,False,4
ORD-12571,2024-05-27,Cosmic Blitz,Party,Amazon,West,2,19.99,0,39.98,0.0,,False,5
ORD-12572,2024-04-27,Trivia Tornado,Party,Target,West,2,7.5,50,15.0,0.0,Clearance,False,4
ORD-12573,2024-06-25,Monster Madness,Family,Amazon,Southeast,2,18.39,20,36.78,0.0,Flash Sale,False,4
ORD-12574,2024-01-25,Dungeon Dash,Strategy,Shopify Direct,Southwest,1,24.49,30,24.49,0,Flash Sale,False,
ORD-12575,2024-05-05,Battle Bots Arena,Strategy,Walmart,West,1,39.99,0,39.99,0.0,,False,5
ORD-12576,2024-01-04,Realm Builders,Strategy,Board Game Geek Store,Southeast,4,44.99,0,179.96,0.0,,False,
ORD-12577,2024-08-05,Kiddo Kingdom,Children,Walmart,Southeast,1,17.99,0,17.99,0.0,,True,
ORD-12578,2024-03-07,Cosmic Blitz,Party,Amazon,Midwest,3,19.99,0,59.97,0.0,,False,
ORD-12579,2024-07-31,Ocean Explorer,Children,Board Game Geek Store,West,1,19.99,0,19.99,0.0,New Release,False,
ORD-12580,2024-09-22,Chess Evolved,Strategy,Target,West,1,29.99,0,29.99,0.0,,False,5
ORD-12581,2024-02-27,Chess Evolved,Strategy,Walmart,Southeast,1,20.99,30,20.99,0.0,Clearance,False,
ORD-12582,2024-01-04,Chess Evolved,Strategy,Amazon,Northeast,1,29.99,0,29.99,0.0,New Release,False,
ORD-12583,2024-03-16,Monster Madness,Family,Walmart,Midwest,1,22.99,0,22.99,0.0,New Release,False,4
ORD-12584,2024-07-22,Chess Evolved,Strategy,Amazon,West,2,25.49,15,50.98,0.0,Bundle Deal,False,
ORD-12585,2024-01-10,Speed Stacks,Party,Amazon,Southeast,1,12.99,0,12.99,0.0,New Release,False,2
ORD-12586,2024-07-22,Kiddo Kingdom,Children,Walmart,Southeast,1,15.29,15,15.29,0.0,Holiday Sale,True,
ORD-12587,2024-03-13,Ocean Explorer,Children,Walmart,Northeast,1,19.99,0,19.99,0.0,,False,
ORD-12588,2024-05-12,Battle Bots Arena,Strategy,Amazon,Northeast,2,33.99,15,67.98,0.0,Bundle Deal,False,5
ORD-12589,2024-01-04,Dungeon Dash,Strategy,Amazon,Southeast,1,34.99,0,34.99,0.0,New Release,False,3
ORD-12590,2024-01-24,Pixel Quest,Family,Shopify Direct,Midwest,2,24.99,0,49.98,4.99,,False,5
ORD-12591,2024-10-21,Monster Madness,Family,Amazon,Midwest,1,22.99,0,22.99,0.0,,False,4
ORD-12592,2024-06-14,Speed Stacks,Party,Amazon,West,2,12.99,0,25.98,0.0,New Release,False,
ORD-12593,2024-08-26,Realm Builders,Strategy,Board Game Geek Store,Southeast,2,40.49,10,80.98,0.0,Bundle Deal,False,
ORD-12594,2024-03-22,Trivia Tornado,Party,Amazon,Northeast,3,11.24,25,33.72,0.0,Holiday Sale,False,5
ORD-12595,2024-04-30,Speed Stacks,Party,Walmart,West,1,12.99,0,12.99,0.0,,False,3
ORD-12596,2024-06-05,Speed Stacks,Party,Target,Midwest,1,12.99,0,12.99,0.0,New Release,False,
ORD-12597,2024-07-11,Pixel Quest,Family,Target,West,2,18.74,25,37.48,0.0,Holiday Sale,False,
ORD-12598,2024-10-19,Dungeon Dash,Strategy,Target,Southeast,1,34.99,0,34.99,0.0,,False,4
ORD-12599,2024-11-16,Dungeon Dash,Strategy,Amazon,Southeast,1,17.5,50,17.5,0.0,Clearance,False,4
ORD-12600,2024-07-26,Trivia Tornado,Party,Walmart,West,1,10.49,30,10.49,0.0,Flash Sale,False,
ORD-12601,2024-11-02,Cosmic Blitz,Party,Shopify Direct,Northeast,3,19.99,0,59.97,0,,False,4
ORD-12602,2024-12-29,Trivia Tornado,Party,Target,Southeast,3,12.74,15,38.22,0.0,Bundle Deal,False,5
ORD-12603,2024-11-20,Dungeon Dash,Strategy,Amazon,Southwest,2,27.99,20,55.98,0.0,Holiday Sale,False,
ORD-12604,2024-06-05,Pixel Quest,Family,Shopify Direct,Midwest,2,17.49,30,34.98,0,Flash Sale,False,4
ORD-12605,2024-05-07,Speed Stacks,Party,Amazon,Northeast,1,12.99,0,12.99,0.0,,False,5
ORD-12606,2024-07-25,Dungeon Dash,Strategy,Amazon,Midwest,1,34.99,0,34.99,0.0,,False,
ORD-12607,2024-08-09,Trivia Tornado,Party,Amazon,West,1,14.99,0,14.99,0.0,,False,5
ORD-12608,2024-12-27,Cosmic Blitz,Party,Board Game Geek Store,West,1,16.99,15,16.99,0.0,Holiday Sale,False,3
ORD-12609,2024-12-27,Code Breakers,Strategy,Shopify Direct,Southeast,2,20.99,25,41.98,4.99,Holiday Sale,False,5
ORD-12610,2024-10-27,Realm Builders,Strategy,Amazon,West,1,44.99,0,44.99,0.0,,False,
ORD-12611,2024-10-12,Code Breakers,Strategy,Amazon,Northeast,2,27.99,0,55.98,0.0,,False,5
ORD-12612,2024-04-29,Cosmic Blitz,Party,Target,West,1,15.99,20,15.99,0.0,Holiday Sale,False,
ORD-12613,2024-03-19,Chess Evolved,Strategy,Amazon,Midwest,1,22.49,25,22.49,0.0,Holiday Sale,False,4
ORD-12614,2024-06-26,Ocean Explorer,Children,Shopify Direct,Northeast,2,15.99,20,31.98,0,Flash Sale,False,5
ORD-12615,2024-09-12,Dungeon Dash,Strategy,Shopify Direct,Southwest,1,34.99,0,34.99,6.99,,False,
ORD-12616,2024-12-17,Ocean Explorer,Children,Shopify Direct,Northeast,1,19.99,0,19.99,6.99,,False,
ORD-12617,2024-03-08,Chess Evolved,Strategy,Target,Southwest,2,29.99,0,59.98,0.0,,False,
ORD-12618,2024-06-27,Code Breakers,Strategy,Amazon,West,2,25.19,10,50.38,0.0,Bundle Deal,False,
ORD-12619,2024-09-11,Speed Stacks,Party,Amazon,Midwest,1,7.79,40,7.79,0.0,Clearance,False,4
ORD-12620,2024-11-28,Cosmic Blitz,Party,Amazon,West,1,13.99,30,13.99,0.0,Clearance,False,5
ORD-12621,2024-08-09,Cosmic Blitz,Party,Amazon,Southwest,1,13.99,30,13.99,0.0,Clearance,False,2
ORD-12622,2024-11-06,Trivia Tornado,Party,Target,Midwest,1,14.99,0,14.99,0.0,New Release,False,3
ORD-12623,2024-08-04,Dungeon Dash,Strategy,Board Game Geek Store,Northeast,2,34.99,0,69.98,0.0,,False,4
ORD-12624,2024-01-26,Code Breakers,Strategy,Shopify Direct,Midwest,1,27.99,0,27.99,0,,False,5
ORD-12625,2024-07-16,Ocean Explorer,Children,Shopify Direct,Northeast,3,19.99,0,59.97,0,New Release,False,5
ORD-12626,2024-11-01,Dungeon Dash,Strategy,Amazon,Northeast,1,24.49,30,24.49,0.0,Flash Sale,False,3
ORD-12627,2024-09-02,Dungeon Dash,Strategy,Shopify Direct,Northeast,1,34.99,0,34.99,0,,False,
ORD-12628,2024-11-19,Cosmic Blitz,Party,Amazon,Southeast,1,14.99,25,14.99,0.0,Holiday Sale,False,
ORD-12629,2024-09-30,Speed Stacks,Party,Walmart,Southwest,1,10.39,20,10.39,0.0,Flash Sale,False,4
ORD-12630,2024-10-07,Chess Evolved,Strategy,Amazon,Southeast,1,29.99,0,29.99,0.0,,False,4
ORD-12631,2024-08-01,Pixel Quest,Family,Shopify Direct,West,2,24.99,0,49.98,0,,False,4
ORD-12632,2024-11-07,Speed Stacks,Party,Amazon,Southeast,3,12.99,0,38.97,0.0,,False,
ORD-12633,2024-12-01,Kiddo Kingdom,Children,Amazon,West,1,12.59,30,12.59,0.0,Flash Sale,False,
ORD-12634,2024-12-26,Chess Evolved,Strategy,Target,Northeast,1,17.99,40,17.99,0.0,Clearance,False,5
ORD-12635,2024-02-25,Trivia Tornado,Party,Shopify Direct,West,1,14.99,0,14.99,4.99,,False,5
ORD-12636,2024-05-28,Dungeon Dash,Strategy,Amazon,Southeast,1,34.99,0,34.99,0.0,,False,
ORD-12637,2024-10-27,Ocean Explorer,Children,Target,Midwest,1,19.99,0,19.99,0.0,New Release,False,3
ORD-12638,2024-07-12,Cosmic Blitz,Party,Amazon,West,1,14.99,25,14.99,0.0,Holiday Sale,False,2
ORD-12639,2024-04-24,Monster Madness,Family,Walmart,Northeast,2,20.69,10,41.38,0.0,Bundle Deal,False,5
ORD-12640,2024-07-30,Cosmic Blitz,Party,Walmart,Northeast,1,15.99,20,15.99,0.0,Holiday Sale,False,
ORD-12641,2024-07-12,Realm Builders,Strategy,Shopify Direct,Southeast,1,44.99,0,44.99,4.99,,False,4
ORD-12642,2024-05-26,Trivia Tornado,Party,Shopify Direct,West,3,14.99,0,44.97,4.99,,False,
ORD-12643,2024-01-23,Speed Stacks,Party,Amazon,Midwest,1,12.99,0,12.99,0.0,,False,4
ORD-12644,2024-12-29,Pixel Quest,Family,Amazon,Midwest,2,21.24,15,42.48,0.0,Bundle Deal,False,
ORD-12645,2024-04-09,Trivia Tornado,Party,Amazon,Midwest,2,12.74,15,25.48,0.0,Bundle Deal,False,3
ORD-12646,2024-03-17,Cosmic Blitz,Party,Shopify Direct,Southeast,2,15.99,20,31.98,4.99,Holiday Sale,False,2
ORD-12647,2024-02-26,Ocean Explorer,Children,Amazon,Northeast,1,19.99,0,19.99,0.0,,False,
ORD-12648,2024-11-05,Monster Madness,Family,Shopify Direct,Southeast,1,22.99,0,22.99,0,New Release,False,5
ORD-12649,2024-11-11,Pixel Quest,Family,Amazon,Southwest,3,24.99,0,74.97,0.0,,False,
ORD-12650,2024-12-08,Speed Stacks,Party,Amazon,Southwest,1,12.99,0,12.99,0.0,,False,2
ORD-12651,2024-02-23,Speed Stacks,Party,Target,Midwest,1,10.39,20,10.39,0.0,Flash Sale,False,4
ORD-12652,2024-10-27,Monster Madness,Family,Amazon,Midwest,1,16.09,30,16.09,0.0,Clearance,False,2
ORD-12653,2024-05-31,Monster Madness,Family,Shopify Direct,Midwest,1,19.54,15,19.54,6.99,Holiday Sale,False,5
ORD-12654,2024-05-19,Pixel Quest,Family,Walmart,Midwest,1,24.99,0,24.99,0.0,New Release,False,
ORD-12655,2024-01-14,Cosmic Blitz,Party,Target,Southwest,1,19.99,0,19.99,0.0,New Release,True,
ORD-12656,2024-12-28,Cosmic Blitz,Party,Walmart,Southwest,1,19.99,0,19.99,0.0,,False,4
ORD-12657,2024-01-09,Cosmic Blitz,Party,Shopify Direct,West,1,19.99,0,19.99,0,,True,
ORD-12658,2024-07-22,Monster Madness,Family,Amazon,Northeast,1,11.49,50,11.49,0.0,Clearance,False,3
ORD-12659,2024-06-13,Dungeon Dash,Strategy,Board Game Geek Store,Northeast,2,29.74,15,59.48,0.0,Bundle Deal,False,5
ORD-12660,2024-11-21,Speed Stacks,Party,Shopify Direct,Midwest,1,12.99,0,12.99,0,New Release,False,5
ORD-12661,2024-08-21,Speed Stacks,Party,Amazon,Northeast,1,9.74,25,9.74,0.0,Holiday Sale,False,4
ORD-12662,2024-01-19,Trivia Tornado,Party,Amazon,Southwest,1,14.99,0,14.99,0.0,,False,
ORD-12663,2024-05-22,Monster Madness,Family,Amazon,Northeast,1,22.99,0,22.99,0.0,,False,
ORD-12664,2024-08-04,Trivia Tornado,Party,Amazon,Northeast,2,12.74,15,25.48,0.0,Bundle Deal,False,
ORD-12665,2024-04-27,Kiddo Kingdom,Children,Amazon,West,1,13.49,25,13.49,0.0,Holiday Sale,False,1
ORD-12666,2024-12-21,Speed Stacks,Party,Shopify Direct,Southeast,1,10.39,20,10.39,0,Flash Sale,False,
ORD-12667,2024-11-10,Speed Stacks,Party,Amazon,Southwest,2,11.04,15,22.08,0.0,Bundle Deal,False,4
ORD-12668,2024-04-10,Speed Stacks,Party,Target,West,2,7.79,40,15.58,0.0,Clearance,False,5
ORD-12669,2024-07-17,Kiddo Kingdom,Children,Walmart,Southeast,1,14.39,20,14.39,0.0,Holiday Sale,False,
ORD-12670,2024-07-18,Trivia Tornado,Party,Amazon,Northeast,1,14.99,0,14.99,0.0,,False,4
ORD-12671,2024-11-07,Speed Stacks,Party,Amazon,Northeast,1,10.39,20,10.39,0.0,Holiday Sale,False,4
ORD-12672,2024-10-30,Kiddo Kingdom,Children,Amazon,Southwest,1,12.59,30,12.59,0.0,Flash Sale,False,
ORD-12673,2024-05-01,Cosmic Blitz,Party,Amazon,West,4,11.99,40,47.96,0.0,Clearance,False,3
ORD-12674,2024-06-13,Speed Stacks,Party,Walmart,Southeast,1,12.99,0,12.99,0.0,,False,2
ORD-12675,2024-02-26,Monster Madness,Family,Walmart,Northeast,1,22.99,0,22.99,0.0,,False,
ORD-12676,2024-08-23,Cosmic Blitz,Party,Amazon,West,1,19.99,0,19.99,0.0,,False,4
ORD-12677,2024-10-11,Chess Evolved,Strategy,Walmart,Northeast,2,14.99,50,29.98,0.0,Clearance,False,
ORD-12678,2024-12-17,Ocean Explorer,Children,Target,West,1,14.99,25,14.99,0.0,Holiday Sale,False,4
ORD-12679,2024-09-09,Monster Madness,Family,Board Game Geek Store,Midwest,1,13.79,40,13.79,0.0,Clearance,False,
ORD-12680,2024-03-05,Battle Bots Arena,Strategy,Walmart,Midwest,1,39.99,0,39.99,0.0,,True,
ORD-12681,2024-07-22,Speed Stacks,Party,Amazon,Southeast,1,11.04,15,11.04,0.0,Holiday Sale,False,5
ORD-12682,2024-12-19,Kiddo Kingdom,Children,Shopify Direct,Northeast,3,17.99,0,53.97,0,,False,1
ORD-12683,2024-05-04,Speed Stacks,Party,Walmart,West,2,12.99,0,25.98,0.0,,False,5
ORD-12684,2024-11-21,Speed Stacks,Party,Target,Southwest,1,10.39,20,10.39,0.0,Holiday Sale,False,
ORD-12685,2024-11-15,Speed Stacks,Party,Amazon,Northeast,1,7.79,40,7.79,0.0,Clearance,False,
ORD-12686,2024-05-07,Speed Stacks,Party,Walmart,Southeast,2,6.5,50,13.0,0.0,Clearance,False,
ORD-12687,2024-02-29,Speed Stacks,Party,Amazon,Northeast,1,12.99,0,12.99,0.0,,False,3
ORD-12688,2024-06-19,Trivia Tornado,Party,Walmart,West,1,7.5,50,7.5,0.0,Clearance,False,
ORD-12689,2024-11-08,Dungeon Dash,Strategy,Board Game Geek Store,Midwest,1,34.99,0,34.99,0.0,,False,4
ORD-12690,2024-02-29,Trivia Tornado,Party,Target,Southwest,1,14.99,0,14.99,0.0,,False,4
ORD-12691,2024-01-04,Cosmic Blitz,Party,Amazon,Midwest,1,19.99,0,19.99,0.0,New Release,False,4
ORD-12692,2024-10-19,Speed Stacks,Party,Board Game Geek Store,West,1,10.39,20,10.39,0.0,Flash Sale,False,
ORD-12693,2024-03-15,Trivia Tornado,Party,Walmart,Northeast,1,11.99,20,11.99,0.0,Holiday Sale,False,4
ORD-12694,2024-09-27,Battle Bots Arena,Strategy,Shopify Direct,Midwest,2,39.99,0,79.98,0,,False,
ORD-12695,2024-03-23,Cosmic Blitz,Party,Amazon,Northeast,1,13.99,30,13.99,0.0,Clearance,True,
ORD-12696,2024-12-24,Battle Bots Arena,Strategy,Walmart,Southwest,1,39.99,0,39.99,0.0,New Release,False,
ORD-12697,2024-01-21,Speed Stacks,Party,Walmart,Midwest,1,12.99,0,12.99,0.0,,False,4
ORD-12698,2024-05-28,Kiddo Kingdom,Children,Amazon,Northeast,1,17.99,0,17.99,0.0,,False,
ORD-12699,2024-10-08,Kiddo Kingdom,Children,Amazon,West,1,17.99,0,17.99,0.0,,False,
ORD-12700,2024-06-16,Dungeon Dash,Strategy,Walmart,West,1,34.99,0,34.99,0.0,,False,5
ORD-12701,2024-02-11,Pixel Quest,Family,Amazon,Midwest,1,24.99,0,24.99,0.0,,False,
ORD-12702,2024-01-07,Cosmic Blitz,Party,Amazon,Midwest,1,15.99,20,15.99,0.0,Flash Sale,False,
ORD-12703,2024-04-28,Ocean Explorer,Children,Walmart,West,2,17.99,10,35.98,0.0,Bundle Deal,False,4
ORD-12704,2024-10-20,Pixel Quest,Family,Board Game Geek Store,Northeast,1,12.49,50,12.49,0.0,Clearance,False,5
ORD-12705,2024-10-12,Chess Evolved,Strategy,Walmart,Northeast,1,29.99,0,29.99,0.0,,False,4
ORD-12706,2024-08-11,Trivia Tornado,Party,Shopify Direct,Northeast,2,12.74,15,25.48,6.99,Bundle Deal,False,5
ORD-12707,2024-06-02,Pixel Quest,Family,Board Game Geek Store,West,1,24.99,0,24.99,0.0,,False,3
ORD-12708,2024-01-10,Monster Madness,Family,Board Game Geek Store,Southeast,1,16.09,30,16.09,0.0,Clearance,False,
ORD-12709,2024-03-03,Pixel Quest,Family,Amazon,Northeast,1,24.99,0,24.99,0.0,,False,
ORD-12710,2024-06-15,Chess Evolved,Strategy,Shopify Direct,Southwest,2,26.99,10,53.98,6.99,Bundle Deal,False,
ORD-12711,2024-12-24,Realm Builders,Strategy,Board Game Geek Store,Northeast,1,33.74,25,33.74,0.0,Holiday Sale,False,
ORD-12712,2024-02-14,Realm Builders,Strategy,Amazon,Southeast,1,31.49,30,31.49,0.0,Clearance,False,
ORD-12713,2024-10-09,Trivia Tornado,Party,Amazon,Southwest,1,14.99,0,14.99,0.0,,False,5
ORD-12714,2024-09-30,Ocean Explorer,Children,Shopify Direct,West,1,19.99,0,19.99,0,,False,
ORD-12715,2024-03-08,Cosmic Blitz,Party,Board Game Geek Store,Northeast,3,13.99,30,41.97,0.0,Flash Sale,False,5
ORD-12716,2024-06-29,Kiddo Kingdom,Children,Shopify Direct,Southeast,1,17.99,0,17.99,0,,False,
ORD-12717,2024-04-24,Dungeon Dash,Strategy,Amazon,Southeast,1,34.99,0,34.99,0.0,,False,5
ORD-12718,2024-12-15,Battle Bots Arena,Strategy,Amazon,Midwest,2,27.99,30,55.98,0.0,Flash Sale,False,5
ORD-12719,2024-03-26,Cosmic Blitz,Party,Walmart,Northeast,2,13.99,30,27.98,0.0,Clearance,True,
ORD-12720,2024-12-14,Speed Stacks,Party,Amazon,Midwest,1,11.04,15,11.04,0.0,Holiday Sale,False,
ORD-12721,2024-05-23,Pixel Quest,Family,Amazon,Northeast,2,24.99,0,49.98,0.0,New Release,False,
ORD-12722,2024-10-31,Pixel Quest,Family,Target,Southeast,1,24.99,0,24.99,0.0,,False,
ORD-12723,2024-04-22,Monster Madness,Family,Walmart,Southwest,1,22.99,0,22.99,0.0,,False,
ORD-12724,2024-09-19,Trivia Tornado,Party,Walmart,Midwest,2,11.24,25,22.48,0.0,Holiday Sale,False,
ORD-12725,2024-10-18,Dungeon Dash,Strategy,Amazon,Northeast,2,29.74,15,59.48,0.0,Bundle Deal,False,
ORD-12726,2024-11-24,Speed Stacks,Party,Amazon,Northeast,3,12.99,0,38.97,0.0,New Release,False,
ORD-12727,2024-03-10,Trivia Tornado,Party,Walmart,Southeast,2,12.74,15,25.48,0.0,Bundle Deal,False,
ORD-12728,2024-01-16,Ocean Explorer,Children,Walmart,Northeast,1,14.99,25,14.99,0.0,Holiday Sale,False,
ORD-12729,2024-11-22,Kiddo Kingdom,Children,Amazon,West,2,10.79,40,21.58,0.0,Clearance,False,4
ORD-12730,2024-09-11,Realm Builders,Strategy,Walmart,West,1,44.99,0,44.99,0.0,New Release,False,
ORD-12731,2024-12-12,Dungeon Dash,Strategy,Target,West,1,34.99,0,34.99,0.0,New Release,False,5
ORD-12732,2024-07-17,Pixel Quest,Family,Board Game Geek Store,Midwest,1,24.99,0,24.99,0.0,,False,4
ORD-12733,2024-04-21,Pixel Quest,Family,Amazon,West,2,22.49,10,44.98,0.0,Bundle Deal,False,5
ORD-12734,2024-11-05,Ocean Explorer,Children,Amazon,West,2,16.99,15,33.98,0.0,Holiday Sale,False,
ORD-12735,2024-12-15,Realm Builders,Strategy,Amazon,Northeast,1,35.99,20,35.99,0.0,Flash Sale,False,4
ORD-12736,2024-12-19,Pixel Quest,Family,Amazon,Southeast,2,21.24,15,42.48,0.0,Bundle Deal,False,2
ORD-12737,2024-06-09,Trivia Tornado,Party,Walmart,Southwest,1,14.99,0,14.99,0.0,,True,
ORD-12738,2024-08-28,Cosmic Blitz,Party,Board Game Geek Store,Southeast,3,13.99,30,41.97,0.0,Flash Sale,False,
ORD-12739,2024-02-25,Kiddo Kingdom,Children,Amazon,Midwest,1,17.99,0,17.99,0.0,,False,
ORD-12740,2024-06-15,Dungeon Dash,Strategy,Walmart,Northeast,1,34.99,0,34.99,0.0,,False,4
ORD-12741,2024-12-29,Trivia Tornado,Party,Amazon,Southeast,1,11.24,25,11.24,0.0,Holiday Sale,True,
ORD-12742,2024-07-08,Ocean Explorer,Children,Shopify Direct,Northeast,3,14.99,25,44.97,6.99,Holiday Sale,False,4
ORD-12743,2024-12-10,Realm Builders,Strategy,Target,Northeast,1,31.49,30,31.49,0.0,Clearance,False,
ORD-12744,2024-07-29,Dungeon Dash,Strategy,Shopify Direct,West,2,17.5,50,35.0,0,Clearance,False,
ORD-12745,2024-08-05,Ocean Explorer,Children,Shopify Direct,Northeast,1,19.99,0,19.99,0,,False,4
ORD-12746,2024-08-22,Speed Stacks,Party,Amazon,Midwest,3,12.99,0,38.97,0.0,,False,4
ORD-12747,2024-02-25,Dungeon Dash,Strategy,Shopify Direct,Northeast,1,34.99,0,34.99,0,,False,3
ORD-12748,2024-02-07,Kiddo Kingdom,Children,Amazon,Northeast,1,13.49,25,13.49,0.0,Holiday Sale,False,
ORD-12749,2024-03-21,Kiddo Kingdom,Children,Amazon,Midwest,1,17.99,0,17.99,0.0,,False,4
ORD-12750,2024-03-22,Trivia Tornado,Party,Target,Southwest,1,14.99,0,14.99,0.0,,False,
ORD-12751,2024-04-03,Trivia Tornado,Party,Amazon,Southeast,1,14.99,0,14.99,0.0,New Release,False,4
ORD-12752,2024-03-15,Dungeon Dash,Strategy,Amazon,Northeast,1,34.99,0,34.99,0.0,,False,
ORD-12753,2024-10-22,Kiddo Kingdom,Children,Target,Southeast,2,12.59,30,25.18,0.0,Flash Sale,False,
ORD-12754,2024-09-08,Speed Stacks,Party,Shopify Direct,West,1,7.79,40,7.79,0,Clearance,False,
ORD-12755,2024-06-24,Chess Evolved,Strategy,Shopify Direct,Midwest,1,29.99,0,29.99,0,New Release,False,4
ORD-12756,2024-12-22,Cosmic Blitz,Party,Amazon,Midwest,2,19.99,0,39.98,0.0,,False,5
ORD-12757,2024-08-20,Ocean Explorer,Children,Amazon,Southeast,1,19.99,0,19.99,0.0,,False,5
ORD-12758,2024-12-17,Code Breakers,Strategy,Walmart,West,1,27.99,0,27.99,0.0,New Release,True,
ORD-12759,2024-09-09,Chess Evolved,Strategy,Shopify Direct,Southeast,2,14.99,50,29.98,0,Clearance,True,
ORD-12760,2024-12-19,Monster Madness,Family,Amazon,Southwest,3,18.39,20,55.17,0.0,Flash Sale,False,3
ORD-12761,2024-05-14,Pixel Quest,Family,Walmart,Northeast,2,22.49,10,44.98,0.0,Bundle Deal,False,
ORD-12762,2024-02-13,Battle Bots Arena,Strategy,Shopify Direct,Southeast,1,39.99,0,39.99,0,New Release,False,1
ORD-12763,2024-12-16,Trivia Tornado,Party,Target,Northeast,1,14.99,0,14.99,0.0,New Release,False,5
ORD-12764,2024-01-30,Cosmic Blitz,Party,Amazon,Southwest,1,19.99,0,19.99,0.0,New Release,False,3
ORD-12765,2024-05-30,Monster Madness,Family,Amazon,Northeast,1,22.99,0,22.99,0.0,,False,5
ORD-12766,2024-07-04,Dungeon Dash,Strategy,Amazon,Southeast,2,29.74,15,59.48,0.0,Bundle Deal,False,
ORD-12767,2024-11-16,Monster Madness,Family,Amazon,Northeast,4,22.99,0,91.96,0.0,,False,
ORD-12768,2024-11-04,Chess Evolved,Strategy,Walmart,West,1,23.99,20,23.99,0.0,Flash Sale,False,5
ORD-12769,2024-05-10,Speed Stacks,Party,Amazon,Northeast,2,11.69,10,23.38,0.0,Bundle Deal,False,4
ORD-12770,2024-04-18,Trivia Tornado,Party,Amazon,West,1,11.99,20,11.99,0.0,Flash Sale,False,
ORD-12771,2024-11-09,Speed Stacks,Party,Target,West,2,6.5,50,13.0,0.0,Clearance,False,
ORD-12772,2024-11-07,Kiddo Kingdom,Children,Walmart,Southwest,2,17.99,0,35.98,0.0,,False,4
ORD-12773,2024-08-22,Realm Builders,Strategy,Walmart,West,1,22.5,50,22.5,0.0,Clearance,False,5
ORD-12774,2024-04-18,Ocean Explorer,Children,Target,Midwest,1,19.99,0,19.99,0.0,,False,4
ORD-12775,2024-10-22,Kiddo Kingdom,Children,Amazon,Southeast,2,14.39,20,28.78,0.0,Flash Sale,False,
ORD-12776,2024-02-25,Pixel Quest,Family,Walmart,Northeast,2,19.99,20,39.98,0.0,Flash Sale,False,5
ORD-12777,2024-12-08,Battle Bots Arena,Strategy,Amazon,Northeast,1,31.99,20,31.99,0.0,Holiday Sale,False,4
ORD-12778,2024-04-17,Monster Madness,Family,Walmart,Northeast,1,22.99,0,22.99,0.0,,False,3
ORD-12779,2024-12-02,Cosmic Blitz,Party,Amazon,Southwest,1,19.99,0,19.99,0.0,,True,
ORD-12780,2024-03-24,Speed Stacks,Party,Shopify Direct,Southwest,1,12.99,0,12.99,0,,False,5
ORD-12781,2024-12-15,Cosmic Blitz,Party,Walmart,Southeast,1,19.99,0,19.99,0.0,,False,5
ORD-12782,2024-10-07,Ocean Explorer,Children,Walmart,Southwest,2,19.99,0,39.98,0.0,,False,3
ORD-12783,2024-05-18,Trivia Tornado,Party,Amazon,West,1,14.99,0,14.99,0.0,New Release,False,
ORD-12784,2024-09-22,Monster Madness,Family,Shopify Direct,Southwest,1,22.99,0,22.99,6.99,New Release,False,4
ORD-12785,2024-02-05,Cosmic Blitz,Party,Amazon,Southwest,3,19.99,0,59.97,0.0,,False,5
ORD-12786,2024-01-02,Code Breakers,Strategy,Board Game Geek Store,Southeast,1,22.39,20,22.39,0.0,Flash Sale,False,4
ORD-12787,2024-01-14,Pixel Quest,Family,Target,West,2,21.24,15,42.48,0.0,Bundle Deal,False,5
ORD-12788,2024-06-27,Ocean Explorer,Children,Amazon,Southeast,1,13.99,30,13.99,0.0,Clearance,False,
ORD-12789,2024-02-01,Battle Bots Arena,Strategy,Target,Northeast,2,35.99,10,71.98,0.0,Bundle Deal,False,
ORD-12790,2024-03-08,Code Breakers,Strategy,Shopify Direct,Southwest,1,27.99,0,27.99,4.99,,False,
ORD-12791,2024-11-29,Code Breakers,Strategy,Target,Northeast,1,27.99,0,27.99,0.0,,False,5
ORD-12792,2024-08-02,Dungeon Dash,Strategy,Target,Northeast,1,34.99,0,34.99,0.0,,False,
ORD-12793,2024-10-03,Speed Stacks,Party,Amazon,Southeast,2,11.04,15,22.08,0.0,Bundle Deal,False,4
ORD-12794,2024-07-11,Trivia Tornado,Party,Walmart,Southeast,1,14.99,0,14.99,0.0,,False,
ORD-12795,2024-12-14,Realm Builders,Strategy,Amazon,Northeast,1,26.99,40,26.99,0.0,Clearance,False,
ORD-12796,2024-11-10,Cosmic Blitz,Party,Shopify Direct,West,2,17.99,10,35.98,0,Bundle Deal,False,5
ORD-12797,2024-08-17,Speed Stacks,Party,Amazon,Northeast,1,9.74,25,9.74,0.0,Holiday Sale,False,
ORD-12798,2024-08-23,Pixel Quest,Family,Walmart,West,1,24.99,0,24.99,0.0,,False,4
ORD-12799,2024-05-30,Pixel Quest,Family,Shopify Direct,Southwest,1,17.49,30,17.49,0,Clearance,False,
ORD-12800,2024-06-22,Pixel Quest,Family,Shopify Direct,Southeast,1,21.24,15,21.24,0,Holiday Sale,False,
ORD-12801,2024-05-17,Trivia Tornado,Party,Amazon,West,1,12.74,15,12.74,0.0,Holiday Sale,False,
ORD-12802,2024-11-21,Chess Evolved,Strategy,Amazon,Southeast,1,29.99,0,29.99,0.0,,False,
ORD-12803,2024-12-31,Speed Stacks,Party,Amazon,Southeast,1,9.09,30,9.09,0.0,Flash Sale,False,
ORD-12804,2024-08-24,Monster Madness,Family,Target,Northeast,1,22.99,0,22.99,0.0,New Release,False,5
ORD-12805,2024-05-10,Code Breakers,Strategy,Amazon,Southeast,1,13.99,50,13.99,0.0,Clearance,False,
ORD-12806,2024-12-16,Kiddo Kingdom,Children,Shopify Direct,Southwest,1,17.99,0,17.99,6.99,,False,5
ORD-12807,2024-02-05,Trivia Tornado,Party,Shopify Direct,Midwest,2,7.5,50,15.0,0,Clearance,False,5
ORD-12808,2024-06-24,Dungeon Dash,Strategy,Board Game Geek Store,Southeast,2,29.74,15,59.48,0.0,Bundle Deal,False,3
ORD-12809,2024-02-06,Battle Bots Arena,Strategy,Amazon,Midwest,1,39.99,0,39.99,0.0,New Release,False,1
ORD-12810,2024-05-02,Monster Madness,Family,Amazon,Southeast,2,20.69,10,41.38,0.0,Bundle Deal,False,4
ORD-12811,2024-11-21,Realm Builders,Strategy,Amazon,Northeast,2,38.24,15,76.48,0.0,Holiday Sale,False,3
ORD-12812,2024-07-11,Pixel Quest,Family,Amazon,Southeast,1,24.99,0,24.99,0.0,,False,
ORD-12813,2024-02-08,Monster Madness,Family,Board Game Geek Store,Southeast,1,22.99,0,22.99,0.0,New Release,False,
ORD-12814,2024-06-15,Dungeon Dash,Strategy,Walmart,Southeast,1,34.99,0,34.99,0.0,New Release,False,4
ORD-12815,2024-11-07,Monster Madness,Family,Shopify Direct,Southwest,2,19.54,15,39.08,0,Bundle Deal,False,5
ORD-12816,2024-07-07,Trivia Tornado,Party,Target,Northeast,1,14.99,0,14.99,0.0,,False,
ORD-12817,2024-08-14,Chess Evolved,Strategy,Target,Southwest,1,29.99,0,29.99,0.0,,False,
ORD-12818,2024-03-08,Code Breakers,Strategy,Walmart,Southeast,2,27.99,0,55.98,0.0,,False,
ORD-12819,2024-09-13,Pixel Quest,Family,Walmart,Southeast,1,24.99,0,24.99,0.0,,False,
ORD-12820,2024-07-10,Chess Evolved,Strategy,Walmart,Southeast,1,25.49,15,25.49,0.0,Holiday Sale,False,
ORD-12821,2024-11-14,Speed Stacks,Party,Shopify Direct,Northeast,2,12.99,0,25.98,6.99,,False,5
ORD-12822,2024-12-15,Cosmic Blitz,Party,Board Game Geek Store,West,2,16.99,15,33.98,0.0,Bundle Deal,True,
ORD-12823,2024-10-25,Speed Stacks,Party,Amazon,Midwest,2,12.99,0,25.98,0.0,,False,5
ORD-12824,2024-01-20,Trivia Tornado,Party,Target,Northeast,1,11.99,20,11.99,0.0,Flash Sale,False,5
ORD-12825,2024-02-15,Pixel Quest,Family,Target,Northeast,2,21.24,15,42.48,0.0,Bundle Deal,True,
ORD-12826,2024-10-31,Battle Bots Arena,Strategy,Amazon,West,2,31.99,20,63.98,0.0,Holiday Sale,False,
ORD-12827,2024-08-30,Cosmic Blitz,Party,Walmart,Midwest,1,19.99,0,19.99,0.0,New Release,False,3
ORD-12828,2024-05-02,Pixel Quest,Family,Walmart,Northeast,2,24.99,0,49.98,0.0,,False,
ORD-12829,2024-09-14,Cosmic Blitz,Party,Amazon,Midwest,1,19.99,0,19.99,0.0,,False,5
ORD-12830,2024-10-11,Kiddo Kingdom,Children,Amazon,Southeast,1,14.39,20,14.39,0.0,Flash Sale,False,
ORD-12831,2024-10-29,Dungeon Dash,Strategy,Amazon,West,1,17.5,50,17.5,0.0,Clearance,False,
ORD-12832,2024-03-18,Cosmic Blitz,Party,Shopify Direct,West,1,19.99,0,19.99,6.99,,False,
ORD-12833,2024-12-22,Ocean Explorer,Children,Amazon,West,1,19.99,0,19.99,0.0,,False,
ORD-12834,2024-09-02,Realm Builders,Strategy,Target,Northeast,2,44.99,0,89.98,0.0,,True,
ORD-12835,2024-05-07,Speed Stacks,Party,Shopify Direct,Southeast,3,12.99,0,38.97,6.99,,False,4
ORD-12836,2024-09-10,Trivia Tornado,Party,Walmart,Northeast,2,14.99,0,29.98,0.0,New Release,False,4
ORD-12837,2024-04-16,Dungeon Dash,Strategy,Amazon,Midwest,1,34.99,0,34.99,0.0,,False,
ORD-12838,2024-12-09,Speed Stacks,Party,Amazon,Southwest,2,12.99,0,25.98,0.0,,False,
ORD-12839,2024-04-15,Dungeon Dash,Strategy,Shopify Direct,Midwest,2,29.74,15,59.48,0,Bundle Deal,False,
ORD-12840,2024-05-05,Speed Stacks,Party,Amazon,West,1,12.99,0,12.99,0.0,New Release,False,5
ORD-12841,2024-01-05,Speed Stacks,Party,Shopify Direct,West,1,12.99,0,12.99,0,,False,4
ORD-12842,2024-07-26,Realm Builders,Strategy,Shopify Direct,Midwest,1,33.74,25,33.74,4.99,Holiday Sale,False,5
ORD-12843,2024-10-22,Pixel Quest,Family,Target,Southeast,1,24.99,0,24.99,0.0,,False,4
ORD-12844,2024-05-20,Battle Bots Arena,Strategy,Amazon,Midwest,1,27.99,30,27.99,0.0,Clearance,False,
ORD-12845,2024-04-30,Trivia Tornado,Party,Shopify Direct,Southwest,1,14.99,0,14.99,4.99,New Release,False,5
ORD-12846,2024-09-29,Dungeon Dash,Strategy,Amazon,Northeast,1,24.49,30,24.49,0.0,Flash Sale,False,
ORD-12847,2024-09-02,Ocean Explorer,Children,Amazon,Southeast,1,19.99,0,19.99,0.0,,False,3
ORD-12848,2024-06-19,Cosmic Blitz,Party,Shopify Direct,Southeast,1,13.99,30,13.99,0,Flash Sale,False,5
ORD-12849,2024-07-08,Trivia Tornado,Party,Shopify Direct,West,2,10.49,30,20.98,0,Clearance,False,3
ORD-12850,2024-04-11,Speed Stacks,Party,Amazon,Midwest,1,12.99,0,12.99,0.0,,False,5
ORD-12851,2024-05-18,Trivia Tornado,Party,Amazon,West,1,11.99,20,11.99,0.0,Holiday Sale,False,5
ORD-12852,2024-02-15,Battle Bots Arena,Strategy,Target,Northeast,2,33.99,15,67.98,0.0,Bundle Deal,False,5
ORD-12853,2024-12-11,Trivia Tornado,Party,Amazon,Southwest,2,14.99,0,29.98,0.0,,False,5
ORD-12854,2024-03-17,Ocean Explorer,Children,Board Game Geek Store,Southeast,2,17.99,10,35.98,0.0,Bundle Deal,False,
ORD-12855,2024-04-16,Trivia Tornado,Party,Shopify Direct,Midwest,1,14.99,0,14.99,0,,False,
ORD-12856,2024-08-18,Speed Stacks,Party,Amazon,Northeast,2,12.99,0,25.98,0.0,,False,
ORD-12857,2024-07-03,Pixel Quest,Family,Amazon,West,2,24.99,0,49.98,0.0,,False,
ORD-12858,2024-11-17,Cosmic Blitz,Party,Target,Southwest,2,19.99,0,39.98,0.0,,True,
ORD-12859,2024-06-18,Code Breakers,Strategy,Shopify Direct,Southwest,1,27.99,0,27.99,0,,False,5
ORD-12860,2024-06-17,Realm Builders,Strategy,Target,Southwest,2,44.99,0,89.98,0.0,New Release,False,
ORD-12861,2024-03-07,Chess Evolved,Strategy,Amazon,Northeast,1,14.99,50,14.99,0.0,Clearance,False,
ORD-12862,2024-08-16,Cosmic Blitz,Party,Amazon,Midwest,2,15.99,20,31.98,0.0,Flash Sale,False,
ORD-12863,2024-10-09,Cosmic Blitz,Party,Amazon,Southeast,2,19.99,0,39.98,0.0,New Release,False,
ORD-12864,2024-12-15,Dungeon Dash,Strategy,Shopify Direct,Midwest,3,34.99,0,104.97,4.99,,False,
ORD-12865,2024-11-21,Trivia Tornado,Party,Board Game Geek Store,West,2,12.74,15,25.48,0.0,Bundle Deal,False,5
ORD-12866,2024-05-27,Code Breakers,Strategy,Walmart,Southwest,1,22.39,20,22.39,0.0,Flash Sale,False,
ORD-12867,2024-10-04,Cosmic Blitz,Party,Amazon,Midwest,1,13.99,30,13.99,0.0,Flash Sale,False,5
ORD-12868,2024-12-03,Ocean Explorer,Children,Shopify Direct,Southeast,1,19.99,0,19.99,0,New Release,False,4
ORD-12869,2024-02-03,Speed Stacks,Party,Target,Southwest,3,11.69,10,35.07,0.0,Bundle Deal,False,
ORD-12870,2024-03-02,Pixel Quest,Family,Shopify Direct,Northeast,3,21.24,15,63.72,0,Bundle Deal,False,3
ORD-12871,2024-05-03,Dungeon Dash,Strategy,Shopify Direct,Southeast,2,29.74,15,59.48,4.99,Bundle Deal,False,
ORD-12872,2024-12-09,Kiddo Kingdom,Children,Walmart,Southeast,2,14.39,20,28.78,0.0,Holiday Sale,False,
ORD-12873,2024-09-10,Trivia Tornado,Party,Amazon,Midwest,2,14.99,0,29.98,0.0,,False,5
ORD-12874,2024-03-21,Monster Madness,Family,Walmart,West,1,22.99,0,22.99,0.0,,False,5
ORD-12875,2024-10-26,Trivia Tornado,Party,Shopify Direct,West,1,8.99,40,8.99,4.99,Clearance,False,5
ORD-12876,2024-07-28,Realm Builders,Strategy,Walmart,Midwest,1,44.99,0,44.99,0.0,,False,1
ORD-12877,2024-12-15,Chess Evolved,Strategy,Target,West,2,29.99,0,59.98,0.0,,False,
ORD-12878,2024-02-01,Kiddo Kingdom,Children,Shopify Direct,West,3,8.99,50,26.97,4.99,Clearance,False,5
ORD-12879,2024-12-27,Battle Bots Arena,Strategy,Target,Northeast,1,39.99,0,39.99,0.0,,False,
ORD-12880,2024-10-03,Trivia Tornado,Party,Shopify Direct,West,1,11.99,20,11.99,0,Flash Sale,False,
ORD-12881,2024-07-21,Realm Builders,Strategy,Amazon,Midwest,2,40.49,10,80.98,0.0,Bundle Deal,False,4
ORD-12882,2024-05-18,Chess Evolved,Strategy,Shopify Direct,Northeast,3,29.99,0,89.97,4.99,,False,
ORD-12883,2024-03-17,Trivia Tornado,Party,Amazon,Midwest,3,14.99,0,44.97,0.0,,False,
ORD-12884,2024-05-10,Trivia Tornado,Party,Board Game Geek Store,Southeast,1,12.74,15,12.74,0.0,Holiday Sale,False,
ORD-12885,2024-08-24,Speed Stacks,Party,Target,West,1,9.09,30,9.09,0.0,Clearance,False,4
ORD-12886,2024-11-27,Chess Evolved,Strategy,Walmart,Southeast,1,23.99,20,23.99,0.0,Holiday Sale,False,5
ORD-12887,2024-07-02,Speed Stacks,Party,Target,Southeast,3,6.5,50,19.5,0.0,Clearance,False,4
ORD-12888,2024-04-28,Cosmic Blitz,Party,Amazon,Southwest,1,19.99,0,19.99,0.0,,False,
ORD-12889,2024-04-22,Chess Evolved,Strategy,Amazon,Southeast,1,29.99,0,29.99,0.0,,True,
ORD-12890,2024-12-23,Code Breakers,Strategy,Amazon,Midwest,1,27.99,0,27.99,0.0,,False,5
ORD-12891,2024-01-06,Cosmic Blitz,Party,Amazon,Southwest,1,19.99,0,19.99,0.0,,False,5
ORD-12892,2024-07-06,Trivia Tornado,Party,Walmart,Northeast,1,14.99,0,14.99,0.0,New Release,False,
ORD-12893,2024-01-07,Cosmic Blitz,Party,Amazon,Midwest,2,15.99,20,31.98,0.0,Flash Sale,False,5
ORD-12894,2024-10-03,Battle Bots Arena,Strategy,Walmart,Southeast,2,27.99,30,55.98,0.0,Flash Sale,False,
ORD-12895,2024-03-14,Chess Evolved,Strategy,Walmart,West,1,29.99,0,29.99,0.0,,False,4
ORD-12896,2024-08-18,Cosmic Blitz,Party,Board Game Geek Store,Southwest,1,15.99,20,15.99,0.0,Flash Sale,False,
ORD-12897,2024-04-19,Monster Madness,Family,Shopify Direct,Northeast,1,22.99,0,22.99,0,New Release,False,
ORD-12898,2024-01-12,Cosmic Blitz,Party,Amazon,Midwest,2,11.99,40,23.98,0.0,Clearance,False,
ORD-12899,2024-12-14,Dungeon Dash,Strategy,Amazon,Southeast,1,17.5,50,17.5,0.0,Clearance,False,5
ORD-12900,2024-09-10,Trivia Tornado,Party,Amazon,Southeast,1,10.49,30,10.49,0.0,Clearance,False,5
ORD-12901,2024-01-01,Cosmic Blitz,Party,Amazon,Southeast,2,13.99,30,27.98,0.0,Clearance,False,5
ORD-12902,2024-07-24,Monster Madness,Family,Amazon,Midwest,4,17.24,25,68.96,0.0,Holiday Sale,False,
ORD-12903,2024-11-01,Cosmic Blitz,Party,Shopify Direct,Southeast,2,11.99,40,23.98,0,Clearance,False,
ORD-12904,2024-04-11,Dungeon Dash,Strategy,Shopify Direct,Northeast,1,34.99,0,34.99,0,,False,
ORD-12905,2024-07-13,Monster Madness,Family,Amazon,West,1,11.49,50,11.49,0.0,Clearance,False,5
ORD-12906,2024-04-05,Code Breakers,Strategy,Amazon,Midwest,1,20.99,25,20.99,0.0,Holiday Sale,False,4
ORD-12907,2024-01-18,Kiddo Kingdom,Children,Amazon,Midwest,1,17.99,0,17.99,0.0,,False,5
ORD-12908,2024-06-04,Ocean Explorer,Children,Shopify Direct,West,2,14.99,25,29.98,0,Holiday Sale,False,
ORD-12909,2024-02-16,Chess Evolved,Strategy,Shopify Direct,Northeast,2,29.99,0,59.98,0,,False,4
ORD-12910,2024-12-28,Trivia Tornado,Party,Board Game Geek Store,Northeast,1,14.99,0,14.99,0.0,New Release,False,
ORD-12911,2024-08-02,Kiddo Kingdom,Children,Amazon,Southwest,2,13.49,25,26.98,0.0,Holiday Sale,False,2
ORD-12912,2024-12-30,Chess Evolved,Strategy,Shopify Direct,Midwest,1,23.99,20,23.99,0,Flash Sale,False,5
ORD-12913,2024-08-18,Kiddo Kingdom,Children,Board Game Geek Store,Midwest,1,17.99,0,17.99,0.0,New Release,False,
ORD-12914,2024-06-30,Speed Stacks,Party,Shopify Direct,Midwest,1,9.09,30,9.09,6.99,Clearance,False,4
ORD-12915,2024-12-10,Trivia Tornado,Party,Shopify Direct,Midwest,2,13.49,10,26.98,6.99,Bundle Deal,False,4
ORD-12916,2024-03-31,Battle Bots Arena,Strategy,Amazon,Northeast,1,39.99,0,39.99,0.0,,False,2
ORD-12917,2024-04-17,Realm Builders,Strategy,Amazon,Midwest,1,44.99,0,44.99,0.0,,False,2
ORD-12918,2024-09-01,Trivia Tornado,Party,Shopify Direct,West,1,14.99,0,14.99,0,,False,5
ORD-12919,2024-05-01,Code Breakers,Strategy,Target,Southeast,1,19.59,30,19.59,0.0,Flash Sale,False,
ORD-12920,2024-12-25,Kiddo Kingdom,Children,Walmart,Northeast,2,17.99,0,35.98,0.0,,False,
ORD-12921,2024-04-20,Pixel Quest,Family,Shopify Direct,West,1,24.99,0,24.99,0,,False,4
ORD-12922,2024-01-14,Cosmic Blitz,Party,Amazon,West,1,19.99,0,19.99,0.0,,False,
ORD-12923,2024-01-16,Speed Stacks,Party,Target,West,1,12.99,0,12.99,0.0,,False,4
ORD-12924,2024-11-02,Realm Builders,Strategy,Shopify Direct,Midwest,1,22.5,50,22.5,6.99,Clearance,True,
ORD-12925,2024-12-09,Speed Stacks,Party,Target,Northeast,3,6.5,50,19.5,0.0,Clearance,False,5
ORD-12926,2024-09-09,Dungeon Dash,Strategy,Amazon,Southeast,3,26.24,25,78.72,0.0,Holiday Sale,False,
ORD-12927,2024-07-06,Dungeon Dash,Strategy,Target,West,1,34.99,0,34.99,0.0,,False,4
ORD-12928,2024-03-12,Cosmic Blitz,Party,Shopify Direct,Northeast,2,17.99,10,35.98,0,Bundle Deal,False,
ORD-12929,2024-02-07,Ocean Explorer,Children,Shopify Direct,Southeast,1,13.99,30,13.99,0,Clearance,False,4
ORD-12930,2024-04-02,Ocean Explorer,Children,Target,West,2,16.99,15,33.98,0.0,Holiday Sale,False,5
ORD-12931,2024-09-08,Monster Madness,Family,Amazon,Northeast,1,22.99,0,22.99,0.0,,False,
ORD-12932,2024-12-07,Speed Stacks,Party,Walmart,West,2,11.04,15,22.08,0.0,Holiday Sale,False,5
ORD-12933,2024-10-24,Code Breakers,Strategy,Amazon,Southeast,1,27.99,0,27.99,0.0,,False,
ORD-12934,2024-10-11,Monster Madness,Family,Shopify Direct,Midwest,2,22.99,0,45.98,0,,False,
ORD-12935,2024-11-20,Speed Stacks,Party,Target,Northeast,1,12.99,0,12.99,0.0,,False,3
ORD-12936,2024-08-04,Dungeon Dash,Strategy,Amazon,West,2,34.99,0,69.98,0.0,,False,
ORD-12937,2024-10-04,Code Breakers,Strategy,Walmart,Midwest,1,27.99,0,27.99,0.0,,False,4
ORD-12938,2024-05-14,Cosmic Blitz,Party,Target,Northeast,1,15.99,20,15.99,0.0,Flash Sale,False,5
ORD-12939,2024-05-14,Trivia Tornado,Party,Shopify Direct,West,1,11.99,20,11.99,0,Flash Sale,False,
ORD-12940,2024-05-20,Pixel Quest,Family,Walmart,Northeast,1,24.99,0,24.99,0.0,New Release,False,
ORD-12941,2024-04-01,Realm Builders,Strategy,Amazon,West,1,44.99,0,44.99,0.0,New Release,False,3
ORD-12942,2024-04-09,Dungeon Dash,Strategy,Shopify Direct,West,1,34.99,0,34.99,0,,False,4
ORD-12943,2024-07-11,Ocean Explorer,Children,Amazon,Southwest,1,13.99,30,13.99,0.0,Clearance,False,4
ORD-12944,2024-07-17,Pixel Quest,Family,Walmart,Southeast,1,19.99,20,19.99,0.0,Holiday Sale,False,5
ORD-12945,2024-10-31,Ocean Explorer,Children,Board Game Geek Store,West,1,19.99,0,19.99,0.0,,False,3
ORD-12946,2024-12-16,Realm Builders,Strategy,Amazon,Southwest,2,44.99,0,89.98,0.0,New Release,False,5
ORD-12947,2024-03-16,Cosmic Blitz,Party,Board Game Geek Store,Southeast,1,13.99,30,13.99,0.0,Clearance,True,
ORD-12948,2024-06-07,Kiddo Kingdom,Children,Target,Midwest,1,17.99,0,17.99,0.0,,False,5
ORD-12949,2024-04-26,Speed Stacks,Party,Amazon,Northeast,1,9.09,30,9.09,0.0,Clearance,False,
ORD-12950,2024-11-15,Monster Madness,Family,Amazon,Northeast,2,22.99,0,45.98,0.0,,True,
ORD-12951,2024-10-23,Cosmic Blitz,Party,Amazon,West,2,17.99,10,35.98,0.0,Bundle Deal,False,5
ORD-12952,2024-05-15,Code Breakers,Strategy,Target,Northeast,2,27.99,0,55.98,0.0,New Release,False,5
ORD-12953,2024-06-04,Dungeon Dash,Strategy,Amazon,Southwest,1,34.99,0,34.99,0.0,,False,5
ORD-12954,2024-09-21,Pixel Quest,Family,Amazon,Northeast,1,17.49,30,17.49,0.0,Clearance,False,4
ORD-12955,2024-11-11,Speed Stacks,Party,Shopify Direct,Northeast,1,12.99,0,12.99,0,New Release,False,
ORD-12956,2024-08-01,Cosmic Blitz,Party,Walmart,Midwest,3,19.99,0,59.97,0.0,,False,
ORD-12957,2024-03-17,Realm Builders,Strategy,Amazon,Northeast,1,35.99,20,35.99,0.0,Holiday Sale,False,
ORD-12958,2024-04-05,Kiddo Kingdom,Children,Amazon,Southwest,1,14.39,20,14.39,0.0,Flash Sale,False,4
ORD-12959,2024-08-29,Battle Bots Arena,Strategy,Shopify Direct,Midwest,1,20.0,50,20.0,0,Clearance,False,5
ORD-12960,2024-06-02,Code Breakers,Strategy,Shopify Direct,Northeast,1,27.99,0,27.99,0,,False,5
ORD-12961,2024-07-18,Kiddo Kingdom,Children,Walmart,Northeast,2,17.99,0,35.98,0.0,,False,5
ORD-12962,2024-12-30,Ocean Explorer,Children,Amazon,West,1,19.99,0,19.99,0.0,,False,5
ORD-12963,2024-05-26,Trivia Tornado,Party,Shopify Direct,West,2,12.74,15,25.48,0,Bundle Deal,False,
ORD-12964,2024-04-19,Speed Stacks,Party,Target,Northeast,1,10.39,20,10.39,0.0,Flash Sale,False,4
ORD-12965,2024-03-25,Monster Madness,Family,Target,Midwest,1,22.99,0,22.99,0.0,,False,
ORD-12966,2024-06-03,Realm Builders,Strategy,Shopify Direct,Southeast,2,31.49,30,62.98,0,Flash Sale,False,3
ORD-12967,2024-01-28,Ocean Explorer,Children,Board Game Geek Store,West,1,15.99,20,15.99,0.0,Flash Sale,False,4
ORD-12968,2024-09-08,Ocean Explorer,Children,Shopify Direct,Northeast,3,16.99,15,50.97,4.99,Holiday Sale,False,5
ORD-12969,2024-08-12,Dungeon Dash,Strategy,Shopify Direct,West,4,27.99,20,111.96,0,Holiday Sale,False,5
ORD-12970,2024-09-11,Trivia Tornado,Party,Amazon,Southeast,2,10.49,30,20.98,0.0,Flash Sale,True,
ORD-12971,2024-08-18,Code Breakers,Strategy,Amazon,Southwest,2,27.99,0,55.98,0.0,,False,5
ORD-12972,2024-10-02,Kiddo Kingdom,Children,Board Game Geek Store,West,1,17.99,0,17.99,0.0,,False,
ORD-12973,2024-08-13,Cosmic Blitz,Party,Target,Midwest,1,19.99,0,19.99,0.0,,False,
ORD-12974,2024-08-08,Kiddo Kingdom,Children,Walmart,Northeast,1,12.59,30,12.59,0.0,Clearance,False,5
ORD-12975,2024-02-18,Cosmic Blitz,Party,Target,Northeast,2,17.99,10,35.98,0.0,Bundle Deal,False,4
ORD-12976,2024-08-09,Pixel Quest,Family,Amazon,Northeast,2,19.99,20,39.98,0.0,Holiday Sale,False,5
ORD-12977,2024-12-29,Code Breakers,Strategy,Amazon,Southeast,1,27.99,0,27.99,0.0,,False,4
ORD-12978,2024-10-09,Speed Stacks,Party,Walmart,Midwest,1,12.99,0,12.99,0.0,,False,5
ORD-12979,2024-02-23,Speed Stacks,Party,Amazon,West,1,12.99,0,12.99,0.0,New Release,False,4
ORD-12980,2024-07-06,Kiddo Kingdom,Children,Amazon,Midwest,2,16.19,10,32.38,0.0,Bundle Deal,False,
ORD-12981,2024-04-22,Speed Stacks,Party,Board Game Geek Store,Northeast,2,11.69,10,23.38,0.0,Bundle Deal,False,3
ORD-12982,2024-01-07,Monster Madness,Family,Shopify Direct,Southeast,1,22.99,0,22.99,0,,False,5
ORD-12983,2024-06-20,Battle Bots Arena,Strategy,Amazon,Northeast,2,33.99,15,67.98,0.0,Bundle Deal,False,
ORD-12984,2024-11-05,Dungeon Dash,Strategy,Amazon,West,3,34.99,0,104.97,0.0,,False,5
ORD-12985,2024-12-26,Kiddo Kingdom,Children,Amazon,Midwest,2,17.99,0,35.98,0.0,,False,
ORD-12986,2024-01-14,Trivia Tornado,Party,Walmart,Midwest,1,11.99,20,11.99,0.0,Holiday Sale,False,
ORD-12987,2024-03-01,Dungeon Dash,Strategy,Amazon,Northeast,2,31.49,10,62.98,0.0,Bundle Deal,False,4
ORD-12988,2024-08-12,Battle Bots Arena,Strategy,Target,Southwest,1,39.99,0,39.99,0.0,New Release,False,
ORD-12989,2024-11-26,Ocean Explorer,Children,Shopify Direct,Northeast,2,19.99,0,39.98,0,New Release,True,
ORD-12990,2024-06-20,Monster Madness,Family,Target,Midwest,1,22.99,0,22.99,0.0,,False,
ORD-12991,2024-10-27,Trivia Tornado,Party,Amazon,Midwest,1,10.49,30,10.49,0.0,Clearance,True,
ORD-12992,2024-08-30,Cosmic Blitz,Party,Amazon,Southeast,3,17.99,10,53.97,0.0,Bundle Deal,False,
ORD-12993,2024-07-29,Speed Stacks,Party,Amazon,Southeast,1,7.79,40,7.79,0.0,Clearance,False,
ORD-12994,2024-05-15,Code Breakers,Strategy,Shopify Direct,Midwest,2,23.79,15,47.58,0,Bundle Deal,False,5
ORD-12995,2024-05-02,Trivia Tornado,Party,Amazon,Southeast,1,14.99,0,14.99,0.0,,False,
ORD-12996,2024-03-27,Kiddo Kingdom,Children,Amazon,West,1,10.79,40,10.79,0.0,Clearance,False,
ORD-12997,2024-05-12,Dungeon Dash,Strategy,Shopify Direct,West,1,34.99,0,34.99,0,,False,4
ORD-12998,2024-07-09,Ocean Explorer,Children,Shopify Direct,Northeast,1,15.99,20,15.99,0,Holiday Sale,False,
ORD-12999,2024-09-25,Ocean Explorer,Children,Target,Northeast,1,16.99,15,16.99,0.0,Holiday Sale,False,
ORD-13000,2024-07-16,Cosmic Blitz,Party,Target,West,2,15.99,20,31.98,0.0,Flash Sale,True,
ORD-13001,2024-09-21,Cosmic Blitz,Party,Shopify Direct,Midwest,1,15.99,20,15.99,0,Holiday Sale,False,
ORD-13002,2024-07-20,Speed Stacks,Party,Walmart,Northeast,2,12.99,0,25.98,0.0,,False,5
ORD-13003,2024-11-13,Pixel Quest,Family,Shopify Direct,West,2,22.49,10,44.98,0,Bundle Deal,False,5
ORD-13004,2024-08-11,Speed Stacks,Party,Amazon,Southwest,1,7.79,40,7.79,0.0,Clearance,False,5
ORD-13005,2024-08-28,Cosmic Blitz,Party,Amazon,Northeast,2,13.99,30,27.98,0.0,Clearance,False,4
ORD-13006,2024-12-01,Code Breakers,Strategy,Shopify Direct,Midwest,2,27.99,0,55.98,6.99,,False,
ORD-13007,2024-12-17,Dungeon Dash,Strategy,Walmart,Northeast,1,34.99,0,34.99,0.0,New Release,False,
ORD-13008,2024-11-21,Speed Stacks,Party,Walmart,West,1,12.99,0,12.99,0.0,,False,5
ORD-13009,2024-10-18,Pixel Quest,Family,Amazon,Midwest,2,22.49,10,44.98,0.0,Bundle Deal,False,
ORD-13010,2024-09-13,Trivia Tornado,Party,Amazon,West,2,14.99,0,29.98,0.0,,False,2
ORD-13011,2024-07-05,Pixel Quest,Family,Amazon,Southeast,1,24.99,0,24.99,0.0,,False,5
ORD-13012,2024-12-14,Trivia Tornado,Party,Walmart,Midwest,1,14.99,0,14.99,0.0,,False,5
ORD-13013,2024-08-24,Ocean Explorer,Children,Amazon,Southeast,2,16.99,15,33.98,0.0,Bundle Deal,False,4
ORD-13014,2024-11-10,Pixel Quest,Family,Shopify Direct,West,1,14.99,40,14.99,4.99,Clearance,False,4
ORD-13015,2024-09-22,Monster Madness,Family,Target,Southwest,4,22.99,0,91.96,0.0,,False,
ORD-13016,2024-10-27,Cosmic Blitz,Party,Amazon,Northeast,1,19.99,0,19.99,0.0,New Release,False,1
ORD-13017,2024-12-31,Pixel Quest,Family,Walmart,West,1,19.99,20,19.99,0.0,Flash Sale,False,
ORD-13018,2024-11-06,Ocean Explorer,Children,Walmart,Southeast,1,19.99,0,19.99,0.0,,False,
ORD-13019,2024-07-02,Speed Stacks,Party,Shopify Direct,Southeast,1,11.04,15,11.04,0,Holiday Sale,False,5
ORD-13020,2024-01-31,Speed Stacks,Party,Walmart,Northeast,1,12.99,0,12.99,0.0,,False,
ORD-13021,2024-11-07,Pixel Quest,Family,Board Game Geek Store,Southeast,1,24.99,0,24.99,0.0,,False,
ORD-13022,2024-09-29,Dungeon Dash,Strategy,Board Game Geek Store,West,3,34.99,0,104.97,0.0,,False,4
ORD-13023,2024-01-17,Kiddo Kingdom,Children,Target,Northeast,3,15.29,15,45.87,0.0,Bundle Deal,False,4
ORD-13024,2024-09-05,Kiddo Kingdom,Children,Target,Midwest,1,17.99,0,17.99,0.0,,False,
ORD-13025,2024-11-22,Cosmic Blitz,Party,Target,Southeast,1,19.99,0,19.99,0.0,,False,
ORD-13026,2024-03-11,Trivia Tornado,Party,Amazon,Northeast,1,14.99,0,14.99,0.0,,False,4
ORD-13027,2024-11-27,Trivia Tornado,Party,Shopify Direct,Midwest,2,10.49,30,20.98,0,Flash Sale,True,
ORD-13028,2024-09-19,Trivia Tornado,Party,Walmart,West,2,12.74,15,25.48,0.0,Bundle Deal,False,3
ORD-13029,2024-06-22,Code Breakers,Strategy,Amazon,Midwest,1,27.99,0,27.99,0.0,,False,
ORD-13030,2024-03-10,Monster Madness,Family,Amazon,West,1,18.39,20,18.39,0.0,Flash Sale,False,
ORD-13031,2024-06-26,Speed Stacks,Party,Walmart,West,3,9.09,30,27.27,0.0,Flash Sale,False,2
ORD-13032,2024-12-30,Pixel Quest,Family,Shopify Direct,Southeast,1,24.99,0,24.99,0,New Release,False,5
ORD-13033,2024-04-02,Speed Stacks,Party,Amazon,Northeast,2,11.69,10,23.38,0.0,Bundle Deal,False,2
ORD-13034,2024-09-09,Cosmic Blitz,Party,Amazon,Southeast,4,16.99,15,67.96,0.0,Bundle Deal,False,5
ORD-13035,2024-03-08,Cosmic Blitz,Party,Shopify Direct,West,1,19.99,0,19.99,0,New Release,False,4
ORD-13036,2024-08-18,Trivia Tornado,Party,Amazon,West,2,13.49,10,26.98,0.0,Bundle Deal,False,
ORD-13037,2024-12-13,Chess Evolved,Strategy,Amazon,West,3,23.99,20,71.97,0.0,Flash Sale,False,3
ORD-13038,2024-01-29,Realm Builders,Strategy,Board Game Geek Store,Southeast,2,38.24,15,76.48,0.0,Bundle Deal,False,
ORD-13039,2024-04-05,Ocean Explorer,Children,Shopify Direct,Midwest,3,16.99,15,50.97,6.99,Holiday Sale,False,
ORD-13040,2024-07-31,Trivia Tornado,Party,Amazon,West,1,14.99,0,14.99,0.0,,False,
ORD-13041,2024-10-24,Chess Evolved,Strategy,Walmart,Northeast,1,29.99,0,29.99,0.0,New Release,False,
ORD-13042,2024-12-14,Realm Builders,Strategy,Amazon,Midwest,1,38.24,15,38.24,0.0,Holiday Sale,False,2
ORD-13043,2024-11-11,Cosmic Blitz,Party,Amazon,West,1,15.99,20,15.99,0.0,Flash Sale,False,4
ORD-13044,2024-10-09,Pixel Quest,Family,Amazon,West,1,24.99,0,24.99,0.0,,False,5
ORD-13045,2024-05-01,Code Breakers,Strategy,Board Game Geek Store,Southeast,1,27.99,0,27.99,0.0,,False,5
ORD-13046,2024-11-21,Trivia Tornado,Party,Amazon,Midwest,3,11.24,25,33.72,0.0,Holiday Sale,False,
ORD-13047,2024-07-30,Speed Stacks,Party,Shopify Direct,Northeast,2,12.99,0,25.98,0,,False,5
ORD-13048,2024-04-05,Code Breakers,Strategy,Shopify Direct,Southeast,1,16.79,40,16.79,6.99,Clearance,False,5
ORD-13049,2024-03-26,Speed Stacks,Party,Shopify Direct,Southeast,1,10.39,20,10.39,0,Flash Sale,False,
ORD-13050,2024-06-03,Kiddo Kingdom,Children,Amazon,Midwest,2,15.29,15,30.58,0.0,Bundle Deal,False,
ORD-13051,2024-06-20,Cosmic Blitz,Party,Target,Southeast,2,17.99,10,35.98,0.0,Bundle Deal,False,5
ORD-13052,2024-11-16,Speed Stacks,Party,Walmart,West,3,7.79,40,23.37,0.0,Clearance,False,4
ORD-13053,2024-12-07,Chess Evolved,Strategy,Board Game Geek Store,Northeast,4,29.99,0,119.96,0.0,,False,5
ORD-13054,2024-11-28,Monster Madness,Family,Target,Northeast,1,22.99,0,22.99,0.0,New Release,False,
ORD-13055,2024-04-27,Chess Evolved,Strategy,Shopify Direct,Southeast,4,29.99,0,119.96,4.99,,False,4
ORD-13056,2024-09-10,Chess Evolved,Strategy,Amazon,Southeast,1,14.99,50,14.99,0.0,Clearance,False,
ORD-13057,2024-12-11,Monster Madness,Family,Walmart,Midwest,2,16.09,30,32.18,0.0,Flash Sale,False,1
ORD-13058,2024-06-29,Speed Stacks,Party,Amazon,Southeast,2,7.79,40,15.58,0.0,Clearance,False,
ORD-13059,2024-05-15,Trivia Tornado,Party,Amazon,Midwest,1,14.99,0,14.99,0.0,,False,3
ORD-13060,2024-03-31,Dungeon Dash,Strategy,Amazon,Northeast,1,20.99,40,20.99,0.0,Clearance,False,
ORD-13061,2024-07-07,Cosmic Blitz,Party,Amazon,Midwest,1,15.99,20,15.99,0.0,Flash Sale,False,5
ORD-13062,2024-04-30,Speed Stacks,Party,Shopify Direct,Northeast,2,11.69,10,23.38,4.99,Bundle Deal,False,
ORD-13063,2024-08-31,Ocean Explorer,Children,Shopify Direct,Southwest,1,19.99,0,19.99,0,New Release,False,4
ORD-13064,2024-04-16,Pixel Quest,Family,Shopify Direct,Southwest,2,24.99,0,49.98,0,,True,
ORD-13065,2024-09-27,Cosmic Blitz,Party,Shopify Direct,West,2,16.99,15,33.98,6.99,Bundle Deal,False,5
ORD-13066,2024-08-30,Cosmic Blitz,Party,Walmart,Southeast,3,17.99,10,53.97,0.0,Bundle Deal,False,
ORD-13067,2024-04-09,Ocean Explorer,Children,Amazon,Midwest,2,15.99,20,31.98,0.0,Flash Sale,False,1
ORD-13068,2024-03-12,Pixel Quest,Family,Shopify Direct,Midwest,1,19.99,20,19.99,0,Holiday Sale,False,5
ORD-13069,2024-03-20,Cosmic Blitz,Party,Walmart,Southeast,1,19.99,0,19.99,0.0,,False,4
ORD-13070,2024-01-23,Cosmic Blitz,Party,Amazon,Southeast,1,19.99,0,19.99,0.0,,False,4
ORD-13071,2024-06-18,Trivia Tornado,Party,Board Game Geek Store,Southwest,1,7.5,50,7.5,0.0,Clearance,False,
ORD-13072,2024-06-09,Pixel Quest,Family,Amazon,Southwest,3,12.49,50,37.47,0.0,Clearance,False,1
ORD-13073,2024-02-06,Battle Bots Arena,Strategy,Amazon,Midwest,2,39.99,0,79.98,0.0,New Release,False,5
ORD-13074,2024-05-03,Speed Stacks,Party,Shopify Direct,Northeast,1,11.04,15,11.04,6.99,Holiday Sale,False,5
ORD-13075,2024-08-02,Realm Builders,Strategy,Target,Southwest,1,38.24,15,38.24,0.0,Holiday Sale,False,
ORD-13076,2024-04-26,Cosmic Blitz,Party,Shopify Direct,Southeast,2,13.99,30,27.98,0,Flash Sale,False,2
ORD-13077,2024-11-30,Ocean Explorer,Children,Amazon,Southeast,1,15.99,20,15.99,0.0,Flash Sale,True,
ORD-13078,2024-05-25,Trivia Tornado,Party,Amazon,Southwest,1,12.74,15,12.74,0.0,Holiday Sale,False,
ORD-13079,2024-04-09,Chess Evolved,Strategy,Target,Northeast,2,26.99,10,53.98,0.0,Bundle Deal,False,
ORD-13080,2024-08-17,Dungeon Dash,Strategy,Walmart,Northeast,2,29.74,15,59.48,0.0,Bundle Deal,False,
ORD-13081,2024-11-14,Cosmic Blitz,Party,Target,West,1,14.99,25,14.99,0.0,Holiday Sale,False,
ORD-13082,2024-10-03,Trivia Tornado,Party,Shopify Direct,Midwest,1,11.99,20,11.99,6.99,Flash Sale,False,5
ORD-13083,2024-12-18,Cosmic Blitz,Party,Walmart,Northeast,1,13.99,30,13.99,0.0,Flash Sale,False,5
ORD-13084,2024-11-06,Cosmic Blitz,Party,Walmart,Northeast,1,11.99,40,11.99,0.0,Clearance,False,5
ORD-13085,2024-01-23,Trivia Tornado,Party,Walmart,West,1,11.99,20,11.99,0.0,Flash Sale,False,4
ORD-13086,2024-12-05,Chess Evolved,Strategy,Board Game Geek Store,Southeast,2,25.49,15,50.98,0.0,Bundle Deal,False,4
ORD-13087,2024-11-27,Pixel Quest,Family,Board Game Geek Store,Northeast,1,24.99,0,24.99,0.0,,False,
ORD-13088,2024-11-19,Speed Stacks,Party,Target,Northeast,1,12.99,0,12.99,0.0,,False,5
ORD-13089,2024-01-02,Kiddo Kingdom,Children,Amazon,Southeast,1,17.99,0,17.99,0.0,,False,5
ORD-13090,2024-07-26,Monster Madness,Family,Shopify Direct,Southeast,2,22.99,0,45.98,0,New Release,False,
ORD-13091,2024-01-26,Monster Madness,Family,Shopify Direct,West,1,22.99,0,22.99,0,,False,5
ORD-13092,2024-06-05,Trivia Tornado,Party,Board Game Geek Store,Southeast,1,10.49,30,10.49,0.0,Flash Sale,False,3
ORD-13093,2024-03-17,Dungeon Dash,Strategy,Target,Southwest,1,27.99,20,27.99,0.0,Holiday Sale,False,
ORD-13094,2024-12-05,Trivia Tornado,Party,Amazon,Midwest,1,14.99,0,14.99,0.0,,False,4
ORD-13095,2024-05-16,Speed Stacks,Party,Walmart,Southeast,1,10.39,20,10.39,0.0,Flash Sale,False,
ORD-13096,2024-05-14,Chess Evolved,Strategy,Board Game Geek Store,Southeast,1,23.99,20,23.99,0.0,Holiday Sale,False,
ORD-13097,2024-11-14,Ocean Explorer,Children,Walmart,Southeast,1,13.99,30,13.99,0.0,Flash Sale,False,5
ORD-13098,2024-03-31,Speed Stacks,Party,Target,Midwest,1,7.79,40,7.79,0.0,Clearance,False,3
ORD-13099,2024-09-08,Pixel Quest,Family,Shopify Direct,Midwest,1,19.99,20,19.99,0,Flash Sale,False,5
ORD-13100,2024-01-21,Realm Builders,Strategy,Shopify Direct,Northeast,2,44.99,0,89.98,6.99,New Release,False,4
ORD-13101,2024-01-28,Pixel Quest,Family,Walmart,West,3,21.24,15,63.72,0.0,Bundle Deal,False,5
ORD-13102,2024-12-06,Kiddo Kingdom,Children,Amazon,Southeast,1,17.99,0,17.99,0.0,,False,4
ORD-13103,2024-09-18,Trivia Tornado,Party,Target,Northeast,2,12.74,15,25.48,0.0,Bundle Deal,False,
ORD-13104,2024-11-27,Realm Builders,Strategy,Shopify Direct,Midwest,2,44.99,0,89.98,0,,False,3
ORD-13105,2024-06-03,Monster Madness,Family,Amazon,Northeast,3,22.99,0,68.97,0.0,,False,4
ORD-13106,2024-10-27,Battle Bots Arena,Strategy,Amazon,Midwest,1,31.99,20,31.99,0.0,Holiday Sale,False,
ORD-13107,2024-08-01,Cosmic Blitz,Party,Walmart,Northeast,1,9.99,50,9.99,0.0,Clearance,False,
ORD-13108,2024-09-23,Kiddo Kingdom,Children,Amazon,Southeast,2,13.49,25,26.98,0.0,Holiday Sale,False,5
ORD-13109,2024-02-04,Dungeon Dash,Strategy,Amazon,Midwest,2,34.99,0,69.98,0.0,New Release,False,4
ORD-13110,2024-10-26,Ocean Explorer,Children,Amazon,West,2,9.99,50,19.98,0.0,Clearance,False,
ORD-13111,2024-02-28,Pixel Quest,Family,Target,Midwest,1,24.99,0,24.99,0.0,New Release,False,4
ORD-13112,2024-02-09,Pixel Quest,Family,Amazon,Midwest,2,21.24,15,42.48,0.0,Bundle Deal,False,3
ORD-13113,2024-07-29,Ocean Explorer,Children,Walmart,Southeast,1,13.99,30,13.99,0.0,Flash Sale,False,
ORD-13114,2024-03-04,Speed Stacks,Party,Amazon,Southeast,1,12.99,0,12.99,0.0,,False,4
ORD-13115,2024-02-12,Speed Stacks,Party,Amazon,Southeast,1,9.09,30,9.09,0.0,Clearance,False,
ORD-13116,2024-05-12,Chess Evolved,Strategy,Amazon,Midwest,1,22.49,25,22.49,0.0,Holiday Sale,False,
ORD-13117,2024-07-02,Pixel Quest,Family,Amazon,Northeast,1,24.99,0,24.99,0.0,,False,3
ORD-13118,2024-09-06,Realm Builders,Strategy,Amazon,Midwest,3,31.49,30,94.47,0.0,Flash Sale,False,
ORD-13119,2024-06-20,Cosmic Blitz,Party,Amazon,West,1,15.99,20,15.99,0.0,Flash Sale,False,5
ORD-13120,2024-08-08,Code Breakers,Strategy,Target,Midwest,1,27.99,0,27.99,0.0,,False,
ORD-13121,2024-10-07,Dungeon Dash,Strategy,Amazon,West,1,34.99,0,34.99,0.0,,False,
ORD-13122,2024-02-22,Monster Madness,Family,Amazon,Midwest,1,22.99,0,22.99,0.0,,False,5
ORD-13123,2024-07-04,Code Breakers,Strategy,Shopify Direct,Midwest,1,27.99,0,27.99,6.99,,False,3
ORD-13124,2024-12-29,Dungeon Dash,Strategy,Shopify Direct,Southwest,2,29.74,15,59.48,0,Bundle Deal,False,5
ORD-13125,2024-07-19,Monster Madness,Family,Shopify Direct,West,1,22.99,0,22.99,0,,False,
ORD-13126,2024-06-16,Ocean Explorer,Children,Board Game Geek Store,Southwest,2,17.99,10,35.98,0.0,Bundle Deal,False,
ORD-13127,2024-02-28,Kiddo Kingdom,Children,Amazon,Northeast,1,14.39,20,14.39,0.0,Flash Sale,False,5
ORD-13128,2024-04-30,Cosmic Blitz,Party,Shopify Direct,Southwest,3,19.99,0,59.97,4.99,,False,
ORD-13129,2024-05-08,Ocean Explorer,Children,Shopify Direct,Northeast,1,19.99,0,19.99,0,,False,5
ORD-13130,2024-05-09,Kiddo Kingdom,Children,Shopify Direct,Northeast,1,12.59,30,12.59,6.99,Clearance,False,
ORD-13131,2024-11-20,Ocean Explorer,Children,Walmart,West,1,9.99,50,9.99,0.0,Clearance,False,2
ORD-13132,2024-09-12,Chess Evolved,Strategy,Amazon,Northeast,1,29.99,0,29.99,0.0,,False,
ORD-13133,2024-01-27,Speed Stacks,Party,Walmart,Southwest,1,12.99,0,12.99,0.0,,True,
ORD-13134,2024-11-02,Chess Evolved,Strategy,Target,Southeast,1,29.99,0,29.99,0.0,,False,4
ORD-13135,2024-12-07,Battle Bots Arena,Strategy,Shopify Direct,Northeast,1,20.0,50,20.0,4.99,Clearance,False,3
ORD-13136,2024-10-09,Cosmic Blitz,Party,Board Game Geek Store,Midwest,3,14.99,25,44.97,0.0,Holiday Sale,False,
ORD-13137,2024-08-06,Chess Evolved,Strategy,Shopify Direct,Southwest,3,26.99,10,80.97,4.99,Bundle Deal,False,
ORD-13138,2024-11-29,Chess Evolved,Strategy,Walmart,Midwest,1,29.99,0,29.99,0.0,,False,
ORD-13139,2024-10-30,Pixel Quest,Family,Amazon,Northeast,2,24.99,0,49.98,0.0,,False,
ORD-13140,2024-12-01,Chess Evolved,Strategy,Amazon,Midwest,3,25.49,15,76.47,0.0,Bundle Deal,False,
ORD-13141,2024-07-23,Trivia Tornado,Party,Amazon,Southeast,3,14.99,0,44.97,0.0,,False,5
ORD-13142,2024-07-02,Pixel Quest,Family,Target,Southeast,1,17.49,30,17.49,0.0,Flash Sale,False,4
ORD-13143,2024-06-19,Cosmic Blitz,Party,Target,Northeast,1,15.99,20,15.99,0.0,Flash Sale,False,4
ORD-13144,2024-12-03,Pixel Quest,Family,Walmart,Southwest,1,14.99,40,14.99,0.0,Clearance,False,4
ORD-13145,2024-08-07,Speed Stacks,Party,Walmart,Northeast,2,12.99,0,25.98,0.0,,False,4
ORD-13146,2024-03-13,Cosmic Blitz,Party,Shopify Direct,West,2,19.99,0,39.98,0,New Release,False,5
ORD-13147,2024-12-13,Monster Madness,Family,Shopify Direct,Northeast,1,22.99,0,22.99,0,,False,
ORD-13148,2024-06-29,Ocean Explorer,Children,Amazon,Southeast,1,15.99,20,15.99,0.0,Flash Sale,False,5
ORD-13149,2024-10-24,Trivia Tornado,Party,Walmart,Midwest,2,14.99,0,29.98,0.0,,False,
ORD-13150,2024-04-15,Battle Bots Arena,Strategy,Target,Southwest,1,39.99,0,39.99,0.0,,False,4
ORD-13151,2024-10-24,Speed Stacks,Party,Walmart,Northeast,1,12.99,0,12.99,0.0,,False,5
ORD-13152,2024-07-09,Code Breakers,Strategy,Walmart,Southwest,1,27.99,0,27.99,0.0,,False,
ORD-13153,2024-08-17,Dungeon Dash,Strategy,Shopify Direct,Southwest,1,34.99,0,34.99,0,New Release,False,
ORD-13154,2024-04-08,Dungeon Dash,Strategy,Shopify Direct,Midwest,2,34.99,0,69.98,4.99,,False,
ORD-13155,2024-05-23,Realm Builders,Strategy,Shopify Direct,Northeast,2,40.49,10,80.98,0,Bundle Deal,True,
ORD-13156,2024-05-30,Speed Stacks,Party,Amazon,Northeast,1,11.04,15,11.04,0.0,Holiday Sale,False,5
ORD-13157,2024-03-09,Dungeon Dash,Strategy,Shopify Direct,Southwest,1,34.99,0,34.99,4.99,,False,5
ORD-13158,2024-12-20,Monster Madness,Family,Shopify Direct,West,1,22.99,0,22.99,0,New Release,False,
ORD-13159,2024-09-08,Code Breakers,Strategy,Target,West,1,27.99,0,27.99,0.0,New Release,False,5
ORD-13160,2024-11-06,Kiddo Kingdom,Children,Shopify Direct,Midwest,1,17.99,0,17.99,0,,False,2
ORD-13161,2024-07-03,Cosmic Blitz,Party,Amazon,Midwest,3,19.99,0,59.97,0.0,,False,
ORD-13162,2024-04-24,Kiddo Kingdom,Children,Target,Northeast,3,10.79,40,32.37,0.0,Clearance,False,5
ORD-13163,2024-09-05,Speed Stacks,Party,Shopify Direct,Midwest,3,12.99,0,38.97,0,,False,4
ORD-13164,2024-03-12,Ocean Explorer,Children,Target,Midwest,2,19.99,0,39.98,0.0,,False,
ORD-13165,2024-06-10,Ocean Explorer,Children,Amazon,Southeast,1,19.99,0,19.99,0.0,New Release,True,
ORD-13166,2024-02-08,Speed Stacks,Party,Amazon,Midwest,1,12.99,0,12.99,0.0,,False,5
ORD-13167,2024-04-22,Monster Madness,Family,Amazon,Southwest,2,22.99,0,45.98,0.0,New Release,False,
ORD-13168,2024-12-28,Trivia Tornado,Party,Shopify Direct,Southwest,2,14.99,0,29.98,4.99,,False,
ORD-13169,2024-08-21,Speed Stacks,Party,Walmart,Northeast,2,11.04,15,22.08,0.0,Bundle Deal,False,3
ORD-13170,2024-03-29,Pixel Quest,Family,Shopify Direct,Midwest,1,24.99,0,24.99,6.99,,False,
ORD-13171,2024-12-21,Kiddo Kingdom,Children,Shopify Direct,Northeast,2,16.19,10,32.38,0,Bundle Deal,False,5
ORD-13172,2024-09-11,Cosmic Blitz,Party,Shopify Direct,Midwest,1,19.99,0,19.99,0,,False,1
ORD-13173,2024-05-04,Chess Evolved,Strategy,Amazon,Southeast,1,29.99,0,29.99,0.0,,False,5
ORD-13174,2024-12-03,Kiddo Kingdom,Children,Board Game Geek Store,Southwest,2,16.19,10,32.38,0.0,Bundle Deal,False,
ORD-13175,2024-01-30,Battle Bots Arena,Strategy,Shopify Direct,Northeast,1,39.99,0,39.99,6.99,,False,4
ORD-13176,2024-01-12,Kiddo Kingdom,Children,Amazon,Southwest,1,17.99,0,17.99,0.0,,False,
ORD-13177,2024-05-27,Cosmic Blitz,Party,Target,Southwest,1,15.99,20,15.99,0.0,Flash Sale,False,4
ORD-13178,2024-10-31,Speed Stacks,Party,Amazon,Northeast,1,12.99,0,12.99,0.0,New Release,False,
ORD-13179,2024-03-20,Trivia Tornado,Party,Walmart,Southeast,3,11.99,20,35.97,0.0,Flash Sale,False,5
ORD-13180,2024-12-09,Pixel Quest,Family,Target,Southeast,1,24.99,0,24.99,0.0,,False,
ORD-13181,2024-01-15,Trivia Tornado,Party,Shopify Direct,Northeast,1,12.74,15,12.74,0,Holiday Sale,False,2
ORD-13182,2024-12-11,Pixel Quest,Family,Target,West,1,18.74,25,18.74,0.0,Holiday Sale,False,
ORD-13183,2024-10-13,Pixel Quest,Family,Walmart,Northeast,2,24.99,0,49.98,0.0,,False,5
ORD-13184,2024-06-08,Cosmic Blitz,Party,Amazon,West,2,16.99,15,33.98,0.0,Bundle Deal,False,5
ORD-13185,2024-03-19,Trivia Tornado,Party,Amazon,Midwest,1,14.99,0,14.99,0.0,,False,
ORD-13186,2024-12-02,Dungeon Dash,Strategy,Target,Northeast,1,27.99,20,27.99,0.0,Flash Sale,False,5
ORD-13187,2024-12-08,Monster Madness,Family,Target,Northeast,1,18.39,20,18.39,0.0,Flash Sale,False,2
ORD-13188,2024-09-17,Pixel Quest,Family,Walmart,Southwest,2,19.99,20,39.98,0.0,Holiday Sale,False,
ORD-13189,2024-07-02,Cosmic Blitz,Party,Walmart,Midwest,2,16.99,15,33.98,0.0,Bundle Deal,False,4
ORD-13190,2024-10-27,Realm Builders,Strategy,Amazon,Northeast,1,22.5,50,22.5,0.0,Clearance,False,3
ORD-13191,2024-03-05,Battle Bots Arena,Strategy,Walmart,Southeast,1,31.99,20,31.99,0.0,Holiday Sale,False,5
ORD-13192,2024-10-14,Monster Madness,Family,Amazon,West,1,22.99,0,22.99,0.0,,False,5
ORD-13193,2024-07-03,Cosmic Blitz,Party,Board Game Geek Store,West,1,19.99,0,19.99,0.0,,False,5
ORD-13194,2024-04-23,Pixel Quest,Family,Walmart,Southeast,1,24.99,0,24.99,0.0,,False,5
ORD-13195,2024-05-31,Cosmic Blitz,Party,Walmart,West,1,15.99,20,15.99,0.0,Flash Sale,False,5
ORD-13196,2024-12-20,Realm Builders,Strategy,Walmart,Midwest,3,38.24,15,114.72,0.0,Bundle Deal,False,5
ORD-13197,2024-05-04,Trivia Tornado,Party,Target,Midwest,3,7.5,50,22.5,0.0,Clearance,False,
ORD-13198,2024-06-30,Code Breakers,Strategy,Amazon,Midwest,1,27.99,0,27.99,0.0,,False,
ORD-13199,2024-05-27,Monster Madness,Family,Target,West,1,22.99,0,22.99,0.0,,False,3
ORD-13200,2024-12-15,Dungeon Dash,Strategy,Amazon,Southwest,1,34.99,0,34.99,0.0,,False,4
ORD-13201,2024-12-07,Cosmic Blitz,Party,Amazon,West,1,15.99,20,15.99,0.0,Flash Sale,False,4
ORD-13202,2024-01-09,Trivia Tornado,Party,Board Game Geek Store,West,2,14.99,0,29.98,0.0,,True,
ORD-13203,2024-06-22,Kiddo Kingdom,Children,Amazon,Southwest,1,17.99,0,17.99,0.0,,False,
ORD-13204,2024-05-19,Cosmic Blitz,Party,Walmart,Southeast,1,14.99,25,14.99,0.0,Holiday Sale,False,5
ORD-13205,2024-09-23,Battle Bots Arena,Strategy,Walmart,West,1,39.99,0,39.99,0.0,,False,2
ORD-13206,2024-09-07,Trivia Tornado,Party,Amazon,Southeast,2,12.74,15,25.48,0.0,Bundle Deal,False,5
ORD-13207,2024-06-24,Chess Evolved,Strategy,Amazon,Southeast,1,29.99,0,29.99,0.0,,False,5
ORD-13208,2024-04-09,Trivia Tornado,Party,Amazon,West,4,14.99,0,59.96,0.0,,False,4
ORD-13209,2024-04-26,Pixel Quest,Family,Amazon,Midwest,2,22.49,10,44.98,0.0,Bundle Deal,False,2
ORD-13210,2024-08-20,Monster Madness,Family,Board Game Geek Store,Midwest,2,22.99,0,45.98,0.0,,False,5
ORD-13211,2024-08-29,Pixel Quest,Family,Amazon,Midwest,1,24.99,0,24.99,0.0,,False,5
ORD-13212,2024-05-22,Cosmic Blitz,Party,Board Game Geek Store,West,1,19.99,0,19.99,0.0,,False,5
ORD-13213,2024-11-15,Chess Evolved,Strategy,Shopify Direct,Southeast,1,29.99,0,29.99,0,New Release,True,
ORD-13214,2024-10-09,Kiddo Kingdom,Children,Amazon,Southeast,2,16.19,10,32.38,0.0,Bundle Deal,False,5
ORD-13215,2024-05-23,Cosmic Blitz,Party,Amazon,Southeast,1,11.99,40,11.99,0.0,Clearance,False,5
ORD-13216,2024-06-15,Kiddo Kingdom,Children,Board Game Geek Store,Northeast,1,17.99,0,17.99,0.0,,False,5
ORD-13217,2024-08-12,Cosmic Blitz,Party,Shopify Direct,Southeast,1,19.99,0,19.99,4.99,New Release,False,
ORD-13218,2024-03-04,Cosmic Blitz,Party,Walmart,Northeast,2,14.99,25,29.98,0.0,Holiday Sale,False,
ORD-13219,2024-12-15,Ocean Explorer,Children,Amazon,Southeast,1,11.99,40,11.99,0.0,Clearance,False,
ORD-13220,2024-10-20,Ocean Explorer,Children,Amazon,West,3,11.99,40,35.97,0.0,Clearance,False,5
ORD-13221,2024-12-13,Speed Stacks,Party,Shopify Direct,Midwest,2,9.09,30,18.18,0,Flash Sale,False,5
ORD-13222,2024-08-11,Trivia Tornado,Party,Amazon,Southeast,3,14.99,0,44.97,0.0,New Release,False,
ORD-13223,2024-06-11,Cosmic Blitz,Party,Shopify Direct,Northeast,1,16.99,15,16.99,0,Holiday Sale,False,5
ORD-13224,2024-05-12,Battle Bots Arena,Strategy,Board Game Geek Store,Southeast,1,39.99,0,39.99,0.0,New Release,True,
ORD-13225,2024-11-17,Trivia Tornado,Party,Amazon,Midwest,1,7.5,50,7.5,0.0,Clearance,False,5
ORD-13226,2024-10-28,Dungeon Dash,Strategy,Board Game Geek Store,West,3,34.99,0,104.97,0.0,,False,4
ORD-13227,2024-09-11,Trivia Tornado,Party,Target,Southwest,4,14.99,0,59.96,0.0,,False,5
ORD-13228,2024-09-16,Speed Stacks,Party,Amazon,Midwest,1,12.99,0,12.99,0.0,,False,5
ORD-13229,2024-07-13,Kiddo Kingdom,Children,Target,West,2,12.59,30,25.18,0.0,Flash Sale,False,5
ORD-13230,2024-04-15,Dungeon Dash,Strategy,Target,Southeast,2,26.24,25,52.48,0.0,Holiday Sale,False,
ORD-13231,2024-06-14,Trivia Tornado,Party,Board Game Geek Store,Southeast,2,14.99,0,29.98,0.0,New Release,False,
ORD-13232,2024-01-23,Trivia Tornado,Party,Amazon,Southeast,2,13.49,10,26.98,0.0,Bundle Deal,False,5
ORD-13233,2024-02-10,Code Breakers,Strategy,Walmart,Southwest,2,25.19,10,50.38,0.0,Bundle Deal,False,5
ORD-13234,2024-07-14,Cosmic Blitz,Party,Target,Midwest,1,19.99,0,19.99,0.0,,False,
ORD-13235,2024-12-28,Realm Builders,Strategy,Amazon,Southeast,3,26.99,40,80.97,0.0,Clearance,False,5
ORD-13236,2024-09-12,Cosmic Blitz,Party,Shopify Direct,Southeast,1,19.99,0,19.99,6.99,,False,
ORD-13237,2024-03-29,Trivia Tornado,Party,Walmart,West,1,14.99,0,14.99,0.0,,False,
ORD-13238,2024-09-25,Ocean Explorer,Children,Target,Northeast,1,19.99,0,19.99,0.0,,True,
ORD-13239,2024-03-03,Battle Bots Arena,Strategy,Walmart,Northeast,2,33.99,15,67.98,0.0,Bundle Deal,False,
ORD-13240,2024-09-04,Speed Stacks,Party,Walmart,Northeast,3,7.79,40,23.37,0.0,Clearance,True,
ORD-13241,2024-04-28,Kiddo Kingdom,Children,Target,Southeast,2,15.29,15,30.58,0.0,Bundle Deal,False,5
ORD-13242,2024-12-07,Speed Stacks,Party,Shopify Direct,Southeast,1,7.79,40,7.79,0,Clearance,False,4
ORD-13243,2024-10-14,Dungeon Dash,Strategy,Walmart,Southwest,2,34.99,0,69.98,0.0,,False,5
ORD-13244,2024-04-04,Trivia Tornado,Party,Amazon,Midwest,1,14.99,0,14.99,0.0,,False,5
ORD-13245,2024-08-27,Code Breakers,Strategy,Amazon,Northeast,1,22.39,20,22.39,0.0,Flash Sale,False,
ORD-13246,2024-08-27,Speed Stacks,Party,Amazon,Midwest,2,11.69,10,23.38,0.0,Bundle Deal,False,
ORD-13247,2024-03-12,Speed Stacks,Party,Shopify Direct,Midwest,1,12.99,0,12.99,6.99,,False,4
ORD-13248,2024-05-02,Cosmic Blitz,Party,Amazon,Northeast,3,17.99,10,53.97,0.0,Bundle Deal,False,4
ORD-13249,2024-06-12,Trivia Tornado,Party,Walmart,Southeast,1,14.99,0,14.99,0.0,,False,4
ORD-13250,2024-06-26,Trivia Tornado,Party,Board Game Geek Store,Northeast,1,14.99,0,14.99,0.0,New Release,False,
ORD-13251,2024-08-21,Code Breakers,Strategy,Amazon,Northeast,1,16.79,40,16.79,0.0,Clearance,False,5
ORD-13252,2024-12-02,Speed Stacks,Party,Shopify Direct,West,1,6.5,50,6.5,6.99,Clearance,False,
ORD-13253,2024-03-13,Monster Madness,Family,Target,West,1,22.99,0,22.99,0.0,,False,
ORD-13254,2024-08-09,Speed Stacks,Party,Board Game Geek Store,Southeast,1,12.99,0,12.99,0.0,,False,5
ORD-13255,2024-10-01,Trivia Tornado,Party,Target,West,1,14.99,0,14.99,0.0,New Release,False,5
ORD-13256,2024-01-25,Pixel Quest,Family,Target,Northeast,4,24.99,0,99.96,0.0,New Release,False,
ORD-13257,2024-11-13,Realm Builders,Strategy,Walmart,West,1,44.99,0,44.99,0.0,,False,
ORD-13258,2024-08-20,Ocean Explorer,Children,Amazon,West,1,19.99,0,19.99,0.0,,False,
ORD-13259,2024-07-14,Cosmic Blitz,Party,Amazon,Southwest,1,19.99,0,19.99,0.0,,False,4
ORD-13260,2024-07-27,Speed Stacks,Party,Walmart,Southwest,1,12.99,0,12.99,0.0,,False,
ORD-13261,2024-07-15,Cosmic Blitz,Party,Shopify Direct,Southwest,1,19.99,0,19.99,0,,False,
ORD-13262,2024-05-25,Dungeon Dash,Strategy,Amazon,Northeast,2,29.74,15,59.48,0.0,Bundle Deal,False,
ORD-13263,2024-07-07,Dungeon Dash,Strategy,Board Game Geek Store,Midwest,2,29.74,15,59.48,0.0,Holiday Sale,False,
ORD-13264,2024-10-16,Kiddo Kingdom,Children,Shopify Direct,Northeast,2,16.19,10,32.38,0,Bundle Deal,True,
ORD-13265,2024-12-08,Kiddo Kingdom,Children,Amazon,Southeast,1,17.99,0,17.99,0.0,,False,5
ORD-13266,2024-06-30,Trivia Tornado,Party,Shopify Direct,Northeast,1,10.49,30,10.49,4.99,Flash Sale,False,5
ORD-13267,2024-02-19,Cosmic Blitz,Party,Shopify Direct,Southeast,1,14.99,25,14.99,4.99,Holiday Sale,False,5
ORD-13268,2024-11-06,Chess Evolved,Strategy,Amazon,Northeast,1,29.99,0,29.99,0.0,,False,5
ORD-13269,2024-10-18,Dungeon Dash,Strategy,Amazon,Midwest,2,27.99,20,55.98,0.0,Flash Sale,False,
ORD-13270,2024-08-30,Code Breakers,Strategy,Target,Northeast,1,27.99,0,27.99,0.0,,False,
ORD-13271,2024-12-18,Pixel Quest,Family,Shopify Direct,Midwest,1,17.49,30,17.49,0,Flash Sale,False,4
ORD-13272,2024-04-02,Code Breakers,Strategy,Shopify Direct,West,4,27.99,0,111.96,0,,False,
ORD-13273,2024-01-24,Dungeon Dash,Strategy,Amazon,Southeast,1,27.99,20,27.99,0.0,Holiday Sale,False,5
ORD-13274,2024-08-02,Kiddo Kingdom,Children,Amazon,Northeast,2,17.99,0,35.98,0.0,,False,3
ORD-13275,2024-08-14,Chess Evolved,Strategy,Amazon,Midwest,1,29.99,0,29.99,0.0,New Release,False,4
ORD-13276,2024-04-21,Cosmic Blitz,Party,Walmart,Northeast,1,19.99,0,19.99,0.0,,False,
ORD-13277,2024-03-12,Trivia Tornado,Party,Walmart,Southeast,3,14.99,0,44.97,0.0,New Release,False,4
ORD-13278,2024-07-30,Pixel Quest,Family,Walmart,Southwest,1,19.99,20,19.99,0.0,Holiday Sale,False,4
ORD-13279,2024-07-12,Trivia Tornado,Party,Target,West,2,13.49,10,26.98,0.0,Bundle Deal,False,
ORD-13280,2024-04-12,Chess Evolved,Strategy,Shopify Direct,Southeast,4,29.99,0,119.96,0,,False,
ORD-13281,2024-09-12,Monster Madness,Family,Amazon,West,1,13.79,40,13.79,0.0,Clearance,False,5
ORD-13282,2024-04-27,Code Breakers,Strategy,Shopify Direct,Southeast,1,13.99,50,13.99,6.99,Clearance,False,
ORD-13283,2024-02-15,Pixel Quest,Family,Board Game Geek Store,Northeast,2,21.24,15,42.48,0.0,Bundle Deal,False,
ORD-13284,2024-11-20,Code Breakers,Strategy,Shopify Direct,Northeast,1,19.59,30,19.59,6.99,Clearance,False,4
ORD-13285,2024-04-19,Monster Madness,Family,Shopify Direct,Midwest,1,22.99,0,22.99,4.99,New Release,False,3
ORD-13286,2024-11-13,Trivia Tornado,Party,Walmart,Southeast,3,11.24,25,33.72,0.0,Holiday Sale,False,
ORD-13287,2024-07-08,Code Breakers,Strategy,Walmart,Southwest,1,19.59,30,19.59,0.0,Clearance,False,5
ORD-13288,2024-12-12,Kiddo Kingdom,Children,Amazon,Midwest,3,17.99,0,53.97,0.0,New Release,False,5
ORD-13289,2024-07-25,Trivia Tornado,Party,Walmart,Northeast,3,14.99,0,44.97,0.0,,False,5
ORD-13290,2024-12-18,Kiddo Kingdom,Children,Shopify Direct,West,2,16.19,10,32.38,0,Bundle Deal,False,5
ORD-13291,2024-01-09,Kiddo Kingdom,Children,Amazon,Northeast,2,12.59,30,25.18,0.0,Clearance,False,
ORD-13292,2024-07-12,Speed Stacks,Party,Amazon,West,2,9.09,30,18.18,0.0,Flash Sale,False,4
ORD-13293,2024-07-30,Ocean Explorer,Children,Target,Midwest,1,19.99,0,19.99,0.0,,False,3
ORD-13294,2024-12-10,Cosmic Blitz,Party,Amazon,Southwest,1,13.99,30,13.99,0.0,Clearance,True,
ORD-13295,2024-07-16,Pixel Quest,Family,Amazon,Southeast,1,24.99,0,24.99,0.0,,False,5
ORD-13296,2024-08-29,Ocean Explorer,Children,Walmart,Northeast,3,17.99,10,53.97,0.0,Bundle Deal,False,
ORD-13297,2024-11-28,Monster Madness,Family,Amazon,Southwest,1,16.09,30,16.09,0.0,Flash Sale,False,4
ORD-13298,2024-10-03,Cosmic Blitz,Party,Walmart,West,1,19.99,0,19.99,0.0,,False,3
ORD-13299,2024-08-28,Pixel Quest,Family,Amazon,West,3,24.99,0,74.97,0.0,New Release,False,
ORD-13300,2024-11-08,Kiddo Kingdom,Children,Amazon,West,2,17.99,0,35.98,0.0,,False,4
ORD-13301,2024-07-06,Cosmic Blitz,Party,Amazon,Northeast,1,15.99,20,15.99,0.0,Flash Sale,False,
ORD-13302,2024-07-21,Monster Madness,Family,Walmart,West,1,22.99,0,22.99,0.0,,False,3
ORD-13303,2024-01-24,Pixel Quest,Family,Shopify Direct,Southeast,1,24.99,0,24.99,4.99,,False,
ORD-13304,2024-05-05,Speed Stacks,Party,Shopify Direct,Southeast,3,12.99,0,38.97,0,,False,
ORD-13305,2024-12-01,Battle Bots Arena,Strategy,Walmart,Southwest,1,31.99,20,31.99,0.0,Flash Sale,False,4
ORD-13306,2024-05-11,Battle Bots Arena,Strategy,Target,Midwest,2,39.99,0,79.98,0.0,,False,4
ORD-13307,2024-09-09,Monster Madness,Family,Amazon,Southwest,1,22.99,0,22.99,0.0,New Release,True,
ORD-13308,2024-01-17,Speed Stacks,Party,Amazon,Midwest,1,12.99,0,12.99,0.0,,False,5
ORD-13309,2024-10-17,Monster Madness,Family,Amazon,Northeast,1,22.99,0,22.99,0.0,,True,
ORD-13310,2024-12-29,Cosmic Blitz,Party,Amazon,Northeast,1,15.99,20,15.99,0.0,Flash Sale,False,4
ORD-13311,2024-12-01,Speed Stacks,Party,Amazon,Northeast,1,9.09,30,9.09,0.0,Flash Sale,False,
ORD-13312,2024-04-20,Trivia Tornado,Party,Walmart,Northeast,2,8.99,40,17.98,0.0,Clearance,False,4
ORD-13313,2024-10-01,Trivia Tornado,Party,Amazon,Midwest,1,14.99,0,14.99,0.0,,False,5
ORD-13314,2024-04-29,Speed Stacks,Party,Amazon,Northeast,1,12.99,0,12.99,0.0,,False,
ORD-13315,2024-06-22,Speed Stacks,Party,Amazon,West,1,11.04,15,11.04,0.0,Holiday Sale,False,2
ORD-13316,2024-12-06,Trivia Tornado,Party,Target,Northeast,1,11.99,20,11.99,0.0,Flash Sale,False,4
ORD-13317,2024-02-01,Chess Evolved,Strategy,Amazon,Midwest,1,29.99,0,29.99,0.0,,False,
ORD-13318,2024-07-20,Cosmic Blitz,Party,Amazon,Northeast,3,15.99,20,47.97,0.0,Holiday Sale,False,
ORD-13319,2024-03-24,Trivia Tornado,Party,Shopify Direct,Midwest,1,14.99,0,14.99,0,,False,5
ORD-13320,2024-03-07,Dungeon Dash,Strategy,Amazon,West,1,27.99,20,27.99,0.0,Holiday Sale,True,
ORD-13321,2024-02-07,Speed Stacks,Party,Shopify Direct,Southeast,1,12.99,0,12.99,0,,False,4
ORD-13322,2024-12-31,Speed Stacks,Party,Shopify Direct,Northeast,1,12.99,0,12.99,0,,False,5
ORD-13323,2024-09-18,Kiddo Kingdom,Children,Board Game Geek Store,Midwest,2,16.19,10,32.38,0.0,Bundle Deal,False,
ORD-13324,2024-06-01,Kiddo Kingdom,Children,Amazon,Northeast,4,17.99,0,71.96,0.0,,False,
ORD-13325,2024-05-20,Speed Stacks,Party,Amazon,Southeast,2,7.79,40,15.58,0.0,Clearance,False,
ORD-13326,2024-03-07,Cosmic Blitz,Party,Shopify Direct,Northeast,1,19.99,0,19.99,0,,False,2
ORD-13327,2024-08-26,Speed Stacks,Party,Amazon,Southwest,1,12.99,0,12.99,0.0,,False,
ORD-13328,2024-04-27,Chess Evolved,Strategy,Amazon,Midwest,1,22.49,25,22.49,0.0,Holiday Sale,False,
ORD-13329,2024-11-25,Monster Madness,Family,Shopify Direct,Midwest,1,18.39,20,18.39,0,Holiday Sale,False,
ORD-13330,2024-04-07,Cosmic Blitz,Party,Walmart,West,2,19.99,0,39.98,0.0,,False,
ORD-13331,2024-11-09,Cosmic Blitz,Party,Shopify Direct,Midwest,2,16.99,15,33.98,6.99,Bundle Deal,False,5
ORD-13332,2024-04-29,Realm Builders,Strategy,Walmart,West,1,33.74,25,33.74,0.0,Holiday Sale,False,
ORD-13333,2024-07-26,Pixel Quest,Family,Board Game Geek Store,Midwest,1,21.24,15,21.24,0.0,Holiday Sale,False,
ORD-13334,2024-01-29,Speed Stacks,Party,Shopify Direct,Northeast,1,12.99,0,12.99,0,,False,
ORD-13335,2024-12-19,Cosmic Blitz,Party,Target,Southwest,1,13.99,30,13.99,0.0,Clearance,False,
ORD-13336,2024-04-03,Speed Stacks,Party,Amazon,Midwest,2,11.04,15,22.08,0.0,Bundle Deal,False,
ORD-13337,2024-04-14,Cosmic Blitz,Party,Amazon,Northeast,1,19.99,0,19.99,0.0,New Release,False,
ORD-13338,2024-05-15,Kiddo Kingdom,Children,Shopify Direct,Southeast,2,17.99,0,35.98,0,,False,5
ORD-13339,2024-06-02,Chess Evolved,Strategy,Target,Northeast,1,29.99,0,29.99,0.0,,False,5
ORD-13340,2024-11-24,Ocean Explorer,Children,Walmart,Southeast,1,19.99,0,19.99,0.0,New Release,False,4
ORD-13341,2024-11-14,Monster Madness,Family,Target,Southeast,1,22.99,0,22.99,0.0,,False,
ORD-13342,2024-03-02,Cosmic Blitz,Party,Board Game Geek Store,Midwest,2,15.99,20,31.98,0.0,Holiday Sale,False,5
ORD-13343,2024-04-30,Ocean Explorer,Children,Target,Midwest,1,16.99,15,16.99,0.0,Holiday Sale,True,
ORD-13344,2024-03-12,Battle Bots Arena,Strategy,Target,Northeast,1,27.99,30,27.99,0.0,Clearance,False,
ORD-13345,2024-11-21,Cosmic Blitz,Party,Shopify Direct,Southeast,2,13.99,30,27.98,0,Clearance,False,
ORD-13346,2024-11-16,Speed Stacks,Party,Target,Midwest,2,12.99,0,25.98,0.0,,False,
ORD-13347,2024-11-02,Ocean Explorer,Children,Walmart,Southeast,1,19.99,0,19.99,0.0,,False,3
ORD-13348,2024-10-24,Pixel Quest,Family,Amazon,Northeast,2,21.24,15,42.48,0.0,Holiday Sale,False,4
ORD-13349,2024-01-27,Battle Bots Arena,Strategy,Amazon,Southwest,1,20.0,50,20.0,0.0,Clearance,False,
ORD-13350,2024-01-31,Kiddo Kingdom,Children,Target,Southeast,2,16.19,10,32.38,0.0,Bundle Deal,False,
ORD-13351,2024-11-12,Trivia Tornado,Party,Walmart,Midwest,3,13.49,10,40.47,0.0,Bundle Deal,True,
ORD-13352,2024-05-22,Speed Stacks,Party,Amazon,Southeast,1,10.39,20,10.39,0.0,Holiday Sale,False,
ORD-13353,2024-02-04,Code Breakers,Strategy,Amazon,Southeast,1,19.59,30,19.59,0.0,Flash Sale,False,4
ORD-13354,2024-08-11,Speed Stacks,Party,Shopify Direct,West,1,11.04,15,11.04,6.99,Holiday Sale,False,4
ORD-13355,2024-11-03,Speed Stacks,Party,Amazon,Southeast,2,11.69,10,23.38,0.0,Bundle Deal,True,
ORD-13356,2024-11-05,Monster Madness,Family,Amazon,Northeast,1,17.24,25,17.24,0.0,Holiday Sale,False,5
ORD-13357,2024-03-09,Kiddo Kingdom,Children,Walmart,Midwest,1,10.79,40,10.79,0.0,Clearance,False,
ORD-13358,2024-08-02,Realm Builders,Strategy,Shopify Direct,Southwest,1,44.99,0,44.99,6.99,New Release,False,
ORD-13359,2024-02-14,Chess Evolved,Strategy,Amazon,Northeast,2,25.49,15,50.98,0.0,Bundle Deal,False,5
ORD-13360,2024-06-25,Kiddo Kingdom,Children,Amazon,Southeast,2,14.39,20,28.78,0.0,Holiday Sale,False,3
ORD-13361,2024-08-28,Speed Stacks,Party,Walmart,Southwest,1,12.99,0,12.99,0.0,New Release,False,5
ORD-13362,2024-06-14,Trivia Tornado,Party,Amazon,Southwest,1,11.99,20,11.99,0.0,Flash Sale,False,5
ORD-13363,2024-08-02,Trivia Tornado,Party,Shopify Direct,Midwest,1,14.99,0,14.99,6.99,New Release,False,
ORD-13364,2024-11-20,Ocean Explorer,Children,Walmart,Midwest,2,11.99,40,23.98,0.0,Clearance,False,5
ORD-13365,2024-09-11,Speed Stacks,Party,Board Game Geek Store,Midwest,1,12.99,0,12.99,0.0,,False,
ORD-13366,2024-06-22,Trivia Tornado,Party,Amazon,Southeast,1,14.99,0,14.99,0.0,,False,4
ORD-13367,2024-06-12,Cosmic Blitz,Party,Walmart,Southeast,2,14.99,25,29.98,0.0,Holiday Sale,False,
ORD-13368,2024-06-19,Pixel Quest,Family,Amazon,Northeast,1,12.49,50,12.49,0.0,Clearance,False,4
ORD-13369,2024-03-13,Speed Stacks,Party,Amazon,Southwest,1,12.99,0,12.99,0.0,New Release,False,3
ORD-13370,2024-06-27,Battle Bots Arena,Strategy,Target,Northeast,1,39.99,0,39.99,0.0,,False,
ORD-13371,2024-11-09,Pixel Quest,Family,Target,Southeast,4,18.74,25,74.96,0.0,Holiday Sale,False,4
ORD-13372,2024-07-10,Pixel Quest,Family,Walmart,Northeast,1,17.49,30,17.49,0.0,Clearance,False,
ORD-13373,2024-11-18,Cosmic Blitz,Party,Amazon,Southwest,1,19.99,0,19.99,0.0,,False,5
ORD-13374,2024-07-30,Chess Evolved,Strategy,Shopify Direct,Midwest,1,17.99,40,17.99,0,Clearance,False,4
ORD-13375,2024-04-16,Cosmic Blitz,Party,Board Game Geek Store,Northeast,2,17.99,10,35.98,0.0,Bundle Deal,False,
ORD-13376,2024-02-26,Dungeon Dash,Strategy,Shopify Direct,Northeast,1,29.74,15,29.74,0,Holiday Sale,False,
ORD-13377,2024-03-10,Cosmic Blitz,Party,Walmart,Southwest,1,19.99,0,19.99,0.0,,False,
ORD-13378,2024-06-10,Speed Stacks,Party,Shopify Direct,Northeast,1,9.09,30,9.09,0,Clearance,True,
ORD-13379,2024-03-04,Code Breakers,Strategy,Amazon,West,1,27.99,0,27.99,0.0,,False,
ORD-13380,2024-10-14,Battle Bots Arena,Strategy,Walmart,Southeast,1,39.99,0,39.99,0.0,New Release,False,4
ORD-13381,2024-09-01,Ocean Explorer,Children,Amazon,Midwest,1,15.99,20,15.99,0.0,Flash Sale,False,
ORD-13382,2024-03-23,Cosmic Blitz,Party,Amazon,Southwest,1,19.99,0,19.99,0.0,,False,
ORD-13383,2024-06-02,Speed Stacks,Party,Amazon,Northeast,1,10.39,20,10.39,0.0,Flash Sale,False,
ORD-13384,2024-05-21,Speed Stacks,Party,Walmart,Southeast,2,11.04,15,22.08,0.0,Bundle Deal,False,
ORD-13385,2024-01-04,Pixel Quest,Family,Amazon,Southeast,1,14.99,40,14.99,0.0,Clearance,False,4
ORD-13386,2024-09-14,Kiddo Kingdom,Children,Walmart,Midwest,1,17.99,0,17.99,0.0,,False,
ORD-13387,2024-01-23,Speed Stacks,Party,Walmart,West,1,12.99,0,12.99,0.0,,False,
ORD-13388,2024-09-14,Code Breakers,Strategy,Amazon,West,1,27.99,0,27.99,0.0,New Release,False,
ORD-13389,2024-11-21,Cosmic Blitz,Party,Target,Northeast,1,13.99,30,13.99,0.0,Clearance,False,5
ORD-13390,2024-12-16,Code Breakers,Strategy,Shopify Direct,Southeast,1,27.99,0,27.99,0,,False,
ORD-13391,2024-12-07,Speed Stacks,Party,Target,West,2,12.99,0,25.98,0.0,New Release,False,5
ORD-13392,2024-08-04,Ocean Explorer,Children,Shopify Direct,Southwest,1,13.99,30,13.99,0,Flash Sale,False,4
ORD-13393,2024-08-01,Trivia Tornado,Party,Shopify Direct,Midwest,1,14.99,0,14.99,0,,False,
ORD-13394,2024-05-02,Trivia Tornado,Party,Amazon,Midwest,1,14.99,0,14.99,0.0,,False,5
ORD-13395,2024-04-22,Realm Builders,Strategy,Board Game Geek Store,Northeast,1,35.99,20,35.99,0.0,Flash Sale,False,5
ORD-13396,2024-02-11,Ocean Explorer,Children,Walmart,Southeast,2,16.99,15,33.98,0.0,Bundle Deal,False,4
ORD-13397,2024-09-16,Monster Madness,Family,Board Game Geek Store,West,1,16.09,30,16.09,0.0,Clearance,False,5
ORD-13398,2024-07-18,Kiddo Kingdom,Children,Target,Northeast,2,17.99,0,35.98,0.0,,False,1
ORD-13399,2024-03-02,Cosmic Blitz,Party,Shopify Direct,West,1,19.99,0,19.99,0,New Release,False,5
ORD-13400,2024-08-05,Cosmic Blitz,Party,Board Game Geek Store,Midwest,2,13.99,30,27.98,0.0,Flash Sale,False,4
ORD-13401,2024-03-17,Dungeon Dash,Strategy,Amazon,Southeast,1,24.49,30,24.49,0.0,Flash Sale,False,5
ORD-13402,2024-09-23,Realm Builders,Strategy,Amazon,West,2,44.99,0,89.98,0.0,,False,
ORD-13403,2024-08-28,Cosmic Blitz,Party,Amazon,West,1,19.99,0,19.99,0.0,New Release,False,
ORD-13404,2024-07-14,Speed Stacks,Party,Amazon,West,2,9.09,30,18.18,0.0,Clearance,False,5
ORD-13405,2024-10-03,Dungeon Dash,Strategy,Target,West,1,24.49,30,24.49,0.0,Flash Sale,False,
ORD-13406,2024-10-14,Ocean Explorer,Children,Board Game Geek Store,Southwest,2,19.99,0,39.98,0.0,,False,5
ORD-13407,2024-11-04,Dungeon Dash,Strategy,Board Game Geek Store,Midwest,1,24.49,30,24.49,0.0,Clearance,False,
ORD-13408,2024-11-11,Cosmic Blitz,Party,Amazon,Northeast,1,13.99,30,13.99,0.0,Flash Sale,False,5
ORD-13409,2024-03-29,Monster Madness,Family,Walmart,Southwest,1,18.39,20,18.39,0.0,Holiday Sale,False,5
ORD-13410,2024-12-07,Monster Madness,Family,Amazon,Southeast,1,22.99,0,22.99,0.0,New Release,False,4
ORD-13411,2024-06-24,Dungeon Dash,Strategy,Target,West,1,24.49,30,24.49,0.0,Flash Sale,False,4
ORD-13412,2024-02-04,Speed Stacks,Party,Shopify Direct,Northeast,2,11.69,10,23.38,0,Bundle Deal,False,
ORD-13413,2024-05-01,Chess Evolved,Strategy,Target,Southwest,3,29.99,0,89.97,0.0,,False,4
ORD-13414,2024-09-11,Kiddo Kingdom,Children,Amazon,West,1,12.59,30,12.59,0.0,Flash Sale,False,4
ORD-13415,2024-12-26,Ocean Explorer,Children,Walmart,Northeast,1,13.99,30,13.99,0.0,Flash Sale,False,5
ORD-13416,2024-10-14,Speed Stacks,Party,Shopify Direct,Southeast,2,11.04,15,22.08,0,Bundle Deal,False,
ORD-13417,2024-02-09,Code Breakers,Strategy,Amazon,Midwest,2,19.59,30,39.18,0.0,Flash Sale,True,
ORD-13418,2024-10-25,Speed Stacks,Party,Walmart,Midwest,2,12.99,0,25.98,0.0,New Release,False,4
ORD-13419,2024-12-22,Code Breakers,Strategy,Walmart,Southwest,2,22.39,20,44.78,0.0,Holiday Sale,False,
ORD-13420,2024-02-14,Pixel Quest,Family,Shopify Direct,Southeast,1,19.99,20,19.99,0,Flash Sale,True,
ORD-13421,2024-09-30,Ocean Explorer,Children,Amazon,Midwest,1,14.99,25,14.99,0.0,Holiday Sale,False,4
ORD-13422,2024-02-04,Speed Stacks,Party,Shopify Direct,Southeast,2,9.09,30,18.18,0,Clearance,False,5
ORD-13423,2024-04-24,Cosmic Blitz,Party,Amazon,Southwest,1,19.99,0,19.99,0.0,New Release,True,
ORD-13424,2024-01-02,Trivia Tornado,Party,Walmart,Southeast,2,11.24,25,22.48,0.0,Holiday Sale,False,4
ORD-13425,2024-04-13,Kiddo Kingdom,Children,Amazon,Southeast,1,12.59,30,12.59,0.0,Flash Sale,False,
ORD-13426,2024-11-30,Code Breakers,Strategy,Amazon,Midwest,2,13.99,50,27.98,0.0,Clearance,False,
ORD-13427,2024-06-18,Pixel Quest,Family,Board Game Geek Store,West,1,17.49,30,17.49,0.0,Clearance,False,
ORD-13428,2024-12-17,Dungeon Dash,Strategy,Amazon,Northeast,1,34.99,0,34.99,0.0,,False,5
ORD-13429,2024-11-07,Speed Stacks,Party,Amazon,Northeast,3,12.99,0,38.97,0.0,,False,
ORD-13430,2024-08-18,Chess Evolved,Strategy,Amazon,Southeast,3,22.49,25,67.47,0.0,Holiday Sale,False,4
ORD-13431,2024-04-28,Speed Stacks,Party,Walmart,Northeast,1,12.99,0,12.99,0.0,,False,4
ORD-13432,2024-10-21,Pixel Quest,Family,Amazon,Northeast,3,17.49,30,52.47,0.0,Flash Sale,False,
ORD-13433,2024-11-22,Speed Stacks,Party,Amazon,Midwest,1,12.99,0,12.99,0.0,,False,4
ORD-13434,2024-03-26,Monster Madness,Family,Amazon,West,1,22.99,0,22.99,0.0,New Release,False,
ORD-13435,2024-10-28,Monster Madness,Family,Walmart,Northeast,1,22.99,0,22.99,0.0,New Release,False,
ORD-13436,2024-01-19,Battle Bots Arena,Strategy,Shopify Direct,Northeast,2,31.99,20,63.98,4.99,Flash Sale,False,
ORD-13437,2024-10-15,Kiddo Kingdom,Children,Board Game Geek Store,Midwest,2,15.29,15,30.58,0.0,Bundle Deal,False,
ORD-13438,2024-09-18,Cosmic Blitz,Party,Amazon,West,1,14.99,25,14.99,0.0,Holiday Sale,False,
ORD-13439,2024-04-02,Trivia Tornado,Party,Shopify Direct,Midwest,2,14.99,0,29.98,0,New Release,False,2
ORD-13440,2024-06-15,Cosmic Blitz,Party,Target,Northeast,1,13.99,30,13.99,0.0,Clearance,False,
ORD-13441,2024-09-09,Pixel Quest,Family,Amazon,West,2,24.99,0,49.98,0.0,,False,
ORD-13442,2024-09-28,Battle Bots Arena,Strategy,Board Game Geek Store,Southeast,1,39.99,0,39.99,0.0,,False,
ORD-13443,2024-04-05,Speed Stacks,Party,Amazon,Northeast,1,12.99,0,12.99,0.0,New Release,False,
ORD-13444,2024-03-27,Kiddo Kingdom,Children,Walmart,Northeast,1,17.99,0,17.99,0.0,New Release,False,
ORD-13445,2024-07-31,Chess Evolved,Strategy,Amazon,Southeast,2,25.49,15,50.98,0.0,Bundle Deal,False,3
ORD-13446,2024-06-01,Monster Madness,Family,Board Game Geek Store,Midwest,1,18.39,20,18.39,0.0,Flash Sale,False,
ORD-13447,2024-11-05,Dungeon Dash,Strategy,Amazon,Midwest,3,34.99,0,104.97,0.0,,False,4
ORD-13448,2024-10-05,Speed Stacks,Party,Amazon,Midwest,1,7.79,40,7.79,0.0,Clearance,False,
ORD-13449,2024-09-29,Dungeon Dash,Strategy,Walmart,Northeast,2,34.99,0,69.98,0.0,,False,4
ORD-13450,2024-12-25,Speed Stacks,Party,Amazon,Southwest,2,11.04,15,22.08,0.0,Bundle Deal,False,
ORD-13451,2024-10-22,Pixel Quest,Family,Amazon,Southwest,2,21.24,15,42.48,0.0,Bundle Deal,False,4
ORD-13452,2024-09-28,Ocean Explorer,Children,Walmart,Southeast,1,19.99,0,19.99,0.0,,False,3
ORD-13453,2024-03-15,Chess Evolved,Strategy,Amazon,Midwest,2,20.99,30,41.98,0.0,Clearance,False,
ORD-13454,2024-11-19,Ocean Explorer,Children,Board Game Geek Store,Southeast,1,19.99,0,19.99,0.0,,False,
ORD-13455,2024-11-19,Cosmic Blitz,Party,Shopify Direct,Midwest,1,19.99,0,19.99,4.99,New Release,False,5
ORD-13456,2024-11-08,Pixel Quest,Family,Walmart,Southwest,1,24.99,0,24.99,0.0,,False,
ORD-13457,2024-12-22,Dungeon Dash,Strategy,Board Game Geek Store,Southwest,1,27.99,20,27.99,0.0,Flash Sale,False,5
ORD-13458,2024-09-13,Trivia Tornado,Party,Amazon,West,1,11.99,20,11.99,0.0,Flash Sale,False,
ORD-13459,2024-06-26,Trivia Tornado,Party,Amazon,Southwest,1,14.99,0,14.99,0.0,,False,5
ORD-13460,2024-11-09,Battle Bots Arena,Strategy,Shopify Direct,West,3,27.99,30,83.97,0,Flash Sale,False,
ORD-13461,2024-11-30,Pixel Quest,Family,Amazon,West,2,24.99,0,49.98,0.0,,False,4
ORD-13462,2024-10-01,Cosmic Blitz,Party,Walmart,Southeast,1,19.99,0,19.99,0.0,,False,5
ORD-13463,2024-10-05,Chess Evolved,Strategy,Target,Midwest,1,23.99,20,23.99,0.0,Holiday Sale,False,4
ORD-13464,2024-10-10,Dungeon Dash,Strategy,Shopify Direct,West,3,34.99,0,104.97,0,,False,4
ORD-13465,2024-07-26,Dungeon Dash,Strategy,Target,Southeast,2,34.99,0,69.98,0.0,New Release,False,3
ORD-13466,2024-05-02,Monster Madness,Family,Amazon,Southwest,1,22.99,0,22.99,0.0,,False,
ORD-13467,2024-04-30,Speed Stacks,Party,Shopify Direct,Southwest,3,11.04,15,33.12,6.99,Bundle Deal,False,1
ORD-13468,2024-11-21,Monster Madness,Family,Board Game Geek Store,Southwest,1,18.39,20,18.39,0.0,Flash Sale,False,1
ORD-13469,2024-02-10,Dungeon Dash,Strategy,Walmart,West,2,34.99,0,69.98,0.0,,False,1
ORD-13470,2024-11-22,Pixel Quest,Family,Amazon,Midwest,1,24.99,0,24.99,0.0,,False,
ORD-13471,2024-05-22,Pixel Quest,Family,Amazon,Southeast,2,21.24,15,42.48,0.0,Bundle Deal,False,
ORD-13472,2024-03-16,Ocean Explorer,Children,Shopify Direct,Northeast,2,17.99,10,35.98,4.99,Bundle Deal,False,4
ORD-13473,2024-01-08,Chess Evolved,Strategy,Target,Midwest,1,29.99,0,29.99,0.0,New Release,False,
ORD-13474,2024-07-10,Cosmic Blitz,Party,Walmart,Southwest,1,19.99,0,19.99,0.0,,False,3
ORD-13475,2024-10-03,Ocean Explorer,Children,Walmart,West,1,19.99,0,19.99,0.0,,False,4
ORD-13476,2024-02-03,Cosmic Blitz,Party,Target,West,2,17.99,10,35.98,0.0,Bundle Deal,False,
ORD-13477,2024-12-09,Ocean Explorer,Children,Amazon,West,1,15.99,20,15.99,0.0,Flash Sale,False,4
ORD-13478,2024-01-02,Speed Stacks,Party,Shopify Direct,Southeast,1,12.99,0,12.99,6.99,,False,4
ORD-13479,2024-12-30,Speed Stacks,Party,Walmart,Northeast,1,11.04,15,11.04,0.0,Holiday Sale,False,
ORD-13480,2024-03-27,Code Breakers,Strategy,Amazon,Southeast,1,27.99,0,27.99,0.0,,False,4
ORD-13481,2024-05-24,Speed Stacks,Party,Board Game Geek Store,Southwest,1,10.39,20,10.39,0.0,Holiday Sale,False,4
ORD-13482,2024-03-20,Speed Stacks,Party,Shopify Direct,Southeast,1,11.04,15,11.04,0,Holiday Sale,False,
ORD-13483,2024-07-29,Monster Madness,Family,Target,Midwest,1,18.39,20,18.39,0.0,Flash Sale,False,5
ORD-13484,2024-12-09,Chess Evolved,Strategy,Amazon,Midwest,2,29.99,0,59.98,0.0,,False,
ORD-13485,2024-02-23,Dungeon Dash,Strategy,Amazon,Southeast,1,26.24,25,26.24,0.0,Holiday Sale,False,3
ORD-13486,2024-01-06,Dungeon Dash,Strategy,Walmart,Southeast,2,29.74,15,59.48,0.0,Bundle Deal,False,
ORD-13487,2024-05-22,Kiddo Kingdom,Children,Shopify Direct,Southwest,1,14.39,20,14.39,0,Holiday Sale,False,
ORD-13488,2024-08-28,Pixel Quest,Family,Shopify Direct,Midwest,1,18.74,25,18.74,4.99,Holiday Sale,False,
ORD-13489,2024-10-26,Monster Madness,Family,Amazon,Northeast,1,18.39,20,18.39,0.0,Flash Sale,False,5
ORD-13490,2024-12-28,Battle Bots Arena,Strategy,Amazon,West,2,35.99,10,71.98,0.0,Bundle Deal,False,
ORD-13491,2024-08-06,Chess Evolved,Strategy,Amazon,Southeast,1,29.99,0,29.99,0.0,,False,4
ORD-13492,2024-05-17,Speed Stacks,Party,Board Game Geek Store,Northeast,1,12.99,0,12.99,0.0,,False,
ORD-13493,2024-07-02,Trivia Tornado,Party,Walmart,Southwest,1,11.99,20,11.99,0.0,Flash Sale,False,
ORD-13494,2024-05-28,Code Breakers,Strategy,Amazon,Northeast,1,27.99,0,27.99,0.0,New Release,False,5
ORD-13495,2024-04-13,Monster Madness,Family,Walmart,West,1,22.99,0,22.99,0.0,,False,4
ORD-13496,2024-11-04,Speed Stacks,Party,Shopify Direct,West,1,12.99,0,12.99,4.99,New Release,False,5
ORD-13497,2024-12-05,Monster Madness,Family,Amazon,Midwest,3,11.49,50,34.47,0.0,Clearance,False,
ORD-13498,2024-09-22,Speed Stacks,Party,Amazon,West,2,12.99,0,25.98,0.0,New Release,False,5
ORD-13499,2024-01-17,Chess Evolved,Strategy,Walmart,Northeast,1,29.99,0,29.99,0.0,New Release,False,
ORD-13500,2024-12-12,Ocean Explorer,Children,Shopify Direct,Northeast,1,19.99,0,19.99,4.99,New Release,False,5
ORD-13501,2024-03-01,Kiddo Kingdom,Children,Amazon,Southwest,3,10.79,40,32.37,0.0,Clearance,False,3
ORD-13502,2024-12-21,Pixel Quest,Family,Target,Midwest,1,24.99,0,24.99,0.0,,False,5
ORD-13503,2024-09-17,Trivia Tornado,Party,Walmart,Southeast,3,14.99,0,44.97,0.0,,False,5
ORD-13504,2024-05-29,Code Breakers,Strategy,Walmart,Midwest,1,22.39,20,22.39,0.0,Flash Sale,False,5
ORD-13505,2024-05-22,Ocean Explorer,Children,Amazon,Midwest,1,11.99,40,11.99,0.0,Clearance,True,
ORD-13506,2024-05-10,Cosmic Blitz,Party,Walmart,West,2,17.99,10,35.98,0.0,Bundle Deal,True,
ORD-13507,2024-05-19,Trivia Tornado,Party,Shopify Direct,Northeast,2,14.99,0,29.98,0,,False,5
ORD-13508,2024-11-06,Chess Evolved,Strategy,Shopify Direct,Midwest,1,20.99,30,20.99,4.99,Flash Sale,False,4
ORD-13509,2024-10-21,Speed Stacks,Party,Shopify Direct,Southwest,1,12.99,0,12.99,4.99,New Release,False,5
ORD-13510,2024-08-16,Code Breakers,Strategy,Amazon,Southwest,1,20.99,25,20.99,0.0,Holiday Sale,False,2
ORD-13511,2024-12-24,Battle Bots Arena,Strategy,Walmart,Northeast,1,39.99,0,39.99,0.0,,False,
ORD-13512,2024-09-10,Kiddo Kingdom,Children,Amazon,Southeast,2,17.99,0,35.98,0.0,,False,
ORD-13513,2024-12-24,Dungeon Dash,Strategy,Board Game Geek Store,Southeast,3,34.99,0,104.97,0.0,,True,
ORD-13514,2024-07-22,Speed Stacks,Party,Shopify Direct,Northeast,2,12.99,0,25.98,0,,False,4
ORD-13515,2024-12-27,Chess Evolved,Strategy,Shopify Direct,Northeast,3,29.99,0,89.97,0,,False,
ORD-13516,2024-08-22,Pixel Quest,Family,Walmart,Southwest,1,18.74,25,18.74,0.0,Holiday Sale,False,5
ORD-13517,2024-03-10,Ocean Explorer,Children,Amazon,Southwest,1,13.99,30,13.99,0.0,Flash Sale,False,5
ORD-13518,2024-06-12,Chess Evolved,Strategy,Board Game Geek Store,Southeast,1,20.99,30,20.99,0.0,Flash Sale,False,5
ORD-13519,2024-09-19,Monster Madness,Family,Walmart,Southeast,1,22.99,0,22.99,0.0,,False,
ORD-13520,2024-06-28,Speed Stacks,Party,Shopify Direct,Northeast,1,12.99,0,12.99,4.99,New Release,False,5
ORD-13521,2024-12-10,Speed Stacks,Party,Shopify Direct,Southeast,1,9.09,30,9.09,0,Flash Sale,False,
ORD-13522,2024-04-01,Monster Madness,Family,Walmart,West,2,20.69,10,41.38,0.0,Bundle Deal,False,
ORD-13523,2024-02-07,Chess Evolved,Strategy,Walmart,Southeast,2,22.49,25,44.98,0.0,Holiday Sale,True,
ORD-13524,2024-04-24,Cosmic Blitz,Party,Walmart,Southeast,1,11.99,40,11.99,0.0,Clearance,False,
ORD-13525,2024-06-10,Pixel Quest,Family,Shopify Direct,Southwest,1,17.49,30,17.49,0,Flash Sale,False,
ORD-13526,2024-01-19,Kiddo Kingdom,Children,Shopify Direct,Southwest,1,17.99,0,17.99,4.99,,False,5
ORD-13527,2024-12-23,Kiddo Kingdom,Children,Shopify Direct,Northeast,3,8.99,50,26.97,4.99,Clearance,False,4
ORD-13528,2024-04-05,Realm Builders,Strategy,Amazon,Southeast,1,44.99,0,44.99,0.0,New Release,False,5
ORD-13529,2024-09-23,Cosmic Blitz,Party,Amazon,Northeast,3,19.99,0,59.97,0.0,New Release,False,5
ORD-13530,2024-01-11,Monster Madness,Family,Walmart,Midwest,1,22.99,0,22.99,0.0,,False,5
ORD-13531,2024-07-22,Trivia Tornado,Party,Amazon,Southwest,2,8.99,40,17.98,0.0,Clearance,False,
ORD-13532,2024-05-13,Ocean Explorer,Children,Walmart,Northeast,1,19.99,0,19.99,0.0,,False,4
ORD-13533,2024-12-19,Kiddo Kingdom,Children,Shopify Direct,Midwest,1,17.99,0,17.99,0,,False,
ORD-13534,2024-05-08,Speed Stacks,Party,Board Game Geek Store,Midwest,2,12.99,0,25.98,0.0,,False,
ORD-13535,2024-09-20,Speed Stacks,Party,Walmart,Northeast,1,12.99,0,12.99,0.0,,False,5
ORD-13536,2024-12-01,Ocean Explorer,Children,Shopify Direct,Midwest,1,16.99,15,16.99,6.99,Holiday Sale,False,5
ORD-13537,2024-02-27,Code Breakers,Strategy,Target,Southeast,4,22.39,20,89.56,0.0,Holiday Sale,False,5
ORD-13538,2024-10-29,Kiddo Kingdom,Children,Walmart,Southwest,2,17.99,0,35.98,0.0,,False,
ORD-13539,2024-10-18,Dungeon Dash,Strategy,Amazon,Midwest,2,29.74,15,59.48,0.0,Bundle Deal,False,
ORD-13540,2024-05-12,Pixel Quest,Family,Walmart,West,1,19.99,20,19.99,0.0,Holiday Sale,False,5
ORD-13541,2024-10-13,Speed Stacks,Party,Amazon,Southwest,2,12.99,0,25.98,0.0,,False,5
ORD-13542,2024-03-17,Cosmic Blitz,Party,Walmart,Southeast,1,9.99,50,9.99,0.0,Clearance,False,
ORD-13543,2024-07-19,Trivia Tornado,Party,Target,Southwest,1,12.74,15,12.74,0.0,Holiday Sale,False,4
ORD-13544,2024-09-13,Kiddo Kingdom,Children,Walmart,Southeast,2,15.29,15,30.58,0.0,Bundle Deal,True,
ORD-13545,2024-12-27,Speed Stacks,Party,Amazon,Southwest,2,11.04,15,22.08,0.0,Holiday Sale,False,4
ORD-13546,2024-07-16,Cosmic Blitz,Party,Target,Southeast,2,13.99,30,27.98,0.0,Flash Sale,False,4
ORD-13547,2024-12-18,Realm Builders,Strategy,Shopify Direct,Midwest,1,44.99,0,44.99,0,,False,5
ORD-13548,2024-12-11,Monster Madness,Family,Shopify Direct,Southeast,1,22.99,0,22.99,0,,False,4
ORD-13549,2024-04-01,Trivia Tornado,Party,Target,Southeast,1,14.99,0,14.99,0.0,New Release,False,4
ORD-13550,2024-10-02,Speed Stacks,Party,Shopify Direct,Northeast,1,9.74,25,9.74,0,Holiday Sale,False,
ORD-13551,2024-08-28,Speed Stacks,Party,Target,West,1,12.99,0,12.99,0.0,,False,5
ORD-13552,2024-09-11,Battle Bots Arena,Strategy,Shopify Direct,Midwest,1,39.99,0,39.99,4.99,,False,
ORD-13553,2024-10-19,Trivia Tornado,Party,Walmart,Midwest,2,13.49,10,26.98,0.0,Bundle Deal,False,4
ORD-13554,2024-03-04,Speed Stacks,Party,Shopify Direct,Midwest,1,12.99,0,12.99,0,New Release,False,
ORD-13555,2024-05-11,Chess Evolved,Strategy,Walmart,Northeast,1,29.99,0,29.99,0.0,,False,
ORD-13556,2024-05-31,Cosmic Blitz,Party,Amazon,West,2,19.99,0,39.98,0.0,,False,
ORD-13557,2024-11-24,Chess Evolved,Strategy,Shopify Direct,Midwest,1,25.49,15,25.49,6.99,Holiday Sale,False,5
ORD-13558,2024-11-11,Cosmic Blitz,Party,Amazon,West,1,19.99,0,19.99,0.0,,False,4
ORD-13559,2024-06-22,Battle Bots Arena,Strategy,Walmart,Midwest,2,39.99,0,79.98,0.0,,False,
ORD-13560,2024-08-09,Battle Bots Arena,Strategy,Amazon,Southeast,1,20.0,50,20.0,0.0,Clearance,False,5
ORD-13561,2024-06-01,Speed Stacks,Party,Walmart,West,1,10.39,20,10.39,0.0,Flash Sale,False,5
ORD-13562,2024-01-29,Speed Stacks,Party,Shopify Direct,Southwest,2,12.99,0,25.98,0,,False,5
ORD-13563,2024-06-11,Realm Builders,Strategy,Amazon,Southeast,1,44.99,0,44.99,0.0,New Release,False,5
ORD-13564,2024-09-25,Monster Madness,Family,Amazon,Southwest,1,16.09,30,16.09,0.0,Clearance,False,
ORD-13565,2024-10-20,Realm Builders,Strategy,Walmart,West,1,44.99,0,44.99,0.0,,False,5
ORD-13566,2024-03-29,Cosmic Blitz,Party,Walmart,Southwest,2,16.99,15,33.98,0.0,Bundle Deal,False,4
ORD-13567,2024-09-15,Ocean Explorer,Children,Shopify Direct,Southwest,1,19.99,0,19.99,0,New Release,False,
ORD-13568,2024-03-19,Speed Stacks,Party,Target,Northeast,1,12.99,0,12.99,0.0,,True,
ORD-13569,2024-05-10,Speed Stacks,Party,Walmart,Midwest,1,10.39,20,10.39,0.0,Flash Sale,False,4
ORD-13570,2024-01-22,Kiddo Kingdom,Children,Shopify Direct,Northeast,1,17.99,0,17.99,0,,True,
ORD-13571,2024-09-20,Code Breakers,Strategy,Target,Southeast,1,27.99,0,27.99,0.0,New Release,False,
ORD-13572,2024-12-20,Kiddo Kingdom,Children,Shopify Direct,Southeast,2,16.19,10,32.38,0,Bundle Deal,False,4
ORD-13573,2024-10-27,Code Breakers,Strategy,Amazon,Midwest,2,25.19,10,50.38,0.0,Bundle Deal,False,4
ORD-13574,2024-12-11,Trivia Tornado,Party,Shopify Direct,Southeast,1,14.99,0,14.99,0,,False,
ORD-13575,2024-06-14,Dungeon Dash,Strategy,Walmart,Northeast,2,34.99,0,69.98,0.0,New Release,False,4
ORD-13576,2024-09-01,Ocean Explorer,Children,Walmart,West,1,13.99,30,13.99,0.0,Clearance,False,
ORD-13577,2024-11-01,Speed Stacks,Party,Board Game Geek Store,Southeast,2,6.5,50,13.0,0.0,Clearance,False,
ORD-13578,2024-02-16,Trivia Tornado,Party,Walmart,Northeast,2,10.49,30,20.98,0.0,Flash Sale,False,
ORD-13579,2024-01-26,Cosmic Blitz,Party,Amazon,Northeast,3,15.99,20,47.97,0.0,Flash Sale,False,4
ORD-13580,2024-06-12,Code Breakers,Strategy,Shopify Direct,Midwest,1,27.99,0,27.99,0,,False,
ORD-13581,2024-11-30,Speed Stacks,Party,Target,Southeast,2,12.99,0,25.98,0.0,,False,4
ORD-13582,2024-12-23,Kiddo Kingdom,Children,Walmart,West,1,12.59,30,12.59,0.0,Clearance,False,
ORD-13583,2024-06-19,Realm Builders,Strategy,Amazon,West,1,35.99,20,35.99,0.0,Flash Sale,False,
ORD-13584,2024-07-24,Cosmic Blitz,Party,Amazon,Midwest,1,19.99,0,19.99,0.0,,False,5
ORD-13585,2024-07-18,Cosmic Blitz,Party,Shopify Direct,Midwest,2,19.99,0,39.98,6.99,,False,3
ORD-13586,2024-11-30,Speed Stacks,Party,Walmart,Southwest,1,12.99,0,12.99,0.0,New Release,False,
ORD-13587,2024-11-19,Trivia Tornado,Party,Board Game Geek Store,Midwest,1,14.99,0,14.99,0.0,,False,5
ORD-13588,2024-10-05,Chess Evolved,Strategy,Walmart,Southeast,1,29.99,0,29.99,0.0,,False,
ORD-13589,2024-12-21,Kiddo Kingdom,Children,Walmart,Midwest,2,16.19,10,32.38,0.0,Bundle Deal,False,
ORD-13590,2024-01-05,Pixel Quest,Family,Amazon,West,2,21.24,15,42.48,0.0,Holiday Sale,False,4
ORD-13591,2024-05-14,Pixel Quest,Family,Amazon,West,2,22.49,10,44.98,0.0,Bundle Deal,False,5
ORD-13592,2024-09-26,Cosmic Blitz,Party,Walmart,Midwest,1,13.99,30,13.99,0.0,Flash Sale,False,5
ORD-13593,2024-07-05,Kiddo Kingdom,Children,Amazon,West,1,17.99,0,17.99,0.0,,False,4
ORD-13594,2024-08-11,Cosmic Blitz,Party,Target,Northeast,1,19.99,0,19.99,0.0,,False,4
ORD-13595,2024-08-12,Kiddo Kingdom,Children,Shopify Direct,Southeast,2,12.59,30,25.18,6.99,Flash Sale,False,4
ORD-13596,2024-09-12,Cosmic Blitz,Party,Amazon,Southeast,1,19.99,0,19.99,0.0,,False,5
ORD-13597,2024-06-29,Code Breakers,Strategy,Amazon,Midwest,3,27.99,0,83.97,0.0,New Release,False,
ORD-13598,2024-12-12,Realm Builders,Strategy,Amazon,Northeast,1,44.99,0,44.99,0.0,,True,
ORD-13599,2024-08-03,Chess Evolved,Strategy,Shopify Direct,Southwest,1,20.99,30,20.99,0,Clearance,False,5
ORD-13600,2024-07-11,Cosmic Blitz,Party,Shopify Direct,Midwest,1,15.99,20,15.99,4.99,Flash Sale,False,
ORD-13601,2024-08-14,Kiddo Kingdom,Children,Board Game Geek Store,Northeast,1,17.99,0,17.99,0.0,,False,
ORD-13602,2024-12-20,Ocean Explorer,Children,Shopify Direct,Midwest,1,19.99,0,19.99,4.99,,False,4
ORD-13603,2024-11-23,Cosmic Blitz,Party,Amazon,Southeast,2,17.99,10,35.98,0.0,Bundle Deal,False,
ORD-13604,2024-08-01,Dungeon Dash,Strategy,Shopify Direct,Southwest,1,34.99,0,34.99,0,,False,5
ORD-13605,2024-08-18,Battle Bots Arena,Strategy,Amazon,Midwest,2,31.99,20,63.98,0.0,Flash Sale,False,5
ORD-13606,2024-04-28,Trivia Tornado,Party,Amazon,Midwest,1,10.49,30,10.49,0.0,Flash Sale,False,5
ORD-13607,2024-12-14,Monster Madness,Family,Amazon,Northeast,2,19.54,15,39.08,0.0,Bundle Deal,False,
ORD-13608,2024-02-03,Ocean Explorer,Children,Amazon,Midwest,1,19.99,0,19.99,0.0,New Release,False,4
ORD-13609,2024-02-10,Pixel Quest,Family,Shopify Direct,Midwest,1,17.49,30,17.49,0,Clearance,False,5
ORD-13610,2024-09-22,Trivia Tornado,Party,Shopify Direct,Midwest,2,12.74,15,25.48,4.99,Holiday Sale,False,5
ORD-13611,2024-01-07,Realm Builders,Strategy,Amazon,Northeast,1,31.49,30,31.49,0.0,Flash Sale,False,5
ORD-13612,2024-10-19,Realm Builders,Strategy,Amazon,Southeast,2,44.99,0,89.98,0.0,New Release,False,5
ORD-13613,2024-01-29,Speed Stacks,Party,Walmart,Southeast,1,9.74,25,9.74,0.0,Holiday Sale,False,
ORD-13614,2024-10-26,Monster Madness,Family,Amazon,Southeast,2,22.99,0,45.98,0.0,,False,4
ORD-13615,2024-10-13,Chess Evolved,Strategy,Walmart,Midwest,1,29.99,0,29.99,0.0,,False,
ORD-13616,2024-08-05,Cosmic Blitz,Party,Shopify Direct,Midwest,1,15.99,20,15.99,0,Holiday Sale,False,5
ORD-13617,2024-06-15,Ocean Explorer,Children,Board Game Geek Store,West,2,16.99,15,33.98,0.0,Bundle Deal,False,
ORD-13618,2024-11-03,Trivia Tornado,Party,Board Game Geek Store,Southwest,2,14.99,0,29.98,0.0,,False,4
ORD-13619,2024-12-19,Ocean Explorer,Children,Shopify Direct,Northeast,1,13.99,30,13.99,0,Flash Sale,False,4
ORD-13620,2024-08-05,Chess Evolved,Strategy,Amazon,Southeast,1,29.99,0,29.99,0.0,New Release,False,
ORD-13621,2024-10-29,Speed Stacks,Party,Target,Midwest,2,11.69,10,23.38,0.0,Bundle Deal,False,
ORD-13622,2024-01-02,Trivia Tornado,Party,Walmart,Southeast,1,14.99,0,14.99,0.0,,False,5
ORD-13623,2024-07-08,Trivia Tornado,Party,Walmart,Northeast,1,12.74,15,12.74,0.0,Holiday Sale,False,3
ORD-13624,2024-06-11,Trivia Tornado,Party,Amazon,Southeast,1,14.99,0,14.99,0.0,,False,
ORD-13625,2024-06-19,Kiddo Kingdom,Children,Target,West,1,17.99,0,17.99,0.0,,False,3
ORD-13626,2024-05-03,Speed Stacks,Party,Walmart,Midwest,2,10.39,20,20.78,0.0,Flash Sale,True,
ORD-13627,2024-12-15,Cosmic Blitz,Party,Target,West,2,19.99,0,39.98,0.0,,False,4
ORD-13628,2024-08-05,Trivia Tornado,Party,Board Game Geek Store,Midwest,1,10.49,30,10.49,0.0,Flash Sale,False,5
ORD-13629,2024-06-16,Speed Stacks,Party,Amazon,West,1,12.99,0,12.99,0.0,New Release,False,
ORD-13630,2024-05-30,Dungeon Dash,Strategy,Amazon,West,2,34.99,0,69.98,0.0,,True,
ORD-13631,2024-09-27,Trivia Tornado,Party,Amazon,Midwest,1,10.49,30,10.49,0.0,Flash Sale,False,1
ORD-13632,2024-01-09,Speed Stacks,Party,Amazon,Northeast,2,11.69,10,23.38,0.0,Bundle Deal,False,4
ORD-13633,2024-12-14,Speed Stacks,Party,Amazon,Midwest,1,9.09,30,9.09,0.0,Clearance,False,5
ORD-13634,2024-07-01,Dungeon Dash,Strategy,Amazon,West,2,31.49,10,62.98,0.0,Bundle Deal,False,3
ORD-13635,2024-11-16,Trivia Tornado,Party,Target,Midwest,1,8.99,40,8.99,0.0,Clearance,False,4
ORD-13636,2024-12-22,Speed Stacks,Party,Walmart,Midwest,1,9.74,25,9.74,0.0,Holiday Sale,False,4
ORD-13637,2024-09-06,Pixel Quest,Family,Amazon,West,3,24.99,0,74.97,0.0,,False,4
ORD-13638,2024-06-27,Speed Stacks,Party,Amazon,Midwest,2,11.04,15,22.08,0.0,Bundle Deal,False,5
ORD-13639,2024-05-13,Trivia Tornado,Party,Shopify Direct,Southwest,2,12.74,15,25.48,0,Bundle Deal,False,
ORD-13640,2024-12-17,Kiddo Kingdom,Children,Amazon,Southeast,1,17.99,0,17.99,0.0,New Release,False,1
ORD-13641,2024-10-29,Pixel Quest,Family,Shopify Direct,Southeast,1,24.99,0,24.99,4.99,,False,5
ORD-13642,2024-05-30,Pixel Quest,Family,Amazon,Northeast,1,14.99,40,14.99,0.0,Clearance,False,
ORD-13643,2024-07-08,Trivia Tornado,Party,Amazon,West,1,14.99,0,14.99,0.0,,False,4
ORD-13644,2024-07-21,Speed Stacks,Party,Target,Southwest,1,12.99,0,12.99,0.0,New Release,False,
ORD-13645,2024-07-05,Dungeon Dash,Strategy,Amazon,Midwest,1,34.99,0,34.99,0.0,New Release,False,
ORD-13646,2024-11-29,Speed Stacks,Party,Walmart,Northeast,2,11.69,10,23.38,0.0,Bundle Deal,False,
ORD-13647,2024-02-12,Ocean Explorer,Children,Amazon,Northeast,1,19.99,0,19.99,0.0,,False,3
ORD-13648,2024-05-25,Battle Bots Arena,Strategy,Walmart,Midwest,1,20.0,50,20.0,0.0,Clearance,False,
ORD-13649,2024-07-07,Monster Madness,Family,Target,West,1,17.24,25,17.24,0.0,Holiday Sale,False,4
ORD-13650,2024-08-07,Pixel Quest,Family,Walmart,West,2,24.99,0,49.98,0.0,New Release,False,4
ORD-13651,2024-03-25,Cosmic Blitz,Party,Shopify Direct,Southeast,2,19.99,0,39.98,6.99,New Release,False,4
ORD-13652,2024-05-18,Cosmic Blitz,Party,Walmart,Northeast,1,19.99,0,19.99,0.0,,False,3
ORD-13653,2024-04-11,Ocean Explorer,Children,Walmart,West,2,17.99,10,35.98,0.0,Bundle Deal,False,2
ORD-13654,2024-06-29,Cosmic Blitz,Party,Amazon,Southwest,1,19.99,0,19.99,0.0,,False,4
ORD-13655,2024-10-04,Dungeon Dash,Strategy,Target,Midwest,1,34.99,0,34.99,0.0,,False,4
ORD-13656,2024-04-15,Realm Builders,Strategy,Walmart,Northeast,1,44.99,0,44.99,0.0,New Release,False,5
ORD-13657,2024-03-22,Trivia Tornado,Party,Amazon,Southwest,1,14.99,0,14.99,0.0,New Release,False,4
ORD-13658,2024-11-10,Chess Evolved,Strategy,Shopify Direct,Northeast,2,25.49,15,50.98,0,Bundle Deal,False,
ORD-13659,2024-10-25,Monster Madness,Family,Board Game Geek Store,Southeast,1,19.54,15,19.54,0.0,Holiday Sale,False,5
ORD-13660,2024-09-10,Speed Stacks,Party,Walmart,Southwest,2,11.69,10,23.38,0.0,Bundle Deal,False,4
ORD-13661,2024-11-26,Chess Evolved,Strategy,Walmart,Northeast,1,29.99,0,29.99,0.0,,False,
ORD-13662,2024-09-04,Trivia Tornado,Party,Amazon,Northeast,1,11.24,25,11.24,0.0,Holiday Sale,False,3
ORD-13663,2024-11-30,Battle Bots Arena,Strategy,Board Game Geek Store,West,1,39.99,0,39.99,0.0,,False,5
ORD-13664,2024-03-21,Pixel Quest,Family,Amazon,Northeast,1,19.99,20,19.99,0.0,Flash Sale,False,5
ORD-13665,2024-12-08,Kiddo Kingdom,Children,Shopify Direct,Northeast,2,16.19,10,32.38,6.99,Bundle Deal,False,5
ORD-13666,2024-08-06,Trivia Tornado,Party,Amazon,West,2,12.74,15,25.48,0.0,Bundle Deal,True,
ORD-13667,2024-11-30,Pixel Quest,Family,Target,Midwest,1,24.99,0,24.99,0.0,,False,
ORD-13668,2024-06-21,Speed Stacks,Party,Board Game Geek Store,Northeast,3,6.5,50,19.5,0.0,Clearance,False,
ORD-13669,2024-05-05,Ocean Explorer,Children,Amazon,Northeast,1,19.99,0,19.99,0.0,,False,5
ORD-13670,2024-10-24,Monster Madness,Family,Shopify Direct,West,2,22.99,0,45.98,0,,False,
ORD-13671,2024-11-24,Speed Stacks,Party,Shopify Direct,Southeast,3,12.99,0,38.97,0,,False,5
ORD-13672,2024-12-10,Ocean Explorer,Children,Amazon,Northeast,3,19.99,0,59.97,0.0,New Release,False,5
ORD-13673,2024-08-20,Cosmic Blitz,Party,Amazon,Northeast,1,19.99,0,19.99,0.0,,True,
ORD-13674,2024-12-06,Trivia Tornado,Party,Amazon,Northeast,2,12.74,15,25.48,0.0,Bundle Deal,False,
ORD-13675,2024-11-30,Chess Evolved,Strategy,Shopify Direct,Midwest,1,25.49,15,25.49,0,Holiday Sale,False,4
ORD-13676,2024-03-30,Speed Stacks,Party,Amazon,Northeast,1,12.99,0,12.99,0.0,,False,2
ORD-13677,2024-12-12,Cosmic Blitz,Party,Walmart,West,1,13.99,30,13.99,0.0,Flash Sale,False,4
ORD-13678,2024-06-08,Cosmic Blitz,Party,Shopify Direct,Northeast,2,19.99,0,39.98,6.99,,False,4
ORD-13679,2024-05-03,Chess Evolved,Strategy,Amazon,Southwest,1,29.99,0,29.99,0.0,,False,
ORD-13680,2024-10-05,Chess Evolved,Strategy,Amazon,Southwest,1,29.99,0,29.99,0.0,New Release,False,
ORD-13681,2024-02-29,Trivia Tornado,Party,Amazon,Midwest,1,11.99,20,11.99,0.0,Holiday Sale,False,
ORD-13682,2024-01-02,Cosmic Blitz,Party,Amazon,West,1,11.99,40,11.99,0.0,Clearance,True,
ORD-13683,2024-06-08,Pixel Quest,Family,Walmart,Northeast,3,19.99,20,59.97,0.0,Holiday Sale,False,
ORD-13684,2024-08-10,Cosmic Blitz,Party,Board Game Geek Store,Northeast,1,19.99,0,19.99,0.0,,False,
ORD-13685,2024-07-23,Speed Stacks,Party,Amazon,Northeast,1,12.99,0,12.99,0.0,,False,
ORD-13686,2024-04-07,Dungeon Dash,Strategy,Amazon,Southeast,2,29.74,15,59.48,0.0,Bundle Deal,False,
ORD-13687,2024-02-26,Kiddo Kingdom,Children,Walmart,Southeast,1,17.99,0,17.99,0.0,,True,
ORD-13688,2024-06-19,Trivia Tornado,Party,Target,Midwest,1,10.49,30,10.49,0.0,Clearance,False,4
ORD-13689,2024-08-09,Cosmic Blitz,Party,Amazon,Midwest,1,19.99,0,19.99,0.0,,False,
ORD-13690,2024-02-20,Dungeon Dash,Strategy,Shopify Direct,West,2,31.49,10,62.98,4.99,Bundle Deal,False,4
ORD-13691,2024-10-23,Dungeon Dash,Strategy,Shopify Direct,Midwest,1,34.99,0,34.99,0,,False,
ORD-13692,2024-09-09,Code Breakers,Strategy,Walmart,Southeast,1,27.99,0,27.99,0.0,,False,5
ORD-13693,2024-11-15,Speed Stacks,Party,Shopify Direct,West,1,11.04,15,11.04,0,Holiday Sale,False,5
ORD-13694,2024-02-17,Pixel Quest,Family,Amazon,Northeast,2,21.24,15,42.48,0.0,Bundle Deal,False,
ORD-13695,2024-08-13,Ocean Explorer,Children,Board Game Geek Store,Southeast,3,19.99,0,59.97,0.0,New Release,False,
ORD-13696,2024-05-15,Ocean Explorer,Children,Amazon,Southeast,2,16.99,15,33.98,0.0,Bundle Deal,False,4
ORD-13697,2024-01-03,Dungeon Dash,Strategy,Amazon,Southwest,1,34.99,0,34.99,0.0,New Release,False,
ORD-13698,2024-08-24,Pixel Quest,Family,Walmart,Northeast,1,24.99,0,24.99,0.0,,False,5
ORD-13699,2024-12-06,Monster Madness,Family,Walmart,Midwest,1,18.39,20,18.39,0.0,Holiday Sale,False,5
ORD-13700,2024-08-04,Dungeon Dash,Strategy,Shopify Direct,Midwest,2,24.49,30,48.98,4.99,Flash Sale,False,
ORD-13701,2024-12-29,Trivia Tornado,Party,Target,Northeast,1,14.99,0,14.99,0.0,,False,4
ORD-13702,2024-12-18,Battle Bots Arena,Strategy,Walmart,West,2,33.99,15,67.98,0.0,Bundle Deal,False,4
ORD-13703,2024-08-11,Ocean Explorer,Children,Shopify Direct,Northeast,3,19.99,0,59.97,0,,False,
ORD-13704,2024-02-10,Trivia Tornado,Party,Shopify Direct,Southeast,1,11.99,20,11.99,6.99,Flash Sale,False,5
ORD-13705,2024-08-04,Pixel Quest,Family,Target,Midwest,1,19.99,20,19.99,0.0,Flash Sale,False,5
ORD-13706,2024-06-10,Dungeon Dash,Strategy,Amazon,Southeast,2,34.99,0,69.98,0.0,,False,
ORD-13707,2024-11-30,Pixel Quest,Family,Amazon,West,1,18.74,25,18.74,0.0,Holiday Sale,False,
ORD-13708,2024-12-16,Dungeon Dash,Strategy,Shopify Direct,Southeast,2,24.49,30,48.98,0,Flash Sale,False,5
ORD-13709,2024-05-20,Pixel Quest,Family,Walmart,Midwest,3,21.24,15,63.72,0.0,Bundle Deal,False,4
ORD-13710,2024-12-25,Battle Bots Arena,Strategy,Target,West,1,20.0,50,20.0,0.0,Clearance,False,4
ORD-13711,2024-07-03,Ocean Explorer,Children,Target,Northeast,2,19.99,0,39.98,0.0,New Release,False,4
ORD-13712,2024-04-19,Chess Evolved,Strategy,Amazon,West,1,14.99,50,14.99,0.0,Clearance,False,5
ORD-13713,2024-11-13,Kiddo Kingdom,Children,Amazon,West,3,17.99,0,53.97,0.0,,False,5
ORD-13714,2024-09-14,Cosmic Blitz,Party,Walmart,Southeast,1,13.99,30,13.99,0.0,Clearance,False,
ORD-13715,2024-05-27,Pixel Quest,Family,Board Game Geek Store,Northeast,2,22.49,10,44.98,0.0,Bundle Deal,False,
ORD-13716,2024-07-14,Cosmic Blitz,Party,Shopify Direct,Midwest,2,19.99,0,39.98,0,,False,
ORD-13717,2024-12-01,Chess Evolved,Strategy,Amazon,West,1,29.99,0,29.99,0.0,,False,5
ORD-13718,2024-10-10,Speed Stacks,Party,Amazon,Northeast,1,9.09,30,9.09,0.0,Flash Sale,False,1
ORD-13719,2024-12-19,Cosmic Blitz,Party,Target,Southwest,2,19.99,0,39.98,0.0,,False,
ORD-13720,2024-12-24,Battle Bots Arena,Strategy,Amazon,Southeast,1,39.99,0,39.99,0.0,New Release,False,5
ORD-13721,2024-05-10,Cosmic Blitz,Party,Target,West,1,19.99,0,19.99,0.0,,True,
ORD-13722,2024-05-02,Ocean Explorer,Children,Amazon,Southeast,1,19.99,0,19.99,0.0,,False,
ORD-13723,2024-03-14,Battle Bots Arena,Strategy,Walmart,Southwest,1,31.99,20,31.99,0.0,Flash Sale,False,
ORD-13724,2024-10-21,Trivia Tornado,Party,Walmart,West,1,14.99,0,14.99,0.0,New Release,False,
ORD-13725,2024-11-06,Realm Builders,Strategy,Target,Midwest,1,31.49,30,31.49,0.0,Flash Sale,False,5
ORD-13726,2024-02-06,Pixel Quest,Family,Amazon,Northeast,1,24.99,0,24.99,0.0,,False,3
ORD-13727,2024-08-31,Trivia Tornado,Party,Walmart,Northeast,2,7.5,50,15.0,0.0,Clearance,False,5
ORD-13728,2024-02-23,Cosmic Blitz,Party,Amazon,West,1,19.99,0,19.99,0.0,,False,5
ORD-13729,2024-12-26,Speed Stacks,Party,Shopify Direct,Southwest,2,11.69,10,23.38,0,Bundle Deal,False,4
ORD-13730,2024-10-14,Speed Stacks,Party,Board Game Geek Store,Northeast,1,12.99,0,12.99,0.0,,False,
ORD-13731,2024-10-10,Cosmic Blitz,Party,Amazon,Northeast,1,15.99,20,15.99,0.0,Holiday Sale,False,4
ORD-13732,2024-06-03,Cosmic Blitz,Party,Shopify Direct,Midwest,2,14.99,25,29.98,0,Holiday Sale,False,
ORD-13733,2024-11-28,Code Breakers,Strategy,Amazon,Northeast,1,22.39,20,22.39,0.0,Holiday Sale,False,4
ORD-13734,2024-03-27,Trivia Tornado,Party,Amazon,Southeast,1,14.99,0,14.99,0.0,,True,
ORD-13735,2024-07-01,Ocean Explorer,Children,Shopify Direct,West,3,19.99,0,59.97,0,,False,5
ORD-13736,2024-04-28,Chess Evolved,Strategy,Amazon,West,2,25.49,15,50.98,0.0,Bundle Deal,False,
ORD-13737,2024-09-20,Chess Evolved,Strategy,Amazon,Midwest,4,17.99,40,71.96,0.0,Clearance,False,
ORD-13738,2024-04-30,Dungeon Dash,Strategy,Walmart,Southeast,1,34.99,0,34.99,0.0,New Release,False,
ORD-13739,2024-12-23,Speed Stacks,Party,Amazon,Northeast,2,12.99,0,25.98,0.0,,False,
ORD-13740,2024-10-29,Realm Builders,Strategy,Walmart,Northeast,1,33.74,25,33.74,0.0,Holiday Sale,False,5
ORD-13741,2024-11-14,Pixel Quest,Family,Shopify Direct,West,1,21.24,15,21.24,0,Holiday Sale,False,3
ORD-13742,2024-05-26,Battle Bots Arena,Strategy,Amazon,Northeast,1,39.99,0,39.99,0.0,,False,
ORD-13743,2024-06-01,Pixel Quest,Family,Shopify Direct,Southeast,1,24.99,0,24.99,6.99,,False,
ORD-13744,2024-06-17,Speed Stacks,Party,Shopify Direct,Midwest,1,10.39,20,10.39,0,Holiday Sale,False,1
ORD-13745,2024-01-18,Monster Madness,Family,Shopify Direct,West,3,22.99,0,68.97,4.99,,False,
ORD-13746,2024-06-13,Battle Bots Arena,Strategy,Amazon,Midwest,2,20.0,50,40.0,0.0,Clearance,False,
ORD-13747,2024-05-14,Trivia Tornado,Party,Board Game Geek Store,Southeast,4,14.99,0,59.96,0.0,,False,4
ORD-13748,2024-04-04,Realm Builders,Strategy,Amazon,Southwest,1,44.99,0,44.99,0.0,,False,
ORD-13749,2024-12-19,Trivia Tornado,Party,Target,Southeast,1,14.99,0,14.99,0.0,,True,
ORD-13750,2024-11-26,Realm Builders,Strategy,Walmart,West,1,44.99,0,44.99,0.0,,False,
ORD-13751,2024-11-17,Speed Stacks,Party,Amazon,Midwest,1,12.99,0,12.99,0.0,New Release,True,
ORD-13752,2024-05-19,Ocean Explorer,Children,Amazon,Midwest,1,19.99,0,19.99,0.0,,True,
ORD-13753,2024-01-20,Code Breakers,Strategy,Amazon,Southeast,1,13.99,50,13.99,0.0,Clearance,False,5
ORD-13754,2024-08-13,Trivia Tornado,Party,Amazon,Southwest,1,14.99,0,14.99,0.0,,False,3
ORD-13755,2024-08-15,Pixel Quest,Family,Amazon,Northeast,1,19.99,20,19.99,0.0,Flash Sale,False,3
ORD-13756,2024-07-15,Trivia Tornado,Party,Walmart,Southeast,1,14.99,0,14.99,0.0,,False,1
ORD-13757,2024-05-03,Ocean Explorer,Children,Shopify Direct,West,2,19.99,0,39.98,6.99,New Release,False,4
ORD-13758,2024-12-04,Trivia Tornado,Party,Amazon,West,2,14.99,0,29.98,0.0,,False,
ORD-13759,2024-03-03,Kiddo Kingdom,Children,Shopify Direct,Northeast,1,12.59,30,12.59,0,Clearance,False,
ORD-13760,2024-05-22,Trivia Tornado,Party,Amazon,Southwest,1,14.99,0,14.99,0.0,,False,5
ORD-13761,2024-10-04,Chess Evolved,Strategy,Walmart,West,2,23.99,20,47.98,0.0,Holiday Sale,False,5
ORD-13762,2024-12-14,Chess Evolved,Strategy,Walmart,West,1,29.99,0,29.99,0.0,New Release,False,5
ORD-13763,2024-06-02,Battle Bots Arena,Strategy,Target,Midwest,1,39.99,0,39.99,0.0,,False,4
ORD-13764,2024-10-05,Trivia Tornado,Party,Target,West,2,12.74,15,25.48,0.0,Bundle Deal,False,
ORD-13765,2024-09-01,Trivia Tornado,Party,Walmart,West,2,12.74,15,25.48,0.0,Bundle Deal,False,2
ORD-13766,2024-05-07,Pixel Quest,Family,Amazon,Northeast,1,24.99,0,24.99,0.0,,False,
ORD-13767,2024-10-19,Trivia Tornado,Party,Target,Southeast,1,10.49,30,10.49,0.0,Clearance,False,3
ORD-13768,2024-03-24,Trivia Tornado,Party,Amazon,Southeast,1,12.74,15,12.74,0.0,Holiday Sale,False,
ORD-13769,2024-01-08,Kiddo Kingdom,Children,Amazon,West,1,17.99,0,17.99,0.0,,True,
ORD-13770,2024-11-30,Speed Stacks,Party,Target,West,1,7.79,40,7.79,0.0,Clearance,True,
ORD-13771,2024-09-01,Battle Bots Arena,Strategy,Target,Southwest,1,27.99,30,27.99,0.0,Flash Sale,False,5
ORD-13772,2024-01-10,Code Breakers,Strategy,Amazon,Southwest,2,25.19,10,50.38,0.0,Bundle Deal,False,
ORD-13773,2024-12-20,Kiddo Kingdom,Children,Shopify Direct,Southeast,1,14.39,20,14.39,6.99,Holiday Sale,False,5
ORD-13774,2024-05-17,Code Breakers,Strategy,Walmart,Midwest,1,19.59,30,19.59,0.0,Clearance,False,4
ORD-13775,2024-04-04,Ocean Explorer,Children,Amazon,Southwest,2,16.99,15,33.98,0.0,Holiday Sale,False,5
ORD-13776,2024-08-28,Monster Madness,Family,Walmart,Northeast,1,16.09,30,16.09,0.0,Flash Sale,False,
ORD-13777,2024-03-21,Code Breakers,Strategy,Walmart,Southeast,1,22.39,20,22.39,0.0,Holiday Sale,False,
ORD-13778,2024-10-03,Monster Madness,Family,Walmart,Southeast,2,20.69,10,41.38,0.0,Bundle Deal,False,
ORD-13779,2024-05-26,Trivia Tornado,Party,Amazon,Midwest,2,14.99,0,29.98,0.0,,False,4
ORD-13780,2024-05-11,Pixel Quest,Family,Shopify Direct,Southeast,1,24.99,0,24.99,0,,False,5
ORD-13781,2024-10-24,Speed Stacks,Party,Walmart,West,1,12.99,0,12.99,0.0,,False,5
ORD-13782,2024-06-27,Chess Evolved,Strategy,Amazon,Midwest,1,29.99,0,29.99,0.0,,False,4
ORD-13783,2024-04-10,Speed Stacks,Party,Amazon,West,1,10.39,20,10.39,0.0,Holiday Sale,False,5
ORD-13784,2024-03-30,Speed Stacks,Party,Amazon,Southeast,1,12.99,0,12.99,0.0,,False,
ORD-13785,2024-11-23,Kiddo Kingdom,Children,Amazon,Midwest,2,15.29,15,30.58,0.0,Bundle Deal,False,2
ORD-13786,2024-10-10,Chess Evolved,Strategy,Shopify Direct,Northeast,1,20.99,30,20.99,0,Flash Sale,False,
ORD-13787,2024-04-28,Kiddo Kingdom,Children,Target,Southwest,4,10.79,40,43.16,0.0,Clearance,False,
ORD-13788,2024-05-09,Kiddo Kingdom,Children,Board Game Geek Store,West,1,13.49,25,13.49,0.0,Holiday Sale,False,
ORD-13789,2024-12-12,Battle Bots Arena,Strategy,Target,Midwest,1,31.99,20,31.99,0.0,Holiday Sale,False,5
ORD-13790,2024-11-18,Dungeon Dash,Strategy,Amazon,West,2,34.99,0,69.98,0.0,New Release,False,5
ORD-13791,2024-02-08,Trivia Tornado,Party,Amazon,Southwest,1,12.74,15,12.74,0.0,Holiday Sale,False,
ORD-13792,2024-03-15,Speed Stacks,Party,Walmart,West,2,9.74,25,19.48,0.0,Holiday Sale,False,5
ORD-13793,2024-09-06,Kiddo Kingdom,Children,Amazon,Midwest,2,16.19,10,32.38,0.0,Bundle Deal,False,
ORD-13794,2024-08-11,Chess Evolved,Strategy,Shopify Direct,Midwest,1,29.99,0,29.99,0,,False,5
ORD-13795,2024-11-13,Ocean Explorer,Children,Shopify Direct,Northeast,2,19.99,0,39.98,6.99,,False,4
ORD-13796,2024-03-13,Dungeon Dash,Strategy,Amazon,Southwest,1,34.99,0,34.99,0.0,,False,5
ORD-13797,2024-05-23,Monster Madness,Family,Shopify Direct,Southwest,1,16.09,30,16.09,0,Flash Sale,False,4
ORD-13798,2024-07-02,Pixel Quest,Family,Amazon,Northeast,1,24.99,0,24.99,0.0,,True,
ORD-13799,2024-07-08,Trivia Tornado,Party,Target,Southwest,1,11.99,20,11.99,0.0,Holiday Sale,False,5
ORD-13800,2024-12-20,Chess Evolved,Strategy,Shopify Direct,Northeast,3,20.99,30,62.97,0,Flash Sale,False,
ORD-13801,2024-01-04,Pixel Quest,Family,Board Game Geek Store,Southwest,2,24.99,0,49.98,0.0,New Release,False,5
ORD-13802,2024-12-03,Dungeon Dash,Strategy,Target,Southwest,2,31.49,10,62.98,0.0,Bundle Deal,False,5
ORD-13803,2024-03-21,Ocean Explorer,Children,Amazon,West,2,19.99,0,39.98,0.0,,False,4
ORD-13804,2024-07-14,Speed Stacks,Party,Shopify Direct,Southwest,1,10.39,20,10.39,6.99,Flash Sale,False,2
ORD-13805,2024-02-12,Dungeon Dash,Strategy,Shopify Direct,West,4,34.99,0,139.96,6.99,,False,4
ORD-13806,2024-12-28,Pixel Quest,Family,Board Game Geek Store,Midwest,3,17.49,30,52.47,0.0,Clearance,False,4
ORD-13807,2024-12-25,Speed Stacks,Party,Target,Southwest,1,12.99,0,12.99,0.0,New Release,False,5
ORD-13808,2024-06-19,Trivia Tornado,Party,Amazon,Southeast,2,14.99,0,29.98,0.0,,False,4
ORD-13809,2024-05-14,Monster Madness,Family,Walmart,Southeast,1,22.99,0,22.99,0.0,New Release,False,3
ORD-13810,2024-09-22,Speed Stacks,Party,Amazon,Northeast,1,12.99,0,12.99,0.0,,False,5
ORD-13811,2024-12-09,Speed Stacks,Party,Amazon,Southwest,1,12.99,0,12.99,0.0,,False,
ORD-13812,2024-06-15,Speed Stacks,Party,Amazon,West,2,11.04,15,22.08,0.0,Bundle Deal,False,
ORD-13813,2024-07-26,Chess Evolved,Strategy,Walmart,Midwest,1,23.99,20,23.99,0.0,Flash Sale,False,
ORD-13814,2024-09-19,Monster Madness,Family,Board Game Geek Store,Southwest,2,19.54,15,39.08,0.0,Bundle Deal,True,
ORD-13815,2024-10-15,Monster Madness,Family,Amazon,Northeast,3,22.99,0,68.97,0.0,,False,4
ORD-13816,2024-01-23,Trivia Tornado,Party,Amazon,Southeast,1,14.99,0,14.99,0.0,New Release,False,
ORD-13817,2024-11-01,Speed Stacks,Party,Shopify Direct,West,1,9.09,30,9.09,0,Flash Sale,False,
ORD-13818,2024-06-14,Speed Stacks,Party,Shopify Direct,Northeast,2,12.99,0,25.98,6.99,New Release,False,5
ORD-13819,2024-01-04,Trivia Tornado,Party,Shopify Direct,Southeast,1,10.49,30,10.49,0,Flash Sale,False,4
ORD-13820,2024-01-24,Trivia Tornado,Party,Shopify Direct,West,1,14.99,0,14.99,4.99,,False,5
ORD-13821,2024-03-01,Dungeon Dash,Strategy,Walmart,West,1,34.99,0,34.99,0.0,,False,4
ORD-13822,2024-04-10,Trivia Tornado,Party,Target,Southwest,1,14.99,0,14.99,0.0,,False,
ORD-13823,2024-02-22,Speed Stacks,Party,Amazon,Midwest,2,11.04,15,22.08,0.0,Bundle Deal,False,
ORD-13824,2024-09-30,Battle Bots Arena,Strategy,Shopify Direct,Northeast,1,39.99,0,39.99,6.99,,False,
ORD-13825,2024-07-31,Pixel Quest,Family,Amazon,Midwest,1,17.49,30,17.49,0.0,Flash Sale,False,2
ORD-13826,2024-03-27,Code Breakers,Strategy,Walmart,Southeast,1,27.99,0,27.99,0.0,,False,4
ORD-13827,2024-11-14,Pixel Quest,Family,Amazon,Southeast,1,24.99,0,24.99,0.0,,False,5
ORD-13828,2024-06-26,Kiddo Kingdom,Children,Shopify Direct,Southwest,1,17.99,0,17.99,4.99,,False,5
ORD-13829,2024-03-14,Speed Stacks,Party,Walmart,Northeast,2,10.39,20,20.78,0.0,Flash Sale,False,
ORD-13830,2024-05-17,Dungeon Dash,Strategy,Shopify Direct,West,1,26.24,25,26.24,0,Holiday Sale,False,5
ORD-13831,2024-05-27,Ocean Explorer,Children,Walmart,Southwest,1,11.99,40,11.99,0.0,Clearance,False,4
ORD-13832,2024-10-15,Cosmic Blitz,Party,Amazon,Northeast,1,14.99,25,14.99,0.0,Holiday Sale,False,
ORD-13833,2024-12-31,Code Breakers,Strategy,Walmart,West,1,27.99,0,27.99,0.0,,False,5
ORD-13834,2024-11-15,Speed Stacks,Party,Amazon,Midwest,1,12.99,0,12.99,0.0,,False,
ORD-13835,2024-01-30,Cosmic Blitz,Party,Amazon,Midwest,1,19.99,0,19.99,0.0,,False,4
ORD-13836,2024-01-03,Monster Madness,Family,Walmart,Southeast,1,22.99,0,22.99,0.0,,False,5
ORD-13837,2024-06-17,Realm Builders,Strategy,Amazon,Midwest,2,40.49,10,80.98,0.0,Bundle Deal,False,3
ORD-13838,2024-01-02,Trivia Tornado,Party,Amazon,Northeast,1,14.99,0,14.99,0.0,,False,4
ORD-13839,2024-02-29,Cosmic Blitz,Party,Amazon,Midwest,1,19.99,0,19.99,0.0,New Release,False,5
ORD-13840,2024-06-25,Trivia Tornado,Party,Amazon,West,2,14.99,0,29.98,0.0,,False,
ORD-13841,2024-07-02,Speed Stacks,Party,Target,Northeast,1,12.99,0,12.99,0.0,,False,
ORD-13842,2024-07-10,Pixel Quest,Family,Shopify Direct,Midwest,2,21.24,15,42.48,0,Holiday Sale,False,
ORD-13843,2024-10-25,Cosmic Blitz,Party,Amazon,Midwest,1,19.99,0,19.99,0.0,,False,4
ORD-13844,2024-07-11,Battle Bots Arena,Strategy,Amazon,Northeast,2,39.99,0,79.98,0.0,New Release,False,5
ORD-13845,2024-03-04,Cosmic Blitz,Party,Target,Midwest,1,15.99,20,15.99,0.0,Flash Sale,False,
ORD-13846,2024-04-07,Trivia Tornado,Party,Amazon,Southeast,1,12.74,15,12.74,0.0,Holiday Sale,False,
ORD-13847,2024-11-01,Battle Bots Arena,Strategy,Amazon,Southwest,1,39.99,0,39.99,0.0,,False,
ORD-13848,2024-10-25,Pixel Quest,Family,Amazon,West,2,24.99,0,49.98,0.0,,False,
ORD-13849,2024-10-23,Trivia Tornado,Party,Amazon,Southwest,2,14.99,0,29.98,0.0,,False,5
ORD-13850,2024-04-17,Cosmic Blitz,Party,Shopify Direct,Midwest,1,13.99,30,13.99,4.99,Clearance,False,
ORD-13851,2024-12-31,Chess Evolved,Strategy,Amazon,Northeast,1,17.99,40,17.99,0.0,Clearance,False,2
ORD-13852,2024-07-18,Dungeon Dash,Strategy,Amazon,Southeast,2,20.99,40,41.98,0.0,Clearance,False,4
ORD-13853,2024-09-05,Dungeon Dash,Strategy,Shopify Direct,Midwest,3,29.74,15,89.22,0,Holiday Sale,False,5
ORD-13854,2024-10-24,Realm Builders,Strategy,Shopify Direct,Midwest,1,44.99,0,44.99,0,,False,3
ORD-13855,2024-10-15,Monster Madness,Family,Target,West,1,18.39,20,18.39,0.0,Holiday Sale,False,
ORD-13856,2024-12-17,Monster Madness,Family,Amazon,Southeast,3,16.09,30,48.27,0.0,Clearance,True,
ORD-13857,2024-09-15,Monster Madness,Family,Shopify Direct,Southwest,1,22.99,0,22.99,6.99,,False,3
ORD-13858,2024-12-10,Realm Builders,Strategy,Board Game Geek Store,Southeast,2,44.99,0,89.98,0.0,New Release,False,4
ORD-13859,2024-12-06,Speed Stacks,Party,Board Game Geek Store,Southeast,1,12.99,0,12.99,0.0,,False,4
ORD-13860,2024-06-26,Speed Stacks,Party,Amazon,Southwest,4,12.99,0,51.96,0.0,,False,
ORD-13861,2024-09-30,Cosmic Blitz,Party,Amazon,Southwest,1,9.99,50,9.99,0.0,Clearance,False,
ORD-13862,2024-04-03,Pixel Quest,Family,Amazon,Southwest,1,12.49,50,12.49,0.0,Clearance,False,
ORD-13863,2024-06-01,Ocean Explorer,Children,Walmart,Midwest,2,17.99,10,35.98,0.0,Bundle Deal,False,5
ORD-13864,2024-04-18,Trivia Tornado,Party,Amazon,Southwest,2,11.99,20,23.98,0.0,Holiday Sale,False,5
ORD-13865,2024-01-12,Cosmic Blitz,Party,Target,Southeast,3,19.99,0,59.97,0.0,New Release,False,
ORD-13866,2024-08-13,Cosmic Blitz,Party,Amazon,West,3,19.99,0,59.97,0.0,,False,
ORD-13867,2024-05-18,Chess Evolved,Strategy,Walmart,Southwest,1,25.49,15,25.49,0.0,Holiday Sale,False,4
ORD-13868,2024-11-11,Chess Evolved,Strategy,Shopify Direct,Northeast,1,29.99,0,29.99,0,,False,
ORD-13869,2024-07-24,Dungeon Dash,Strategy,Amazon,Southeast,1,24.49,30,24.49,0.0,Clearance,False,
ORD-13870,2024-06-11,Speed Stacks,Party,Amazon,Northeast,3,11.69,10,35.07,0.0,Bundle Deal,False,4
ORD-13871,2024-08-20,Cosmic Blitz,Party,Walmart,Southwest,1,11.99,40,11.99,0.0,Clearance,False,5
ORD-13872,2024-05-13,Pixel Quest,Family,Shopify Direct,Southeast,3,18.74,25,56.22,0,Holiday Sale,False,5
ORD-13873,2024-11-11,Cosmic Blitz,Party,Shopify Direct,West,1,19.99,0,19.99,4.99,,False,
ORD-13874,2024-08-03,Cosmic Blitz,Party,Shopify Direct,Southeast,1,15.99,20,15.99,0,Holiday Sale,False,5
ORD-13875,2024-04-12,Chess Evolved,Strategy,Board Game Geek Store,West,2,29.99,0,59.98,0.0,,False,5
ORD-13876,2024-01-17,Dungeon Dash,Strategy,Amazon,West,2,29.74,15,59.48,0.0,Bundle Deal,False,5
ORD-13877,2024-01-19,Kiddo Kingdom,Children,Target,Northeast,1,10.79,40,10.79,0.0,Clearance,False,
ORD-13878,2024-06-14,Ocean Explorer,Children,Board Game Geek Store,Northeast,1,19.99,0,19.99,0.0,New Release,False,
ORD-13879,2024-07-23,Code Breakers,Strategy,Shopify Direct,Southeast,2,27.99,0,55.98,0,,False,5
ORD-13880,2024-03-07,Monster Madness,Family,Shopify Direct,Southwest,1,19.54,15,19.54,0,Holiday Sale,False,3
ORD-13881,2024-07-22,Speed Stacks,Party,Shopify Direct,Southwest,1,12.99,0,12.99,0,New Release,False,
ORD-13882,2024-02-03,Speed Stacks,Party,Target,Northeast,2,11.69,10,23.38,0.0,Bundle Deal,False,5
ORD-13883,2024-07-27,Pixel Quest,Family,Shopify Direct,Southeast,2,19.99,20,39.98,0,Holiday Sale,False,
ORD-13884,2024-07-30,Ocean Explorer,Children,Walmart,Southwest,1,15.99,20,15.99,0.0,Flash Sale,False,
ORD-13885,2024-12-10,Pixel Quest,Family,Board Game Geek Store,Northeast,1,19.99,20,19.99,0.0,Flash Sale,False,
ORD-13886,2024-10-08,Chess Evolved,Strategy,Amazon,Midwest,1,23.99,20,23.99,0.0,Flash Sale,False,
ORD-13887,2024-12-10,Realm Builders,Strategy,Board Game Geek Store,Southwest,2,44.99,0,89.98,0.0,,False,5
ORD-13888,2024-05-20,Code Breakers,Strategy,Amazon,Midwest,1,27.99,0,27.99,0.0,,False,5
ORD-13889,2024-05-27,Cosmic Blitz,Party,Walmart,Southwest,2,16.99,15,33.98,0.0,Bundle Deal,False,5
ORD-13890,2024-05-24,Speed Stacks,Party,Amazon,Southwest,2,12.99,0,25.98,0.0,New Release,False,
ORD-13891,2024-11-13,Chess Evolved,Strategy,Target,West,2,22.49,25,44.98,0.0,Holiday Sale,False,5
ORD-13892,2024-12-03,Speed Stacks,Party,Amazon,Midwest,2,11.04,15,22.08,0.0,Bundle Deal,False,
ORD-13893,2024-05-06,Dungeon Dash,Strategy,Walmart,Northeast,1,34.99,0,34.99,0.0,,False,5
ORD-13894,2024-01-26,Battle Bots Arena,Strategy,Target,Northeast,1,39.99,0,39.99,0.0,,True,
ORD-13895,2024-10-17,Pixel Quest,Family,Walmart,West,2,19.99,20,39.98,0.0,Holiday Sale,False,4
ORD-13896,2024-04-24,Cosmic Blitz,Party,Target,Southeast,2,19.99,0,39.98,0.0,New Release,False,1
ORD-13897,2024-11-29,Ocean Explorer,Children,Amazon,Southeast,1,15.99,20,15.99,0.0,Holiday Sale,False,5
ORD-13898,2024-11-13,Dungeon Dash,Strategy,Shopify Direct,Southwest,2,34.99,0,69.98,4.99,,False,3
ORD-13899,2024-02-06,Realm Builders,Strategy,Amazon,Southwest,1,31.49,30,31.49,0.0,Flash Sale,False,5
ORD-13900,2024-10-25,Chess Evolved,Strategy,Board Game Geek Store,Northeast,1,29.99,0,29.99,0.0,,False,
ORD-13901,2024-11-26,Monster Madness,Family,Board Game Geek Store,Southeast,1,22.99,0,22.99,0.0,New Release,False,
ORD-13902,2024-12-31,Speed Stacks,Party,Board Game Geek Store,Northeast,1,12.99,0,12.99,0.0,,True,
ORD-13903,2024-11-06,Cosmic Blitz,Party,Shopify Direct,Midwest,1,15.99,20,15.99,0,Holiday Sale,False,5
ORD-13904,2024-11-29,Cosmic Blitz,Party,Shopify Direct,Southeast,2,9.99,50,19.98,0,Clearance,False,4
ORD-13905,2024-10-27,Kiddo Kingdom,Children,Amazon,Midwest,1,17.99,0,17.99,0.0,,False,3
ORD-13906,2024-11-05,Trivia Tornado,Party,Target,Northeast,1,11.99,20,11.99,0.0,Flash Sale,False,5
ORD-13907,2024-09-09,Ocean Explorer,Children,Amazon,Southeast,1,16.99,15,16.99,0.0,Holiday Sale,False,5
ORD-13908,2024-04-26,Monster Madness,Family,Walmart,West,1,16.09,30,16.09,0.0,Clearance,False,3
ORD-13909,2024-08-25,Monster Madness,Family,Amazon,West,2,22.99,0,45.98,0.0,,False,4
ORD-13910,2024-11-08,Trivia Tornado,Party,Target,Midwest,3,14.99,0,44.97,0.0,New Release,False,3
ORD-13911,2024-04-26,Chess Evolved,Strategy,Walmart,Southwest,2,25.49,15,50.98,0.0,Holiday Sale,False,5
ORD-13912,2024-07-15,Battle Bots Arena,Strategy,Amazon,West,1,39.99,0,39.99,0.0,,False,
ORD-13913,2024-09-11,Speed Stacks,Party,Shopify Direct,Northeast,1,12.99,0,12.99,6.99,New Release,False,5
ORD-13914,2024-04-15,Kiddo Kingdom,Children,Amazon,Midwest,1,17.99,0,17.99,0.0,New Release,False,
ORD-13915,2024-06-02,Cosmic Blitz,Party,Walmart,West,2,9.99,50,19.98,0.0,Clearance,False,
ORD-13916,2024-11-29,Trivia Tornado,Party,Walmart,Midwest,1,14.99,0,14.99,0.0,,False,
ORD-13917,2024-08-16,Ocean Explorer,Children,Amazon,Southeast,2,14.99,25,29.98,0.0,Holiday Sale,False,1
ORD-13918,2024-08-15,Monster Madness,Family,Target,Northeast,1,22.99,0,22.99,0.0,,False,
ORD-13919,2024-08-10,Trivia Tornado,Party,Board Game Geek Store,Midwest,2,12.74,15,25.48,0.0,Bundle Deal,False,4
ORD-13920,2024-07-25,Code Breakers,Strategy,Walmart,West,3,22.39,20,67.17,0.0,Flash Sale,False,5
ORD-13921,2024-02-11,Cosmic Blitz,Party,Walmart,Southeast,2,16.99,15,33.98,0.0,Bundle Deal,False,
ORD-13922,2024-07-21,Trivia Tornado,Party,Amazon,Northeast,1,14.99,0,14.99,0.0,New Release,False,2
ORD-13923,2024-06-15,Monster Madness,Family,Target,West,1,19.54,15,19.54,0.0,Holiday Sale,False,5
ORD-13924,2024-12-25,Realm Builders,Strategy,Shopify Direct,Northeast,1,44.99,0,44.99,0,,False,5
ORD-13925,2024-08-24,Speed Stacks,Party,Amazon,Northeast,2,11.69,10,23.38,0.0,Bundle Deal,False,4
ORD-13926,2024-09-27,Ocean Explorer,Children,Shopify Direct,Midwest,1,13.99,30,13.99,6.99,Clearance,False,5
ORD-13927,2024-03-03,Trivia Tornado,Party,Amazon,Southeast,2,14.99,0,29.98,0.0,,False,3
ORD-13928,2024-10-20,Monster Madness,Family,Walmart,Southeast,1,19.54,15,19.54,0.0,Holiday Sale,False,
ORD-13929,2024-10-17,Ocean Explorer,Children,Shopify Direct,Northeast,1,13.99,30,13.99,4.99,Clearance,False,
ORD-13930,2024-09-18,Chess Evolved,Strategy,Walmart,Midwest,1,29.99,0,29.99,0.0,New Release,False,4
ORD-13931,2024-09-15,Speed Stacks,Party,Shopify Direct,Midwest,4,6.5,50,26.0,0,Clearance,False,4
ORD-13932,2024-09-14,Code Breakers,Strategy,Amazon,West,1,27.99,0,27.99,0.0,New Release,False,4
ORD-13933,2024-06-30,Dungeon Dash,Strategy,Target,Northeast,2,27.99,20,55.98,0.0,Holiday Sale,False,5
ORD-13934,2024-07-14,Trivia Tornado,Party,Walmart,Southwest,1,14.99,0,14.99,0.0,,False,4
ORD-13935,2024-07-26,Kiddo Kingdom,Children,Target,West,2,14.39,20,28.78,0.0,Holiday Sale,False,
ORD-13936,2024-12-09,Monster Madness,Family,Walmart,West,1,16.09,30,16.09,0.0,Flash Sale,False,4
ORD-13937,2024-04-24,Monster Madness,Family,Walmart,Southeast,1,22.99,0,22.99,0.0,,False,5
ORD-13938,2024-01-12,Ocean Explorer,Children,Shopify Direct,Southeast,2,16.99,15,33.98,0,Bundle Deal,False,
ORD-13939,2024-10-06,Pixel Quest,Family,Walmart,Midwest,3,24.99,0,74.97,0.0,New Release,False,
ORD-13940,2024-12-26,Pixel Quest,Family,Board Game Geek Store,Northeast,2,24.99,0,49.98,0.0,,True,
ORD-13941,2024-01-26,Monster Madness,Family,Target,Midwest,2,19.54,15,39.08,0.0,Bundle Deal,False,5
ORD-13942,2024-07-18,Chess Evolved,Strategy,Shopify Direct,Northeast,1,29.99,0,29.99,0,,False,
ORD-13943,2024-01-16,Trivia Tornado,Party,Shopify Direct,Southwest,2,13.49,10,26.98,6.99,Bundle Deal,False,5
ORD-13944,2024-06-14,Code Breakers,Strategy,Amazon,Southwest,1,27.99,0,27.99,0.0,,False,5
ORD-13945,2024-02-17,Trivia Tornado,Party,Shopify Direct,Midwest,1,14.99,0,14.99,6.99,,False,
ORD-13946,2024-08-27,Monster Madness,Family,Amazon,Southeast,3,18.39,20,55.17,0.0,Flash Sale,False,5
ORD-13947,2024-01-20,Pixel Quest,Family,Target,Southeast,1,24.99,0,24.99,0.0,,False,5
ORD-13948,2024-12-23,Dungeon Dash,Strategy,Amazon,Southeast,1,17.5,50,17.5,0.0,Clearance,False,
ORD-13949,2024-05-15,Cosmic Blitz,Party,Amazon,Midwest,1,14.99,25,14.99,0.0,Holiday Sale,False,4
ORD-13950,2024-11-04,Cosmic Blitz,Party,Amazon,Southwest,2,19.99,0,39.98,0.0,,False,5
ORD-13951,2024-05-07,Pixel Quest,Family,Board Game Geek Store,Midwest,1,18.74,25,18.74,0.0,Holiday Sale,False,4
ORD-13952,2024-03-17,Monster Madness,Family,Walmart,Northeast,1,22.99,0,22.99,0.0,,False,4
ORD-13953,2024-08-09,Realm Builders,Strategy,Shopify Direct,Midwest,1,35.99,20,35.99,0,Holiday Sale,True,
ORD-13954,2024-12-19,Realm Builders,Strategy,Shopify Direct,Southwest,1,44.99,0,44.99,0,,False,5
ORD-13955,2024-10-04,Trivia Tornado,Party,Amazon,Southeast,1,14.99,0,14.99,0.0,,False,
ORD-13956,2024-08-19,Trivia Tornado,Party,Walmart,Midwest,1,14.99,0,14.99,0.0,New Release,False,4
ORD-13957,2024-07-07,Pixel Quest,Family,Walmart,Southeast,2,24.99,0,49.98,0.0,,False,
ORD-13958,2024-02-02,Pixel Quest,Family,Amazon,Northeast,3,24.99,0,74.97,0.0,,False,4
ORD-13959,2024-05-26,Ocean Explorer,Children,Shopify Direct,Southwest,2,13.99,30,27.98,0,Clearance,False,
ORD-13960,2024-08-29,Dungeon Dash,Strategy,Amazon,West,3,27.99,20,83.97,0.0,Flash Sale,False,5
ORD-13961,2024-12-26,Pixel Quest,Family,Target,Northeast,1,14.99,40,14.99,0.0,Clearance,False,
ORD-13962,2024-09-06,Speed Stacks,Party,Shopify Direct,West,1,12.99,0,12.99,6.99,,False,3
ORD-13963,2024-12-02,Cosmic Blitz,Party,Amazon,Southeast,2,17.99,10,35.98,0.0,Bundle Deal,False,
ORD-13964,2024-07-16,Chess Evolved,Strategy,Shopify Direct,Midwest,2,20.99,30,41.98,0,Clearance,False,
ORD-13965,2024-05-14,Realm Builders,Strategy,Amazon,Southeast,2,33.74,25,67.48,0.0,Holiday Sale,False,
ORD-13966,2024-10-25,Chess Evolved,Strategy,Walmart,Northeast,1,29.99,0,29.99,0.0,New Release,False,
ORD-13967,2024-05-05,Trivia Tornado,Party,Amazon,Northeast,1,10.49,30,10.49,0.0,Flash Sale,False,2
ORD-13968,2024-10-24,Realm Builders,Strategy,Amazon,Southeast,1,44.99,0,44.99,0.0,,False,
ORD-13969,2024-09-22,Ocean Explorer,Children,Walmart,Midwest,1,19.99,0,19.99,0.0,,False,5
ORD-13970,2024-01-14,Cosmic Blitz,Party,Board Game Geek Store,Midwest,1,13.99,30,13.99,0.0,Flash Sale,False,
ORD-13971,2024-09-06,Pixel Quest,Family,Amazon,Northeast,1,24.99,0,24.99,0.0,New Release,False,
ORD-13972,2024-04-24,Speed Stacks,Party,Amazon,Midwest,1,12.99,0,12.99,0.0,,False,5
ORD-13973,2024-12-23,Speed Stacks,Party,Board Game Geek Store,Midwest,1,6.5,50,6.5,0.0,Clearance,False,3
ORD-13974,2024-01-17,Dungeon Dash,Strategy,Shopify Direct,West,1,34.99,0,34.99,0,,False,
ORD-13975,2024-04-26,Pixel Quest,Family,Shopify Direct,Midwest,1,17.49,30,17.49,4.99,Clearance,False,
ORD-13976,2024-02-24,Chess Evolved,Strategy,Amazon,West,1,29.99,0,29.99,0.0,,False,
ORD-13977,2024-09-26,Kiddo Kingdom,Children,Amazon,Northeast,1,17.99,0,17.99,0.0,,True,
ORD-13978,2024-05-13,Trivia Tornado,Party,Target,Northeast,1,14.99,0,14.99,0.0,,True,
ORD-13979,2024-01-10,Battle Bots Arena,Strategy,Target,Midwest,1,39.99,0,39.99,0.0,,False,4
ORD-13980,2024-11-22,Cosmic Blitz,Party,Walmart,Northeast,1,19.99,0,19.99,0.0,,False,
ORD-13981,2024-02-16,Speed Stacks,Party,Amazon,Northeast,3,11.04,15,33.12,0.0,Bundle Deal,False,5
ORD-13982,2024-07-25,Chess Evolved,Strategy,Amazon,Midwest,2,25.49,15,50.98,0.0,Bundle Deal,True,
ORD-13983,2024-10-09,Code Breakers,Strategy,Target,West,2,22.39,20,44.78,0.0,Flash Sale,False,1
ORD-13984,2024-08-03,Pixel Quest,Family,Board Game Geek Store,Northeast,2,21.24,15,42.48,0.0,Bundle Deal,False,2
ORD-13985,2024-06-22,Pixel Quest,Family,Amazon,Northeast,1,24.99,0,24.99,0.0,New Release,False,
ORD-13986,2024-03-17,Realm Builders,Strategy,Amazon,Southeast,1,35.99,20,35.99,0.0,Holiday Sale,False,
ORD-13987,2024-07-31,Cosmic Blitz,Party,Amazon,West,1,13.99,30,13.99,0.0,Flash Sale,False,3
ORD-13988,2024-01-10,Code Breakers,Strategy,Amazon,Midwest,1,27.99,0,27.99,0.0,,False,2
ORD-13989,2024-12-31,Chess Evolved,Strategy,Walmart,Southeast,1,29.99,0,29.99,0.0,,False,5
ORD-13990,2024-07-03,Chess Evolved,Strategy,Walmart,West,2,26.99,10,53.98,0.0,Bundle Deal,False,5
ORD-13991,2024-11-02,Cosmic Blitz,Party,Amazon,Southeast,1,19.99,0,19.99,0.0,,False,5
ORD-13992,2024-01-17,Trivia Tornado,Party,Amazon,Southwest,2,14.99,0,29.98,0.0,,False,
ORD-13993,2024-01-11,Cosmic Blitz,Party,Amazon,Southeast,1,19.99,0,19.99,0.0,,False,
ORD-13994,2024-04-10,Code Breakers,Strategy,Walmart,Southeast,1,27.99,0,27.99,0.0,New Release,False,3
ORD-13995,2024-01-02,Battle Bots Arena,Strategy,Shopify Direct,Midwest,2,31.99,20,63.98,6.99,Holiday Sale,False,5
ORD-13996,2024-02-15,Speed Stacks,Party,Walmart,West,2,12.99,0,25.98,0.0,,False,4
ORD-13997,2024-05-31,Dungeon Dash,Strategy,Amazon,Midwest,1,34.99,0,34.99,0.0,,True,
ORD-13998,2024-10-25,Trivia Tornado,Party,Shopify Direct,Southwest,2,13.49,10,26.98,0,Bundle Deal,False,4
ORD-13999,2024-11-18,Ocean Explorer,Children,Walmart,Midwest,3,16.99,15,50.97,0.0,Bundle Deal,False,4
ORD-14000,2024-08-14,Dungeon Dash,Strategy,Target,Southeast,1,34.99,0,34.99,0.0,,False,
ORD-14001,2024-01-07,Trivia Tornado,Party,Amazon,Southwest,1,14.99,0,14.99,0.0,,False,
ORD-14002,2024-08-18,Battle Bots Arena,Strategy,Shopify Direct,Southwest,1,39.99,0,39.99,0,,False,
ORD-14003,2024-08-17,Monster Madness,Family,Amazon,Midwest,1,22.99,0,22.99,0.0,,False,
ORD-14004,2024-11-08,Code Breakers,Strategy,Walmart,Southwest,1,27.99,0,27.99,0.0,,False,5
ORD-14005,2024-06-30,Pixel Quest,Family,Target,West,3,21.24,15,63.72,0.0,Bundle Deal,False,5
ORD-14006,2024-09-02,Chess Evolved,Strategy,Target,Southeast,1,29.99,0,29.99,0.0,,False,
ORD-14007,2024-02-09,Monster Madness,Family,Board Game Geek Store,Southwest,1,22.99,0,22.99,0.0,,False,
ORD-14008,2024-03-28,Chess Evolved,Strategy,Amazon,Northeast,1,23.99,20,23.99,0.0,Flash Sale,False,5
ORD-14009,2024-03-13,Dungeon Dash,Strategy,Amazon,Southwest,2,20.99,40,41.98,0.0,Clearance,False,5
ORD-14010,2024-10-15,Speed Stacks,Party,Shopify Direct,West,1,9.74,25,9.74,0,Holiday Sale,False,1
ORD-14011,2024-01-08,Code Breakers,Strategy,Shopify Direct,West,2,25.19,10,50.38,0,Bundle Deal,False,
ORD-14012,2024-10-30,Pixel Quest,Family,Walmart,Northeast,2,24.99,0,49.98,0.0,,False,5
ORD-14013,2024-01-18,Kiddo Kingdom,Children,Board Game Geek Store,Southeast,3,15.29,15,45.87,0.0,Bundle Deal,False,5
ORD-14014,2024-02-29,Ocean Explorer,Children,Amazon,Midwest,1,14.99,25,14.99,0.0,Holiday Sale,False,5
ORD-14015,2024-11-20,Speed Stacks,Party,Shopify Direct,Southeast,1,12.99,0,12.99,0,New Release,False,5
ORD-14016,2024-04-26,Chess Evolved,Strategy,Amazon,Southeast,1,29.99,0,29.99,0.0,,False,
ORD-14017,2024-11-11,Monster Madness,Family,Amazon,Southeast,2,22.99,0,45.98,0.0,,False,5
ORD-14018,2024-06-06,Ocean Explorer,Children,Shopify Direct,Midwest,1,19.99,0,19.99,0,New Release,False,5
ORD-14019,2024-08-08,Trivia Tornado,Party,Walmart,Northeast,1,14.99,0,14.99,0.0,,False,5
ORD-14020,2024-08-14,Cosmic Blitz,Party,Walmart,Midwest,1,19.99,0,19.99,0.0,,False,5
ORD-14021,2024-04-08,Cosmic Blitz,Party,Target,Midwest,1,9.99,50,9.99,0.0,Clearance,False,2
ORD-14022,2024-03-28,Dungeon Dash,Strategy,Amazon,Midwest,1,26.24,25,26.24,0.0,Holiday Sale,False,5
ORD-14023,2024-08-01,Speed Stacks,Party,Shopify Direct,Southwest,1,12.99,0,12.99,0,,False,3
ORD-14024,2024-07-25,Monster Madness,Family,Amazon,Midwest,2,20.69,10,41.38,0.0,Bundle Deal,False,4
ORD-14025,2024-12-07,Chess Evolved,Strategy,Board Game Geek Store,Northeast,1,20.99,30,20.99,0.0,Clearance,False,
ORD-14026,2024-12-13,Cosmic Blitz,Party,Amazon,West,1,19.99,0,19.99,0.0,,False,
ORD-14027,2024-03-28,Trivia Tornado,Party,Shopify Direct,Southeast,1,14.99,0,14.99,4.99,New Release,False,4
ORD-14028,2024-12-19,Pixel Quest,Family,Amazon,Midwest,1,24.99,0,24.99,0.0,,False,5
ORD-14029,2024-01-04,Monster Madness,Family,Amazon,Southwest,1,18.39,20,18.39,0.0,Holiday Sale,False,
ORD-14030,2024-07-24,Trivia Tornado,Party,Shopify Direct,West,1,7.5,50,7.5,0,Clearance,False,5
ORD-14031,2024-11-28,Code Breakers,Strategy,Walmart,West,2,27.99,0,55.98,0.0,,False,5
ORD-14032,2024-12-03,Trivia Tornado,Party,Shopify Direct,Northeast,3,14.99,0,44.97,4.99,,False,2
ORD-14033,2024-05-02,Realm Builders,Strategy,Target,Midwest,1,31.49,30,31.49,0.0,Clearance,False,5
ORD-14034,2024-07-30,Ocean Explorer,Children,Walmart,Midwest,1,15.99,20,15.99,0.0,Flash Sale,False,4
ORD-14035,2024-02-08,Chess Evolved,Strategy,Amazon,Midwest,1,23.99,20,23.99,0.0,Flash Sale,False,
ORD-14036,2024-04-04,Speed Stacks,Party,Walmart,Midwest,1,10.39,20,10.39,0.0,Flash Sale,False,5
ORD-14037,2024-10-29,Pixel Quest,Family,Board Game Geek Store,West,1,24.99,0,24.99,0.0,,False,
ORD-14038,2024-07-31,Monster Madness,Family,Amazon,West,1,22.99,0,22.99,0.0,,False,5
ORD-14039,2024-02-03,Monster Madness,Family,Amazon,Midwest,4,20.69,10,82.76,0.0,Bundle Deal,False,5
ORD-14040,2024-05-10,Pixel Quest,Family,Board Game Geek Store,West,1,19.99,20,19.99,0.0,Holiday Sale,False,4
ORD-14041,2024-06-17,Cosmic Blitz,Party,Shopify Direct,Midwest,1,19.99,0,19.99,0,,False,
ORD-14042,2024-08-23,Battle Bots Arena,Strategy,Amazon,Southeast,2,31.99,20,63.98,0.0,Flash Sale,False,5
ORD-14043,2024-10-25,Trivia Tornado,Party,Shopify Direct,Northeast,2,13.49,10,26.98,0,Bundle Deal,False,
ORD-14044,2024-12-11,Code Breakers,Strategy,Target,Southeast,2,23.79,15,47.58,0.0,Bundle Deal,False,4
ORD-14045,2024-07-04,Kiddo Kingdom,Children,Walmart,Southeast,1,14.39,20,14.39,0.0,Holiday Sale,False,
ORD-14046,2024-04-08,Trivia Tornado,Party,Amazon,Southwest,3,11.24,25,33.72,0.0,Holiday Sale,False,4
ORD-14047,2024-05-17,Dungeon Dash,Strategy,Amazon,West,1,34.99,0,34.99,0.0,,False,
ORD-14048,2024-09-21,Realm Builders,Strategy,Board Game Geek Store,Midwest,3,31.49,30,94.47,0.0,Clearance,False,
ORD-14049,2024-04-16,Speed Stacks,Party,Shopify Direct,Northeast,2,12.99,0,25.98,6.99,,False,5
ORD-14050,2024-10-08,Ocean Explorer,Children,Shopify Direct,Southeast,1,19.99,0,19.99,0,,False,
ORD-14051,2024-10-30,Chess Evolved,Strategy,Board Game Geek Store,West,2,22.49,25,44.98,0.0,Holiday Sale,False,
ORD-14052,2024-04-30,Realm Builders,Strategy,Amazon,Midwest,2,40.49,10,80.98,0.0,Bundle Deal,False,5
ORD-14053,2024-07-25,Trivia Tornado,Party,Amazon,Southeast,1,14.99,0,14.99,0.0,,False,
ORD-14054,2024-12-16,Chess Evolved,Strategy,Walmart,Northeast,1,29.99,0,29.99,0.0,,False,4
ORD-14055,2024-11-16,Speed Stacks,Party,Target,Northeast,1,12.99,0,12.99,0.0,,False,
ORD-14056,2024-07-27,Speed Stacks,Party,Target,West,1,11.04,15,11.04,0.0,Holiday Sale,False,5
ORD-14057,2024-03-25,Code Breakers,Strategy,Amazon,Midwest,1,27.99,0,27.99,0.0,,False,5
ORD-14058,2024-08-19,Realm Builders,Strategy,Amazon,West,1,44.99,0,44.99,0.0,,False,5
ORD-14059,2024-07-09,Cosmic Blitz,Party,Target,Midwest,2,16.99,15,33.98,0.0,Bundle Deal,False,2
ORD-14060,2024-12-26,Ocean Explorer,Children,Target,Northeast,1,15.99,20,15.99,0.0,Flash Sale,False,1
ORD-14061,2024-06-05,Kiddo Kingdom,Children,Amazon,Northeast,2,12.59,30,25.18,0.0,Clearance,False,
ORD-14062,2024-03-25,Pixel Quest,Family,Walmart,Midwest,2,21.24,15,42.48,0.0,Bundle Deal,False,
ORD-14063,2024-12-17,Speed Stacks,Party,Amazon,West,1,12.99,0,12.99,0.0,New Release,False,5
ORD-14064,2024-08-31,Trivia Tornado,Party,Target,West,1,14.99,0,14.99,0.0,,False,5
ORD-14065,2024-08-02,Speed Stacks,Party,Board Game Geek Store,Southeast,1,10.39,20,10.39,0.0,Flash Sale,False,3
ORD-14066,2024-09-04,Ocean Explorer,Children,Board Game Geek Store,Midwest,2,14.99,25,29.98,0.0,Holiday Sale,False,
ORD-14067,2024-07-15,Chess Evolved,Strategy,Shopify Direct,Midwest,1,20.99,30,20.99,0,Flash Sale,False,
ORD-14068,2024-06-05,Realm Builders,Strategy,Walmart,Southwest,2,38.24,15,76.48,0.0,Bundle Deal,False,
ORD-14069,2024-09-27,Speed Stacks,Party,Shopify Direct,Midwest,3,9.74,25,29.22,0,Holiday Sale,False,4
ORD-14070,2024-11-05,Battle Bots Arena,Strategy,Shopify Direct,Southwest,1,39.99,0,39.99,0,New Release,False,2
ORD-14071,2024-06-01,Code Breakers,Strategy,Amazon,Northeast,2,25.19,10,50.38,0.0,Bundle Deal,False,
ORD-14072,2024-04-05,Trivia Tornado,Party,Shopify Direct,Southeast,1,14.99,0,14.99,0,,False,5
ORD-14073,2024-11-28,Pixel Quest,Family,Shopify Direct,Southwest,1,24.99,0,24.99,0,,False,4
ORD-14074,2024-01-04,Kiddo Kingdom,Children,Board Game Geek Store,Southwest,1,12.59,30,12.59,0.0,Flash Sale,False,5
ORD-14075,2024-12-12,Kiddo Kingdom,Children,Walmart,Midwest,1,17.99,0,17.99,0.0,,False,1
ORD-14076,2024-12-10,Monster Madness,Family,Target,Midwest,1,16.09,30,16.09,0.0,Flash Sale,False,5
ORD-14077,2024-06-04,Speed Stacks,Party,Target,West,1,12.99,0,12.99,0.0,New Release,False,4
ORD-14078,2024-07-27,Trivia Tornado,Party,Walmart,Midwest,1,12.74,15,12.74,0.0,Holiday Sale,False,5
ORD-14079,2024-03-02,Ocean Explorer,Children,Amazon,West,1,11.99,40,11.99,0.0,Clearance,True,
ORD-14080,2024-07-22,Speed Stacks,Party,Shopify Direct,Midwest,2,10.39,20,20.78,6.99,Holiday Sale,False,
ORD-14081,2024-10-15,Monster Madness,Family,Amazon,Northeast,1,16.09,30,16.09,0.0,Clearance,True,
ORD-14082,2024-12-24,Cosmic Blitz,Party,Shopify Direct,Northeast,1,19.99,0,19.99,0,,True,
ORD-14083,2024-12-11,Speed Stacks,Party,Amazon,West,2,11.04,15,22.08,0.0,Bundle Deal,False,4
ORD-14084,2024-01-21,Pixel Quest,Family,Amazon,Northeast,1,19.99,20,19.99,0.0,Flash Sale,False,4
ORD-14085,2024-11-22,Trivia Tornado,Party,Shopify Direct,Southeast,2,14.99,0,29.98,0,New Release,False,
ORD-14086,2024-03-30,Chess Evolved,Strategy,Target,West,2,25.49,15,50.98,0.0,Holiday Sale,False,
ORD-14087,2024-11-11,Realm Builders,Strategy,Amazon,Northeast,1,31.49,30,31.49,0.0,Flash Sale,False,4
ORD-14088,2024-12-08,Speed Stacks,Party,Target,Southwest,2,12.99,0,25.98,0.0,,False,1
ORD-14089,2024-02-02,Monster Madness,Family,Board Game Geek Store,Southwest,2,22.99,0,45.98,0.0,,False,3
ORD-14090,2024-08-07,Trivia Tornado,Party,Target,Southeast,1,14.99,0,14.99,0.0,,False,
ORD-14091,2024-02-01,Speed Stacks,Party,Amazon,Southwest,1,12.99,0,12.99,0.0,,False,2
ORD-14092,2024-09-19,Monster Madness,Family,Walmart,Midwest,2,20.69,10,41.38,0.0,Bundle Deal,False,
ORD-14093,2024-11-23,Cosmic Blitz,Party,Amazon,Midwest,3,13.99,30,41.97,0.0,Clearance,False,5
ORD-14094,2024-11-27,Code Breakers,Strategy,Shopify Direct,West,2,23.79,15,47.58,6.99,Bundle Deal,False,5
ORD-14095,2024-05-19,Monster Madness,Family,Shopify Direct,West,1,22.99,0,22.99,6.99,,False,5
ORD-14096,2024-05-17,Trivia Tornado,Party,Amazon,Southeast,1,10.49,30,10.49,0.0,Clearance,False,
ORD-14097,2024-08-20,Cosmic Blitz,Party,Shopify Direct,Southeast,2,16.99,15,33.98,6.99,Holiday Sale,False,4
ORD-14098,2024-11-01,Cosmic Blitz,Party,Target,Northeast,1,13.99,30,13.99,0.0,Flash Sale,False,5
ORD-14099,2024-04-17,Trivia Tornado,Party,Board Game Geek Store,Southwest,1,12.74,15,12.74,0.0,Holiday Sale,False,3
ORD-14100,2024-05-02,Speed Stacks,Party,Walmart,West,1,12.99,0,12.99,0.0,,False,4
ORD-14101,2024-12-14,Trivia Tornado,Party,Walmart,West,3,10.49,30,31.47,0.0,Clearance,False,4
ORD-14102,2024-08-14,Kiddo Kingdom,Children,Amazon,Southwest,1,13.49,25,13.49,0.0,Holiday Sale,False,2
ORD-14103,2024-02-10,Battle Bots Arena,Strategy,Shopify Direct,Southeast,1,39.99,0,39.99,0,New Release,False,
ORD-14104,2024-01-08,Monster Madness,Family,Shopify Direct,Midwest,2,17.24,25,34.48,0,Holiday Sale,False,5
ORD-14105,2024-08-09,Speed Stacks,Party,Walmart,Midwest,2,11.04,15,22.08,0.0,Bundle Deal,False,
ORD-14106,2024-05-29,Trivia Tornado,Party,Shopify Direct,Midwest,1,7.5,50,7.5,0,Clearance,True,
ORD-14107,2024-09-30,Speed Stacks,Party,Shopify Direct,Southeast,1,10.39,20,10.39,0,Flash Sale,False,3
ORD-14108,2024-09-05,Battle Bots Arena,Strategy,Target,Northeast,1,39.99,0,39.99,0.0,,False,
ORD-14109,2024-11-19,Trivia Tornado,Party,Amazon,Midwest,1,14.99,0,14.99,0.0,New Release,False,3
ORD-14110,2024-11-18,Speed Stacks,Party,Walmart,Northeast,1,12.99,0,12.99,0.0,,False,4
ORD-14111,2024-11-15,Dungeon Dash,Strategy,Amazon,Northeast,1,20.99,40,20.99,0.0,Clearance,False,
ORD-14112,2024-11-28,Trivia Tornado,Party,Target,Southeast,1,10.49,30,10.49,0.0,Clearance,False,
ORD-14113,2024-07-19,Trivia Tornado,Party,Shopify Direct,Southwest,1,11.99,20,11.99,4.99,Holiday Sale,False,3
ORD-14114,2024-12-24,Kiddo Kingdom,Children,Amazon,West,2,15.29,15,30.58,0.0,Holiday Sale,False,4
ORD-14115,2024-04-23,Cosmic Blitz,Party,Amazon,Southwest,3,19.99,0,59.97,0.0,,False,2
ORD-14116,2024-12-30,Code Breakers,Strategy,Amazon,Northeast,2,25.19,10,50.38,0.0,Bundle Deal,False,
ORD-14117,2024-03-12,Cosmic Blitz,Party,Target,Southeast,2,16.99,15,33.98,0.0,Bundle Deal,False,2
ORD-14118,2024-07-20,Trivia Tornado,Party,Walmart,Midwest,1,14.99,0,14.99,0.0,,False,3
ORD-14119,2024-11-07,Dungeon Dash,Strategy,Walmart,Midwest,2,34.99,0,69.98,0.0,,False,
ORD-14120,2024-08-21,Trivia Tornado,Party,Shopify Direct,Midwest,2,7.5,50,15.0,6.99,Clearance,False,5
ORD-14121,2024-04-25,Speed Stacks,Party,Amazon,Midwest,2,9.09,30,18.18,0.0,Flash Sale,False,
ORD-14122,2024-01-11,Speed Stacks,Party,Walmart,West,1,9.74,25,9.74,0.0,Holiday Sale,False,4
ORD-14123,2024-07-24,Cosmic Blitz,Party,Amazon,Northeast,1,16.99,15,16.99,0.0,Holiday Sale,False,4
ORD-14124,2024-10-05,Speed Stacks,Party,Target,Northeast,1,12.99,0,12.99,0.0,New Release,False,4
ORD-14125,2024-12-28,Trivia Tornado,Party,Amazon,West,3,11.24,25,33.72,0.0,Holiday Sale,False,4
ORD-14126,2024-11-20,Cosmic Blitz,Party,Amazon,West,1,19.99,0,19.99,0.0,,False,
ORD-14127,2024-12-16,Cosmic Blitz,Party,Amazon,West,2,17.99,10,35.98,0.0,Bundle Deal,False,
ORD-14128,2024-12-31,Code Breakers,Strategy,Amazon,West,2,23.79,15,47.58,0.0,Bundle Deal,False,4
ORD-14129,2024-08-25,Ocean Explorer,Children,Amazon,Northeast,1,9.99,50,9.99,0.0,Clearance,False,5
ORD-14130,2024-12-03,Battle Bots Arena,Strategy,Target,Southwest,3,39.99,0,119.97,0.0,,False,4
ORD-14131,2024-08-19,Pixel Quest,Family,Amazon,West,3,12.49,50,37.47,0.0,Clearance,False,5
ORD-14132,2024-06-06,Chess Evolved,Strategy,Amazon,Southwest,2,14.99,50,29.98,0.0,Clearance,False,4
ORD-14133,2024-04-05,Realm Builders,Strategy,Shopify Direct,Southeast,1,44.99,0,44.99,0,New Release,False,5
ORD-14134,2024-07-10,Monster Madness,Family,Shopify Direct,Northeast,1,17.24,25,17.24,0,Holiday Sale,False,4
ORD-14135,2024-06-29,Code Breakers,Strategy,Board Game Geek Store,West,2,27.99,0,55.98,0.0,,False,
ORD-14136,2024-07-13,Code Breakers,Strategy,Walmart,Northeast,2,23.79,15,47.58,0.0,Bundle Deal,False,5
ORD-14137,2024-08-02,Pixel Quest,Family,Walmart,Midwest,3,19.99,20,59.97,0.0,Flash Sale,False,
ORD-14138,2024-05-29,Pixel Quest,Family,Walmart,West,1,24.99,0,24.99,0.0,,False,5
ORD-14139,2024-12-22,Code Breakers,Strategy,Shopify Direct,Midwest,2,23.79,15,47.58,0,Holiday Sale,False,3
ORD-14140,2024-09-24,Ocean Explorer,Children,Amazon,Midwest,1,13.99,30,13.99,0.0,Flash Sale,False,
ORD-14141,2024-11-11,Monster Madness,Family,Walmart,Southwest,1,22.99,0,22.99,0.0,,False,
ORD-14142,2024-08-25,Trivia Tornado,Party,Amazon,Midwest,2,12.74,15,25.48,0.0,Holiday Sale,False,4
ORD-14143,2024-11-04,Pixel Quest,Family,Shopify Direct,West,1,24.99,0,24.99,0,,False,
ORD-14144,2024-02-23,Trivia Tornado,Party,Amazon,West,2,12.74,15,25.48,0.0,Bundle Deal,False,
ORD-14145,2024-07-12,Chess Evolved,Strategy,Amazon,Northeast,3,23.99,20,71.97,0.0,Flash Sale,False,
ORD-14146,2024-07-20,Battle Bots Arena,Strategy,Amazon,Northeast,2,39.99,0,79.98,0.0,New Release,False,
ORD-14147,2024-08-27,Trivia Tornado,Party,Walmart,West,1,7.5,50,7.5,0.0,Clearance,False,
ORD-14148,2024-04-01,Pixel Quest,Family,Amazon,Midwest,1,24.99,0,24.99,0.0,,False,4
ORD-14149,2024-08-20,Monster Madness,Family,Amazon,Midwest,1,22.99,0,22.99,0.0,New Release,False,4
ORD-14150,2024-08-02,Realm Builders,Strategy,Shopify Direct,Southeast,1,38.24,15,38.24,4.99,Holiday Sale,False,4
ORD-14151,2024-04-30,Kiddo Kingdom,Children,Shopify Direct,Midwest,2,17.99,0,35.98,6.99,,False,5
ORD-14152,2024-10-04,Trivia Tornado,Party,Amazon,Northeast,1,11.99,20,11.99,0.0,Holiday Sale,False,5
ORD-14153,2024-06-08,Speed Stacks,Party,Amazon,Midwest,1,12.99,0,12.99,0.0,,True,
ORD-14154,2024-12-10,Speed Stacks,Party,Shopify Direct,Midwest,2,12.99,0,25.98,0,,False,
ORD-14155,2024-05-24,Kiddo Kingdom,Children,Target,Northeast,1,17.99,0,17.99,0.0,New Release,False,4
ORD-14156,2024-06-13,Trivia Tornado,Party,Shopify Direct,Southeast,2,14.99,0,29.98,0,,False,4
ORD-14157,2024-05-09,Dungeon Dash,Strategy,Shopify Direct,Midwest,1,34.99,0,34.99,4.99,,False,4
ORD-14158,2024-07-18,Realm Builders,Strategy,Walmart,Northeast,1,35.99,20,35.99,0.0,Holiday Sale,False,5
ORD-14159,2024-11-23,Trivia Tornado,Party,Amazon,Northeast,1,8.99,40,8.99,0.0,Clearance,False,
ORD-14160,2024-10-10,Dungeon Dash,Strategy,Shopify Direct,Northeast,2,34.99,0,69.98,0,,False,4
ORD-14161,2024-03-19,Kiddo Kingdom,Children,Shopify Direct,Midwest,1,17.99,0,17.99,4.99,,False,
ORD-14162,2024-04-07,Pixel Quest,Family,Board Game Geek Store,Midwest,2,12.49,50,24.98,0.0,Clearance,False,
ORD-14163,2024-10-29,Chess Evolved,Strategy,Board Game Geek Store,Southeast,2,26.99,10,53.98,0.0,Bundle Deal,False,
ORD-14164,2024-10-14,Dungeon Dash,Strategy,Amazon,West,2,34.99,0,69.98,0.0,New Release,False,
ORD-14165,2024-12-21,Kiddo Kingdom,Children,Target,Southwest,1,12.59,30,12.59,0.0,Clearance,False,
ORD-14166,2024-05-01,Cosmic Blitz,Party,Target,Northeast,1,19.99,0,19.99,0.0,New Release,False,4
ORD-14167,2024-11-07,Kiddo Kingdom,Children,Walmart,West,3,12.59,30,37.77,0.0,Flash Sale,False,4
ORD-14168,2024-11-28,Cosmic Blitz,Party,Shopify Direct,Northeast,1,19.99,0,19.99,0,,False,4
ORD-14169,2024-10-11,Cosmic Blitz,Party,Walmart,Northeast,2,17.99,10,35.98,0.0,Bundle Deal,False,
ORD-14170,2024-11-08,Trivia Tornado,Party,Shopify Direct,Midwest,1,14.99,0,14.99,4.99,,False,
ORD-14171,2024-12-19,Pixel Quest,Family,Amazon,Southeast,1,24.99,0,24.99,0.0,,False,
ORD-14172,2024-03-23,Chess Evolved,Strategy,Amazon,Midwest,1,29.99,0,29.99,0.0,New Release,False,5
ORD-14173,2024-08-03,Cosmic Blitz,Party,Target,Midwest,1,19.99,0,19.99,0.0,,False,3
ORD-14174,2024-10-12,Monster Madness,Family,Amazon,Midwest,1,22.99,0,22.99,0.0,New Release,False,5
ORD-14175,2024-12-06,Trivia Tornado,Party,Walmart,Midwest,1,10.49,30,10.49,0.0,Flash Sale,False,
ORD-14176,2024-08-03,Chess Evolved,Strategy,Walmart,Midwest,1,29.99,0,29.99,0.0,,True,
ORD-14177,2024-11-30,Pixel Quest,Family,Amazon,West,1,24.99,0,24.99,0.0,,False,
ORD-14178,2024-12-15,Chess Evolved,Strategy,Amazon,Northeast,3,29.99,0,89.97,0.0,,False,5
ORD-14179,2024-06-06,Code Breakers,Strategy,Target,Northeast,3,27.99,0,83.97,0.0,New Release,False,
ORD-14180,2024-09-05,Cosmic Blitz,Party,Shopify Direct,Southwest,3,15.99,20,47.97,0,Holiday Sale,False,1
ORD-14181,2024-11-12,Speed Stacks,Party,Amazon,West,2,10.39,20,20.78,0.0,Holiday Sale,False,5
ORD-14182,2024-05-15,Speed Stacks,Party,Amazon,West,1,12.99,0,12.99,0.0,,False,
ORD-14183,2024-08-21,Cosmic Blitz,Party,Board Game Geek Store,West,4,19.99,0,79.96,0.0,,False,
ORD-14184,2024-07-12,Trivia Tornado,Party,Walmart,Southeast,1,7.5,50,7.5,0.0,Clearance,False,4
ORD-14185,2024-08-06,Speed Stacks,Party,Amazon,Southwest,1,12.99,0,12.99,0.0,,False,5
ORD-14186,2024-08-30,Dungeon Dash,Strategy,Amazon,Southeast,2,29.74,15,59.48,0.0,Bundle Deal,False,4
ORD-14187,2024-09-17,Kiddo Kingdom,Children,Walmart,Southwest,1,17.99,0,17.99,0.0,New Release,True,
ORD-14188,2024-12-18,Trivia Tornado,Party,Amazon,West,1,11.99,20,11.99,0.0,Holiday Sale,True,
ORD-14189,2024-02-03,Chess Evolved,Strategy,Shopify Direct,Midwest,1,29.99,0,29.99,6.99,New Release,False,5
ORD-14190,2024-03-24,Kiddo Kingdom,Children,Amazon,Northeast,2,17.99,0,35.98,0.0,,False,
ORD-14191,2024-11-10,Battle Bots Arena,Strategy,Shopify Direct,Northeast,1,39.99,0,39.99,0,,False,
ORD-14192,2024-04-09,Trivia Tornado,Party,Target,Midwest,3,11.99,20,35.97,0.0,Flash Sale,False,
ORD-14193,2024-10-20,Speed Stacks,Party,Shopify Direct,Southwest,2,11.04,15,22.08,0,Bundle Deal,False,5
ORD-14194,2024-09-15,Trivia Tornado,Party,Walmart,West,1,14.99,0,14.99,0.0,New Release,False,5
ORD-14195,2024-01-29,Kiddo Kingdom,Children,Amazon,West,1,14.39,20,14.39,0.0,Flash Sale,False,
ORD-14196,2024-01-19,Monster Madness,Family,Amazon,Southeast,1,22.99,0,22.99,0.0,,False,4
ORD-14197,2024-09-07,Pixel Quest,Family,Walmart,West,2,21.24,15,42.48,0.0,Bundle Deal,False,5
ORD-14198,2024-08-14,Realm Builders,Strategy,Shopify Direct,West,1,22.5,50,22.5,0,Clearance,False,4
ORD-14199,2024-04-17,Chess Evolved,Strategy,Walmart,Southeast,3,29.99,0,89.97,0.0,,False,5
ORD-14200,2024-05-13,Code Breakers,Strategy,Amazon,West,1,27.99,0,27.99,0.0,,False,4
ORD-14201,2024-09-12,Pixel Quest,Family,Shopify Direct,Northeast,2,22.49,10,44.98,6.99,Bundle Deal,False,
ORD-14202,2024-11-01,Speed Stacks,Party,Amazon,Midwest,1,11.04,15,11.04,0.0,Holiday Sale,False,
ORD-14203,2024-01-18,Code Breakers,Strategy,Amazon,Southeast,2,27.99,0,55.98,0.0,New Release,False,
ORD-14204,2024-05-20,Cosmic Blitz,Party,Shopify Direct,Northeast,4,13.99,30,55.96,4.99,Clearance,False,2
ORD-14205,2024-10-30,Speed Stacks,Party,Walmart,Midwest,2,10.39,20,20.78,0.0,Flash Sale,False,
ORD-14206,2024-02-15,Monster Madness,Family,Walmart,Southwest,2,22.99,0,45.98,0.0,,False,
ORD-14207,2024-12-08,Chess Evolved,Strategy,Amazon,West,2,25.49,15,50.98,0.0,Bundle Deal,False,5
ORD-14208,2024-05-05,Realm Builders,Strategy,Walmart,Northeast,1,44.99,0,44.99,0.0,,False,
ORD-14209,2024-05-01,Dungeon Dash,Strategy,Shopify Direct,Northeast,1,26.24,25,26.24,0,Holiday Sale,True,
ORD-14210,2024-03-10,Chess Evolved,Strategy,Target,Northeast,1,29.99,0,29.99,0.0,New Release,True,
ORD-14211,2024-12-06,Cosmic Blitz,Party,Amazon,Southwest,1,15.99,20,15.99,0.0,Flash Sale,False,4
ORD-14212,2024-08-12,Realm Builders,Strategy,Target,Midwest,1,31.49,30,31.49,0.0,Flash Sale,False,
ORD-14213,2024-01-02,Chess Evolved,Strategy,Board Game Geek Store,Southwest,1,20.99,30,20.99,0.0,Clearance,False,4
ORD-14214,2024-07-08,Dungeon Dash,Strategy,Shopify Direct,Southeast,1,20.99,40,20.99,6.99,Clearance,False,
ORD-14215,2024-01-20,Monster Madness,Family,Amazon,Southwest,2,22.99,0,45.98,0.0,New Release,False,
ORD-14216,2024-12-30,Cosmic Blitz,Party,Amazon,Northeast,1,19.99,0,19.99,0.0,,False,
ORD-14217,2024-10-20,Dungeon Dash,Strategy,Shopify Direct,Midwest,2,34.99,0,69.98,4.99,,False,5
ORD-14218,2024-12-09,Pixel Quest,Family,Amazon,West,2,24.99,0,49.98,0.0,,False,5
ORD-14219,2024-04-20,Trivia Tornado,Party,Target,Southwest,1,14.99,0,14.99,0.0,,False,4
ORD-14220,2024-06-17,Pixel Quest,Family,Walmart,Northeast,1,24.99,0,24.99,0.0,,False,
ORD-14221,2024-12-25,Dungeon Dash,Strategy,Amazon,Southeast,3,34.99,0,104.97,0.0,,False,
ORD-14222,2024-06-19,Dungeon Dash,Strategy,Shopify Direct,Midwest,1,27.99,20,27.99,4.99,Holiday Sale,False,
ORD-14223,2024-07-13,Ocean Explorer,Children,Board Game Geek Store,Northeast,2,16.99,15,33.98,0.0,Bundle Deal,False,
ORD-14224,2024-05-26,Speed Stacks,Party,Walmart,Southwest,1,12.99,0,12.99,0.0,New Release,False,
ORD-14225,2024-04-20,Ocean Explorer,Children,Amazon,Northeast,1,19.99,0,19.99,0.0,,False,5
ORD-14226,2024-05-01,Pixel Quest,Family,Board Game Geek Store,Southwest,2,17.49,30,34.98,0.0,Flash Sale,False,
ORD-14227,2024-08-03,Code Breakers,Strategy,Target,Northeast,1,27.99,0,27.99,0.0,,False,
ORD-14228,2024-12-08,Chess Evolved,Strategy,Shopify Direct,Midwest,1,29.99,0,29.99,6.99,,False,2
ORD-14229,2024-08-09,Pixel Quest,Family,Amazon,Northeast,1,21.24,15,21.24,0.0,Holiday Sale,False,
ORD-14230,2024-06-15,Cosmic Blitz,Party,Amazon,Southeast,4,13.99,30,55.96,0.0,Clearance,False,5
ORD-14231,2024-12-27,Battle Bots Arena,Strategy,Target,Southwest,2,33.99,15,67.98,0.0,Bundle Deal,False,5
ORD-14232,2024-03-20,Cosmic Blitz,Party,Amazon,Southeast,1,14.99,25,14.99,0.0,Holiday Sale,False,
ORD-14233,2024-12-23,Dungeon Dash,Strategy,Shopify Direct,Northeast,3,29.74,15,89.22,0,Holiday Sale,False,3
ORD-14234,2024-04-29,Cosmic Blitz,Party,Shopify Direct,Midwest,3,15.99,20,47.97,0,Flash Sale,True,
ORD-14235,2024-05-17,Realm Builders,Strategy,Shopify Direct,Midwest,1,44.99,0,44.99,6.99,,False,4
ORD-14236,2024-12-23,Dungeon Dash,Strategy,Shopify Direct,Midwest,2,34.99,0,69.98,0,,False,
ORD-14237,2024-07-20,Monster Madness,Family,Amazon,West,2,22.99,0,45.98,0.0,,False,4
ORD-14238,2024-07-13,Speed Stacks,Party,Amazon,Midwest,1,12.99,0,12.99,0.0,,False,5
ORD-14239,2024-12-04,Cosmic Blitz,Party,Target,West,2,17.99,10,35.98,0.0,Bundle Deal,False,
ORD-14240,2024-07-07,Trivia Tornado,Party,Shopify Direct,Midwest,3,14.99,0,44.97,0,,False,5
ORD-14241,2024-09-16,Monster Madness,Family,Shopify Direct,Southeast,1,16.09,30,16.09,6.99,Flash Sale,False,4
ORD-14242,2024-05-16,Cosmic Blitz,Party,Walmart,West,3,19.99,0,59.97,0.0,,True,
ORD-14243,2024-04-25,Trivia Tornado,Party,Amazon,Southwest,1,14.99,0,14.99,0.0,,False,
ORD-14244,2024-06-25,Pixel Quest,Family,Target,Southeast,2,24.99,0,49.98,0.0,,False,5
ORD-14245,2024-11-29,Ocean Explorer,Children,Walmart,Southwest,1,19.99,0,19.99,0.0,,False,5
ORD-14246,2024-07-24,Cosmic Blitz,Party,Shopify Direct,Southeast,1,11.99,40,11.99,0,Clearance,False,4
ORD-14247,2024-04-29,Battle Bots Arena,Strategy,Walmart,Midwest,1,39.99,0,39.99,0.0,,False,
ORD-14248,2024-02-25,Battle Bots Arena,Strategy,Board Game Geek Store,Midwest,1,20.0,50,20.0,0.0,Clearance,False,
ORD-14249,2024-02-23,Chess Evolved,Strategy,Amazon,Midwest,2,25.49,15,50.98,0.0,Bundle Deal,False,
ORD-14250,2024-12-02,Code Breakers,Strategy,Shopify Direct,West,2,25.19,10,50.38,0,Bundle Deal,False,
ORD-14251,2024-07-31,Cosmic Blitz,Party,Target,Northeast,1,19.99,0,19.99,0.0,New Release,True,
ORD-14252,2024-12-16,Pixel Quest,Family,Target,Southeast,1,24.99,0,24.99,0.0,,False,4
ORD-14253,2024-06-11,Trivia Tornado,Party,Walmart,Southeast,2,14.99,0,29.98,0.0,,False,4
ORD-14254,2024-01-11,Kiddo Kingdom,Children,Amazon,West,3,17.99,0,53.97,0.0,New Release,False,4
ORD-14255,2024-02-28,Pixel Quest,Family,Amazon,Northeast,3,17.49,30,52.47,0.0,Clearance,False,3
ORD-14256,2024-11-11,Cosmic Blitz,Party,Amazon,Southeast,1,11.99,40,11.99,0.0,Clearance,True,
ORD-14257,2024-12-23,Cosmic Blitz,Party,Amazon,Northeast,2,19.99,0,39.98,0.0,,False,2
ORD-14258,2024-03-15,Pixel Quest,Family,Walmart,Midwest,4,19.99,20,79.96,0.0,Flash Sale,False,4
ORD-14259,2024-08-07,Monster Madness,Family,Amazon,West,1,18.39,20,18.39,0.0,Holiday Sale,True,
ORD-14260,2024-11-09,Kiddo Kingdom,Children,Target,West,1,17.99,0,17.99,0.0,,False,
ORD-14261,2024-01-14,Speed Stacks,Party,Walmart,Midwest,1,12.99,0,12.99,0.0,New Release,False,5
ORD-14262,2024-11-25,Cosmic Blitz,Party,Shopify Direct,West,1,19.99,0,19.99,6.99,,False,
ORD-14263,2024-07-01,Cosmic Blitz,Party,Amazon,West,2,19.99,0,39.98,0.0,,False,3
ORD-14264,2024-12-29,Trivia Tornado,Party,Shopify Direct,Southeast,2,13.49,10,26.98,0,Bundle Deal,True,
ORD-14265,2024-03-10,Code Breakers,Strategy,Shopify Direct,West,1,16.79,40,16.79,0,Clearance,False,5
ORD-14266,2024-02-04,Dungeon Dash,Strategy,Amazon,West,1,34.99,0,34.99,0.0,,False,
ORD-14267,2024-11-20,Code Breakers,Strategy,Target,Northeast,2,27.99,0,55.98,0.0,,False,3
ORD-14268,2024-10-14,Cosmic Blitz,Party,Shopify Direct,Northeast,2,19.99,0,39.98,0,,False,
ORD-14269,2024-06-15,Code Breakers,Strategy,Walmart,Southeast,2,19.59,30,39.18,0.0,Clearance,False,5
ORD-14270,2024-10-27,Pixel Quest,Family,Amazon,Southwest,1,24.99,0,24.99,0.0,,False,
ORD-14271,2024-10-17,Monster Madness,Family,Board Game Geek Store,Midwest,2,18.39,20,36.78,0.0,Holiday Sale,True,
ORD-14272,2024-04-15,Cosmic Blitz,Party,Shopify Direct,Midwest,1,11.99,40,11.99,0,Clearance,False,1
ORD-14273,2024-06-23,Kiddo Kingdom,Children,Amazon,Northeast,2,17.99,0,35.98,0.0,,False,4
ORD-14274,2024-04-05,Trivia Tornado,Party,Walmart,Midwest,1,14.99,0,14.99,0.0,,False,
ORD-14275,2024-05-31,Realm Builders,Strategy,Amazon,Midwest,1,44.99,0,44.99,0.0,,False,4
ORD-14276,2024-07-19,Dungeon Dash,Strategy,Amazon,Midwest,3,34.99,0,104.97,0.0,,False,3
ORD-14277,2024-11-18,Code Breakers,Strategy,Target,Midwest,1,16.79,40,16.79,0.0,Clearance,False,
ORD-14278,2024-05-01,Ocean Explorer,Children,Shopify Direct,Southeast,2,19.99,0,39.98,0,,False,4
ORD-14279,2024-12-07,Speed Stacks,Party,Amazon,West,1,9.74,25,9.74,0.0,Holiday Sale,False,4
ORD-14280,2024-03-08,Ocean Explorer,Children,Walmart,Northeast,1,13.99,30,13.99,0.0,Clearance,False,
ORD-14281,2024-01-31,Chess Evolved,Strategy,Shopify Direct,Southeast,1,17.99,40,17.99,6.99,Clearance,False,
ORD-14282,2024-06-10,Cosmic Blitz,Party,Walmart,Southwest,1,14.99,25,14.99,0.0,Holiday Sale,False,4
ORD-14283,2024-03-28,Kiddo Kingdom,Children,Walmart,West,1,17.99,0,17.99,0.0,,False,4
ORD-14284,2024-01-03,Chess Evolved,Strategy,Target,Southeast,1,20.99,30,20.99,0.0,Clearance,False,
ORD-14285,2024-10-22,Chess Evolved,Strategy,Shopify Direct,West,1,17.99,40,17.99,0,Clearance,False,4
ORD-14286,2024-06-08,Kiddo Kingdom,Children,Amazon,West,1,8.99,50,8.99,0.0,Clearance,False,
ORD-14287,2024-03-13,Cosmic Blitz,Party,Shopify Direct,West,1,13.99,30,13.99,0,Clearance,False,
ORD-14288,2024-01-20,Trivia Tornado,Party,Walmart,Northeast,1,8.99,40,8.99,0.0,Clearance,False,5
ORD-14289,2024-12-28,Realm Builders,Strategy,Shopify Direct,West,3,38.24,15,114.72,0,Holiday Sale,False,3
ORD-14290,2024-09-29,Dungeon Dash,Strategy,Amazon,Southeast,1,34.99,0,34.99,0.0,,False,4
ORD-14291,2024-08-13,Ocean Explorer,Children,Amazon,Midwest,1,19.99,0,19.99,0.0,,False,4
ORD-14292,2024-08-14,Trivia Tornado,Party,Amazon,Midwest,2,13.49,10,26.98,0.0,Bundle Deal,False,3
ORD-14293,2024-10-30,Chess Evolved,Strategy,Board Game Geek Store,Southeast,2,25.49,15,50.98,0.0,Bundle Deal,False,
ORD-14294,2024-06-11,Battle Bots Arena,Strategy,Board Game Geek Store,Northeast,2,39.99,0,79.98,0.0,New Release,False,4
ORD-14295,2024-11-07,Pixel Quest,Family,Amazon,Southwest,2,24.99,0,49.98,0.0,New Release,False,4
ORD-14296,2024-07-03,Kiddo Kingdom,Children,Walmart,Northeast,2,16.19,10,32.38,0.0,Bundle Deal,False,4
ORD-14297,2024-06-21,Cosmic Blitz,Party,Shopify Direct,Southeast,1,14.99,25,14.99,6.99,Holiday Sale,False,
ORD-14298,2024-01-12,Chess Evolved,Strategy,Board Game Geek Store,Southeast,1,29.99,0,29.99,0.0,,False,
ORD-14299,2024-04-03,Monster Madness,Family,Walmart,Northeast,1,19.54,15,19.54,0.0,Holiday Sale,False,5
ORD-14300,2024-05-29,Code Breakers,Strategy,Walmart,Midwest,3,27.99,0,83.97,0.0,,False,5
ORD-14301,2024-05-02,Ocean Explorer,Children,Amazon,Southeast,1,19.99,0,19.99,0.0,,False,
ORD-14302,2024-05-08,Speed Stacks,Party,Shopify Direct,Northeast,1,12.99,0,12.99,6.99,,False,
ORD-14303,2024-12-28,Speed Stacks,Party,Amazon,West,1,12.99,0,12.99,0.0,,True,
ORD-14304,2024-01-31,Monster Madness,Family,Target,Southeast,1,22.99,0,22.99,0.0,New Release,False,2
ORD-14305,2024-06-13,Speed Stacks,Party,Shopify Direct,Southwest,1,6.5,50,6.5,0,Clearance,False,4
ORD-14306,2024-02-04,Cosmic Blitz,Party,Board Game Geek Store,Midwest,1,15.99,20,15.99,0.0,Flash Sale,False,
ORD-14307,2024-08-11,Trivia Tornado,Party,Amazon,Southeast,2,14.99,0,29.98,0.0,,False,4
ORD-14308,2024-02-08,Trivia Tornado,Party,Amazon,Southeast,1,14.99,0,14.99,0.0,New Release,False,4
ORD-14309,2024-07-19,Dungeon Dash,Strategy,Shopify Direct,Southeast,1,20.99,40,20.99,0,Clearance,False,5
ORD-14310,2024-10-28,Trivia Tornado,Party,Shopify Direct,Northeast,2,10.49,30,20.98,4.99,Flash Sale,False,5
ORD-14311,2024-10-12,Chess Evolved,Strategy,Amazon,Northeast,1,29.99,0,29.99,0.0,New Release,False,3
ORD-14312,2024-12-03,Speed Stacks,Party,Walmart,Midwest,2,7.79,40,15.58,0.0,Clearance,False,
ORD-14313,2024-04-02,Kiddo Kingdom,Children,Target,Southeast,1,17.99,0,17.99,0.0,,False,
ORD-14314,2024-05-12,Dungeon Dash,Strategy,Walmart,Midwest,3,26.24,25,78.72,0.0,Holiday Sale,False,
ORD-14315,2024-06-17,Monster Madness,Family,Walmart,Northeast,2,19.54,15,39.08,0.0,Bundle Deal,True,
ORD-14316,2024-07-22,Trivia Tornado,Party,Target,West,1,14.99,0,14.99,0.0,,False,5
ORD-14317,2024-11-06,Pixel Quest,Family,Shopify Direct,Southeast,1,19.99,20,19.99,0,Flash Sale,False,
ORD-14318,2024-09-22,Cosmic Blitz,Party,Walmart,Midwest,1,19.99,0,19.99,0.0,,False,5
ORD-14319,2024-05-02,Kiddo Kingdom,Children,Amazon,Southwest,2,16.19,10,32.38,0.0,Bundle Deal,False,
ORD-14320,2024-10-01,Speed Stacks,Party,Amazon,Southeast,1,12.99,0,12.99,0.0,,False,3
ORD-14321,2024-03-30,Chess Evolved,Strategy,Amazon,West,1,20.99,30,20.99,0.0,Flash Sale,False,5
ORD-14322,2024-10-01,Speed Stacks,Party,Amazon,Southwest,1,12.99,0,12.99,0.0,New Release,False,
ORD-14323,2024-02-13,Kiddo Kingdom,Children,Shopify Direct,Northeast,1,15.29,15,15.29,0,Holiday Sale,False,4
ORD-14324,2024-06-08,Code Breakers,Strategy,Walmart,Midwest,1,16.79,40,16.79,0.0,Clearance,False,5
ORD-14325,2024-04-02,Realm Builders,Strategy,Shopify Direct,Midwest,2,38.24,15,76.48,0,Bundle Deal,False,
ORD-14326,2024-10-09,Dungeon Dash,Strategy,Walmart,Northeast,2,34.99,0,69.98,0.0,,False,5
ORD-14327,2024-06-19,Trivia Tornado,Party,Amazon,Northeast,3,14.99,0,44.97,0.0,,False,5
ORD-14328,2024-11-13,Speed Stacks,Party,Amazon,Southeast,2,11.69,10,23.38,0.0,Bundle Deal,False,5
ORD-14329,2024-06-26,Speed Stacks,Party,Shopify Direct,Northeast,1,12.99,0,12.99,0,,False,3
ORD-14330,2024-01-01,Trivia Tornado,Party,Amazon,Midwest,1,12.74,15,12.74,0.0,Holiday Sale,False,
ORD-14331,2024-06-01,Realm Builders,Strategy,Shopify Direct,Northeast,2,44.99,0,89.98,6.99,,False,4
ORD-14332,2024-07-03,Code Breakers,Strategy,Walmart,West,1,27.99,0,27.99,0.0,,True,
ORD-14333,2024-08-18,Realm Builders,Strategy,Target,Northeast,1,31.49,30,31.49,0.0,Flash Sale,False,5
ORD-14334,2024-09-02,Trivia Tornado,Party,Walmart,Northeast,1,14.99,0,14.99,0.0,,True,
ORD-14335,2024-04-20,Trivia Tornado,Party,Target,West,2,14.99,0,29.98,0.0,New Release,False,5
ORD-14336,2024-08-09,Cosmic Blitz,Party,Walmart,West,4,16.99,15,67.96,0.0,Bundle Deal,False,3
ORD-14337,2024-12-04,Ocean Explorer,Children,Walmart,West,2,14.99,25,29.98,0.0,Holiday Sale,False,5
ORD-14338,2024-01-12,Speed Stacks,Party,Shopify Direct,Northeast,1,12.99,0,12.99,0,,False,
ORD-14339,2024-04-18,Monster Madness,Family,Target,Southeast,1,22.99,0,22.99,0.0,New Release,False,5
ORD-14340,2024-03-09,Speed Stacks,Party,Amazon,Southwest,1,12.99,0,12.99,0.0,,False,
ORD-14341,2024-11-01,Speed Stacks,Party,Target,Northeast,2,9.09,30,18.18,0.0,Flash Sale,False,4
ORD-14342,2024-02-01,Code Breakers,Strategy,Board Game Geek Store,Midwest,3,27.99,0,83.97,0.0,,False,
ORD-14343,2024-01-16,Battle Bots Arena,Strategy,Walmart,West,2,39.99,0,79.98,0.0,,False,
ORD-14344,2024-04-12,Speed Stacks,Party,Amazon,Southwest,1,9.09,30,9.09,0.0,Flash Sale,False,5
ORD-14345,2024-02-25,Battle Bots Arena,Strategy,Amazon,Southeast,1,39.99,0,39.99,0.0,,False,
ORD-14346,2024-02-25,Kiddo Kingdom,Children,Target,Southwest,1,17.99,0,17.99,0.0,,False,4
ORD-14347,2024-08-01,Realm Builders,Strategy,Walmart,Northeast,3,31.49,30,94.47,0.0,Flash Sale,False,4
ORD-14348,2024-02-08,Trivia Tornado,Party,Shopify Direct,Northeast,1,11.24,25,11.24,0,Holiday Sale,True,
ORD-14349,2024-07-05,Monster Madness,Family,Board Game Geek Store,Midwest,2,22.99,0,45.98,0.0,New Release,False,5
ORD-14350,2024-07-30,Pixel Quest,Family,Amazon,Northeast,1,24.99,0,24.99,0.0,,False,5
ORD-14351,2024-06-06,Monster Madness,Family,Board Game Geek Store,Midwest,2,22.99,0,45.98,0.0,,False,5
ORD-14352,2024-01-23,Cosmic Blitz,Party,Target,Southeast,1,19.99,0,19.99,0.0,,False,4
ORD-14353,2024-05-24,Realm Builders,Strategy,Walmart,Southwest,2,40.49,10,80.98,0.0,Bundle Deal,False,
ORD-14354,2024-04-14,Kiddo Kingdom,Children,Walmart,Northeast,1,17.99,0,17.99,0.0,,False,
ORD-14355,2024-12-17,Dungeon Dash,Strategy,Target,Southwest,1,24.49,30,24.49,0.0,Flash Sale,False,
ORD-14356,2024-04-06,Kiddo Kingdom,Children,Amazon,Northeast,4,17.99,0,71.96,0.0,,False,
ORD-14357,2024-06-15,Chess Evolved,Strategy,Target,Midwest,2,29.99,0,59.98,0.0,,False,4
ORD-14358,2024-03-19,Dungeon Dash,Strategy,Board Game Geek Store,West,2,29.74,15,59.48,0.0,Bundle Deal,False,4
ORD-14359,2024-02-09,Speed Stacks,Party,Amazon,Northeast,1,12.99,0,12.99,0.0,,False,2
ORD-14360,2024-05-04,Code Breakers,Strategy,Walmart,Northeast,2,27.99,0,55.98,0.0,,True,
ORD-14361,2024-07-02,Monster Madness,Family,Walmart,West,2,17.24,25,34.48,0.0,Holiday Sale,False,
ORD-14362,2024-10-25,Cosmic Blitz,Party,Amazon,Southeast,2,13.99,30,27.98,0.0,Clearance,False,2
ORD-14363,2024-05-17,Pixel Quest,Family,Board Game Geek Store,West,2,24.99,0,49.98,0.0,New Release,False,
ORD-14364,2024-12-04,Pixel Quest,Family,Amazon,Midwest,1,17.49,30,17.49,0.0,Clearance,False,
ORD-14365,2024-04-29,Pixel Quest,Family,Walmart,Northeast,1,19.99,20,19.99,0.0,Flash Sale,False,2
ORD-14366,2024-07-30,Battle Bots Arena,Strategy,Shopify Direct,Midwest,3,39.99,0,119.97,0,,False,4
ORD-14367,2024-12-22,Trivia Tornado,Party,Shopify Direct,Southeast,4,7.5,50,30.0,0,Clearance,False,4
ORD-14368,2024-11-27,Battle Bots Arena,Strategy,Shopify Direct,Southeast,2,33.99,15,67.98,0,Bundle Deal,False,4
ORD-14369,2024-09-06,Kiddo Kingdom,Children,Amazon,Southwest,1,17.99,0,17.99,0.0,,False,
ORD-14370,2024-05-18,Pixel Quest,Family,Walmart,Southeast,1,24.99,0,24.99,0.0,,False,3
ORD-14371,2024-09-08,Cosmic Blitz,Party,Amazon,Southwest,3,15.99,20,47.97,0.0,Flash Sale,False,
ORD-14372,2024-10-20,Chess Evolved,Strategy,Target,Southwest,1,23.99,20,23.99,0.0,Flash Sale,False,5
ORD-14373,2024-07-07,Trivia Tornado,Party,Amazon,Southeast,1,14.99,0,14.99,0.0,New Release,False,3
ORD-14374,2024-11-25,Monster Madness,Family,Shopify Direct,Northeast,1,22.99,0,22.99,0,,False,
ORD-14375,2024-02-24,Monster Madness,Family,Amazon,Southeast,1,16.09,30,16.09,0.0,Flash Sale,False,5
ORD-14376,2024-07-13,Pixel Quest,Family,Amazon,Northeast,1,24.99,0,24.99,0.0,,False,1
ORD-14377,2024-02-29,Dungeon Dash,Strategy,Shopify Direct,West,2,31.49,10,62.98,0,Bundle Deal,False,5
ORD-14378,2024-07-09,Realm Builders,Strategy,Target,Northeast,1,44.99,0,44.99,0.0,New Release,False,5
ORD-14379,2024-08-06,Realm Builders,Strategy,Shopify Direct,Midwest,1,44.99,0,44.99,4.99,New Release,False,
ORD-14380,2024-06-05,Pixel Quest,Family,Amazon,Northeast,1,14.99,40,14.99,0.0,Clearance,False,3
ORD-14381,2024-04-07,Cosmic Blitz,Party,Shopify Direct,Northeast,1,19.99,0,19.99,0,,False,4
ORD-14382,2024-12-02,Trivia Tornado,Party,Amazon,Northeast,1,14.99,0,14.99,0.0,New Release,False,
ORD-14383,2024-05-24,Ocean Explorer,Children,Amazon,Midwest,1,19.99,0,19.99,0.0,,False,5
ORD-14384,2024-04-28,Trivia Tornado,Party,Board Game Geek Store,Northeast,4,14.99,0,59.96,0.0,New Release,False,5
ORD-14385,2024-10-25,Chess Evolved,Strategy,Amazon,Southwest,2,23.99,20,47.98,0.0,Flash Sale,False,4
ORD-14386,2024-08-20,Kiddo Kingdom,Children,Target,Midwest,1,12.59,30,12.59,0.0,Flash Sale,True,
ORD-14387,2024-03-07,Speed Stacks,Party,Walmart,Southeast,2,11.04,15,22.08,0.0,Bundle Deal,False,
ORD-14388,2024-08-16,Cosmic Blitz,Party,Walmart,Midwest,2,19.99,0,39.98,0.0,,False,
ORD-14389,2024-11-17,Speed Stacks,Party,Target,Midwest,2,11.04,15,22.08,0.0,Bundle Deal,True,
ORD-14390,2024-09-17,Kiddo Kingdom,Children,Amazon,Southeast,1,14.39,20,14.39,0.0,Holiday Sale,False,
ORD-14391,2024-05-26,Speed Stacks,Party,Target,West,1,12.99,0,12.99,0.0,,False,5
ORD-14392,2024-05-31,Speed Stacks,Party,Shopify Direct,Midwest,2,11.04,15,22.08,4.99,Bundle Deal,False,5
ORD-14393,2024-11-24,Pixel Quest,Family,Shopify Direct,West,1,17.49,30,17.49,0,Flash Sale,False,5
ORD-14394,2024-06-20,Speed Stacks,Party,Walmart,Southeast,1,12.99,0,12.99,0.0,New Release,False,4
ORD-14395,2024-08-14,Monster Madness,Family,Target,Midwest,1,19.54,15,19.54,0.0,Holiday Sale,False,3
ORD-14396,2024-05-14,Chess Evolved,Strategy,Board Game Geek Store,Midwest,1,29.99,0,29.99,0.0,,False,4
ORD-14397,2024-12-19,Dungeon Dash,Strategy,Amazon,West,3,34.99,0,104.97,0.0,,False,
ORD-14398,2024-09-12,Monster Madness,Family,Amazon,Southeast,3,13.79,40,41.37,0.0,Clearance,False,
ORD-14399,2024-05-18,Realm Builders,Strategy,Shopify Direct,Northeast,1,44.99,0,44.99,4.99,,False,4
ORD-14400,2024-10-19,Trivia Tornado,Party,Amazon,Northeast,1,14.99,0,14.99,0.0,,False,4
ORD-14401,2024-11-14,Ocean Explorer,Children,Shopify Direct,Southeast,1,16.99,15,16.99,0,Holiday Sale,False,5
ORD-14402,2024-11-14,Cosmic Blitz,Party,Amazon,Northeast,2,19.99,0,39.98,0.0,,False,5
ORD-14403,2024-06-20,Ocean Explorer,Children,Shopify Direct,Southeast,1,15.99,20,15.99,6.99,Holiday Sale,False,3
ORD-14404,2024-12-12,Cosmic Blitz,Party,Shopify Direct,Southeast,1,19.99,0,19.99,6.99,,False,
ORD-14405,2024-03-14,Cosmic Blitz,Party,Target,Northeast,3,19.99,0,59.97,0.0,New Release,False,
ORD-14406,2024-04-01,Ocean Explorer,Children,Shopify Direct,Southeast,1,16.99,15,16.99,6.99,Holiday Sale,False,5
ORD-14407,2024-04-01,Speed Stacks,Party,Target,Northeast,2,12.99,0,25.98,0.0,,False,3
ORD-14408,2024-10-14,Monster Madness,Family,Board Game Geek Store,Southwest,3,17.24,25,51.72,0.0,Holiday Sale,False,
ORD-14409,2024-07-22,Dungeon Dash,Strategy,Shopify Direct,Southeast,2,34.99,0,69.98,0,New Release,False,4
ORD-14410,2024-09-21,Pixel Quest,Family,Target,Northeast,1,24.99,0,24.99,0.0,,False,4
ORD-14411,2024-03-25,Chess Evolved,Strategy,Amazon,Southeast,2,29.99,0,59.98,0.0,,False,3
ORD-14412,2024-11-08,Trivia Tornado,Party,Amazon,Northeast,2,14.99,0,29.98,0.0,,False,5
ORD-14413,2024-03-07,Chess Evolved,Strategy,Amazon,Midwest,1,29.99,0,29.99,0.0,,False,
ORD-14414,2024-02-09,Code Breakers,Strategy,Walmart,West,1,27.99,0,27.99,0.0,New Release,False,3
ORD-14415,2024-12-04,Speed Stacks,Party,Walmart,Southeast,1,12.99,0,12.99,0.0,,False,4
ORD-14416,2024-01-17,Monster Madness,Family,Shopify Direct,Southwest,1,18.39,20,18.39,0,Holiday Sale,False,
ORD-14417,2024-04-05,Battle Bots Arena,Strategy,Amazon,Midwest,2,27.99,30,55.98,0.0,Clearance,False,
ORD-14418,2024-02-13,Kiddo Kingdom,Children,Amazon,Southeast,2,15.29,15,30.58,0.0,Holiday Sale,False,
ORD-14419,2024-02-29,Pixel Quest,Family,Shopify Direct,Southeast,1,24.99,0,24.99,0,,False,
ORD-14420,2024-05-29,Ocean Explorer,Children,Walmart,Northeast,2,19.99,0,39.98,0.0,,False,4
ORD-14421,2024-10-09,Speed Stacks,Party,Shopify Direct,Southwest,1,7.79,40,7.79,0,Clearance,False,
ORD-14422,2024-09-23,Battle Bots Arena,Strategy,Target,Southeast,1,33.99,15,33.99,0.0,Holiday Sale,False,4
ORD-14423,2024-04-21,Trivia Tornado,Party,Walmart,Southeast,1,14.99,0,14.99,0.0,,False,4
ORD-14424,2024-11-25,Kiddo Kingdom,Children,Amazon,Midwest,1,15.29,15,15.29,0.0,Holiday Sale,True,
ORD-14425,2024-07-05,Dungeon Dash,Strategy,Amazon,Southeast,2,29.74,15,59.48,0.0,Bundle Deal,False,
ORD-14426,2024-10-13,Ocean Explorer,Children,Shopify Direct,Northeast,1,19.99,0,19.99,4.99,,False,5
ORD-14427,2024-04-26,Kiddo Kingdom,Children,Walmart,West,4,15.29,15,61.16,0.0,Bundle Deal,False,4
ORD-14428,2024-05-06,Ocean Explorer,Children,Walmart,Southwest,1,19.99,0,19.99,0.0,,False,4
ORD-14429,2024-09-20,Battle Bots Arena,Strategy,Target,Midwest,1,27.99,30,27.99,0.0,Clearance,False,5
ORD-14430,2024-10-14,Code Breakers,Strategy,Amazon,Midwest,1,27.99,0,27.99,0.0,,False,
ORD-14431,2024-06-03,Pixel Quest,Family,Shopify Direct,Midwest,1,24.99,0,24.99,4.99,New Release,False,
ORD-14432,2024-12-29,Cosmic Blitz,Party,Target,Northeast,1,15.99,20,15.99,0.0,Flash Sale,False,3
ORD-14433,2024-04-06,Speed Stacks,Party,Amazon,Southwest,1,10.39,20,10.39,0.0,Flash Sale,False,
ORD-14434,2024-02-05,Trivia Tornado,Party,Shopify Direct,Northeast,3,11.99,20,35.97,4.99,Flash Sale,False,5
ORD-14435,2024-06-23,Speed Stacks,Party,Amazon,Northeast,1,6.5,50,6.5,0.0,Clearance,False,
ORD-14436,2024-02-17,Chess Evolved,Strategy,Amazon,Southwest,1,29.99,0,29.99,0.0,New Release,False,
ORD-14437,2024-02-14,Kiddo Kingdom,Children,Board Game Geek Store,Southeast,1,17.99,0,17.99,0.0,,False,
ORD-14438,2024-12-06,Speed Stacks,Party,Amazon,Southwest,1,7.79,40,7.79,0.0,Clearance,False,
ORD-14439,2024-06-30,Monster Madness,Family,Board Game Geek Store,Midwest,3,13.79,40,41.37,0.0,Clearance,False,5
ORD-14440,2024-03-11,Cosmic Blitz,Party,Amazon,West,2,15.99,20,31.98,0.0,Flash Sale,False,5
ORD-14441,2024-05-17,Monster Madness,Family,Board Game Geek Store,Southeast,1,16.09,30,16.09,0.0,Clearance,False,4
ORD-14442,2024-05-19,Pixel Quest,Family,Amazon,West,1,24.99,0,24.99,0.0,,False,5
ORD-14443,2024-04-08,Battle Bots Arena,Strategy,Amazon,West,2,39.99,0,79.98,0.0,,False,4
ORD-14444,2024-08-20,Dungeon Dash,Strategy,Amazon,Southwest,1,27.99,20,27.99,0.0,Flash Sale,False,3
ORD-14445,2024-02-21,Realm Builders,Strategy,Walmart,Southeast,3,31.49,30,94.47,0.0,Flash Sale,False,
ORD-14446,2024-12-28,Cosmic Blitz,Party,Walmart,Southwest,1,19.99,0,19.99,0.0,,False,5
ORD-14447,2024-05-13,Trivia Tornado,Party,Amazon,Southeast,1,12.74,15,12.74,0.0,Holiday Sale,False,
ORD-14448,2024-03-26,Pixel Quest,Family,Target,Midwest,3,24.99,0,74.97,0.0,,True,
ORD-14449,2024-11-26,Kiddo Kingdom,Children,Walmart,Southeast,1,17.99,0,17.99,0.0,,False,4
ORD-14450,2024-08-23,Kiddo Kingdom,Children,Shopify Direct,West,1,17.99,0,17.99,0,,False,4
ORD-14451,2024-11-05,Ocean Explorer,Children,Amazon,West,1,16.99,15,16.99,0.0,Holiday Sale,False,
ORD-14452,2024-07-31,Chess Evolved,Strategy,Amazon,Southeast,1,20.99,30,20.99,0.0,Clearance,False,4
ORD-14453,2024-12-08,Speed Stacks,Party,Target,Southeast,1,12.99,0,12.99,0.0,New Release,False,4
ORD-14454,2024-02-09,Cosmic Blitz,Party,Shopify Direct,Midwest,2,17.99,10,35.98,0,Bundle Deal,False,5
ORD-14455,2024-08-06,Pixel Quest,Family,Amazon,Northeast,1,21.24,15,21.24,0.0,Holiday Sale,False,
ORD-14456,2024-11-26,Trivia Tornado,Party,Board Game Geek Store,Midwest,1,7.5,50,7.5,0.0,Clearance,False,
ORD-14457,2024-02-29,Kiddo Kingdom,Children,Amazon,Southeast,1,17.99,0,17.99,0.0,,False,5
ORD-14458,2024-05-13,Pixel Quest,Family,Amazon,West,2,22.49,10,44.98,0.0,Bundle Deal,False,
ORD-14459,2024-09-01,Realm Builders,Strategy,Amazon,Southeast,1,44.99,0,44.99,0.0,,False,3
ORD-14460,2024-12-03,Monster Madness,Family,Shopify Direct,Southeast,2,17.24,25,34.48,6.99,Holiday Sale,False,5
ORD-14461,2024-04-05,Ocean Explorer,Children,Amazon,Midwest,1,15.99,20,15.99,0.0,Holiday Sale,False,5
ORD-14462,2024-12-09,Kiddo Kingdom,Children,Target,Midwest,2,12.59,30,25.18,0.0,Clearance,False,4
ORD-14463,2024-12-02,Pixel Quest,Family,Walmart,West,1,24.99,0,24.99,0.0,New Release,False,4
ORD-14464,2024-02-09,Chess Evolved,Strategy,Amazon,West,1,22.49,25,22.49,0.0,Holiday Sale,False,
ORD-14465,2024-11-06,Cosmic Blitz,Party,Amazon,Northeast,1,15.99,20,15.99,0.0,Flash Sale,False,4
ORD-14466,2024-08-24,Code Breakers,Strategy,Shopify Direct,Southeast,1,27.99,0,27.99,0,,False,
ORD-14467,2024-11-11,Cosmic Blitz,Party,Amazon,Midwest,1,19.99,0,19.99,0.0,,False,4
ORD-14468,2024-08-24,Speed Stacks,Party,Amazon,Southwest,1,9.09,30,9.09,0.0,Flash Sale,False,5
ORD-14469,2024-07-08,Monster Madness,Family,Shopify Direct,West,4,22.99,0,91.96,4.99,,False,
ORD-14470,2024-08-08,Speed Stacks,Party,Target,Northeast,1,12.99,0,12.99,0.0,New Release,False,
ORD-14471,2024-06-13,Monster Madness,Family,Shopify Direct,Southeast,1,22.99,0,22.99,0,,False,3
ORD-14472,2024-04-26,Speed Stacks,Party,Amazon,West,1,12.99,0,12.99,0.0,,False,5
ORD-14473,2024-03-12,Pixel Quest,Family,Amazon,West,1,24.99,0,24.99,0.0,,True,
ORD-14474,2024-07-01,Speed Stacks,Party,Amazon,Southeast,3,12.99,0,38.97,0.0,New Release,False,5
ORD-14475,2024-07-08,Cosmic Blitz,Party,Shopify Direct,West,1,19.99,0,19.99,6.99,New Release,False,
ORD-14476,2024-06-09,Kiddo Kingdom,Children,Amazon,West,1,15.29,15,15.29,0.0,Holiday Sale,False,
ORD-14477,2024-10-12,Realm Builders,Strategy,Walmart,Southeast,1,44.99,0,44.99,0.0,,False,3
ORD-14478,2024-05-30,Pixel Quest,Family,Amazon,Southeast,2,21.24,15,42.48,0.0,Bundle Deal,False,4
ORD-14479,2024-10-16,Battle Bots Arena,Strategy,Board Game Geek Store,Northeast,1,39.99,0,39.99,0.0,New Release,False,
ORD-14480,2024-04-09,Code Breakers,Strategy,Walmart,Southwest,2,27.99,0,55.98,0.0,,False,
ORD-14481,2024-08-20,Code Breakers,Strategy,Amazon,Southwest,1,27.99,0,27.99,0.0,,False,1
ORD-14482,2024-10-18,Pixel Quest,Family,Amazon,Midwest,1,24.99,0,24.99,0.0,,False,
ORD-14483,2024-02-01,Pixel Quest,Family,Target,Southwest,1,12.49,50,12.49,0.0,Clearance,False,
ORD-14484,2024-12-11,Speed Stacks,Party,Target,Southeast,2,10.39,20,20.78,0.0,Holiday Sale,False,2
ORD-14485,2024-12-14,Cosmic Blitz,Party,Amazon,West,1,13.99,30,13.99,0.0,Clearance,False,4
ORD-14486,2024-12-05,Pixel Quest,Family,Shopify Direct,Southeast,1,24.99,0,24.99,4.99,,False,
ORD-14487,2024-11-14,Realm Builders,Strategy,Walmart,Midwest,1,33.74,25,33.74,0.0,Holiday Sale,False,
ORD-14488,2024-07-11,Monster Madness,Family,Walmart,Northeast,3,22.99,0,68.97,0.0,,True,
ORD-14489,2024-09-03,Cosmic Blitz,Party,Shopify Direct,Southeast,3,15.99,20,47.97,6.99,Flash Sale,False,3
ORD-14490,2024-07-19,Chess Evolved,Strategy,Shopify Direct,Northeast,3,20.99,30,62.97,6.99,Flash Sale,False,1
ORD-14491,2024-12-24,Ocean Explorer,Children,Walmart,West,2,16.99,15,33.98,0.0,Bundle Deal,False,4
ORD-14492,2024-10-31,Trivia Tornado,Party,Amazon,Northeast,2,14.99,0,29.98,0.0,New Release,True,
ORD-14493,2024-03-09,Code Breakers,Strategy,Shopify Direct,Southeast,1,27.99,0,27.99,6.99,,False,
ORD-14494,2024-11-17,Battle Bots Arena,Strategy,Amazon,Northeast,3,33.99,15,101.97,0.0,Holiday Sale,True,
ORD-14495,2024-01-27,Chess Evolved,Strategy,Shopify Direct,Northeast,4,29.99,0,119.96,4.99,New Release,False,
ORD-14496,2024-08-17,Trivia Tornado,Party,Board Game Geek Store,Northeast,1,14.99,0,14.99,0.0,,False,5
ORD-14497,2024-12-01,Cosmic Blitz,Party,Amazon,Northeast,1,19.99,0,19.99,0.0,New Release,False,4
ORD-14498,2024-11-08,Ocean Explorer,Children,Shopify Direct,Southeast,1,16.99,15,16.99,6.99,Holiday Sale,False,
ORD-14499,2024-11-23,Monster Madness,Family,Amazon,Southeast,1,22.99,0,22.99,0.0,,False,
ORD-14500,2024-06-15,Speed Stacks,Party,Amazon,Southwest,2,11.69,10,23.38,0.0,Bundle Deal,False,5
ORD-14501,2024-08-12,Cosmic Blitz,Party,Shopify Direct,Midwest,2,19.99,0,39.98,6.99,,False,
ORD-14502,2024-09-17,Trivia Tornado,Party,Amazon,Midwest,1,10.49,30,10.49,0.0,Flash Sale,False,1
ORD-14503,2024-07-06,Ocean Explorer,Children,Amazon,Midwest,2,11.99,40,23.98,0.0,Clearance,False,4
ORD-14504,2024-11-24,Monster Madness,Family,Target,West,1,22.99,0,22.99,0.0,New Release,True,
ORD-14505,2024-08-05,Ocean Explorer,Children,Shopify Direct,Southeast,2,19.99,0,39.98,6.99,,False,1
ORD-14506,2024-11-17,Chess Evolved,Strategy,Target,West,1,29.99,0,29.99,0.0,,False,3
ORD-14507,2024-08-25,Speed Stacks,Party,Walmart,Northeast,1,12.99,0,12.99,0.0,,False,3
ORD-14508,2024-03-30,Kiddo Kingdom,Children,Walmart,Southeast,1,12.59,30,12.59,0.0,Clearance,False,4
ORD-14509,2024-05-30,Chess Evolved,Strategy,Amazon,West,1,23.99,20,23.99,0.0,Flash Sale,False,4
ORD-14510,2024-10-13,Kiddo Kingdom,Children,Walmart,Midwest,1,14.39,20,14.39,0.0,Holiday Sale,False,
ORD-14511,2024-11-04,Monster Madness,Family,Target,Northeast,1,18.39,20,18.39,0.0,Holiday Sale,False,
ORD-14512,2024-11-03,Pixel Quest,Family,Shopify Direct,Midwest,1,24.99,0,24.99,4.99,,False,2
ORD-14513,2024-10-07,Monster Madness,Family,Walmart,Midwest,2,22.99,0,45.98,0.0,,False,
ORD-14514,2024-08-04,Trivia Tornado,Party,Amazon,Midwest,2,14.99,0,29.98,0.0,,False,5
ORD-14515,2024-07-18,Monster Madness,Family,Amazon,Midwest,2,20.69,10,41.38,0.0,Bundle Deal,True,
ORD-14516,2024-11-11,Speed Stacks,Party,Amazon,Southwest,4,9.09,30,36.36,0.0,Flash Sale,False,4
ORD-14517,2024-05-30,Speed Stacks,Party,Target,Northeast,1,7.79,40,7.79,0.0,Clearance,False,4
ORD-14518,2024-08-14,Realm Builders,Strategy,Walmart,Southeast,1,44.99,0,44.99,0.0,,False,4
ORD-14519,2024-01-02,Battle Bots Arena,Strategy,Target,West,1,20.0,50,20.0,0.0,Clearance,False,
ORD-14520,2024-12-15,Ocean Explorer,Children,Shopify Direct,Southeast,1,15.99,20,15.99,4.99,Flash Sale,False,5
ORD-14521,2024-04-14,Kiddo Kingdom,Children,Board Game Geek Store,West,1,14.39,20,14.39,0.0,Flash Sale,False,
ORD-14522,2024-12-20,Monster Madness,Family,Amazon,Northeast,1,22.99,0,22.99,0.0,,False,5
ORD-14523,2024-08-10,Speed Stacks,Party,Target,Midwest,1,12.99,0,12.99,0.0,,True,
ORD-14524,2024-04-25,Pixel Quest,Family,Amazon,Southwest,2,21.24,15,42.48,0.0,Bundle Deal,False,
ORD-14525,2024-06-20,Ocean Explorer,Children,Shopify Direct,West,1,14.99,25,14.99,6.99,Holiday Sale,False,
ORD-14526,2024-04-12,Trivia Tornado,Party,Target,West,1,14.99,0,14.99,0.0,,False,4
ORD-14527,2024-12-27,Speed Stacks,Party,Amazon,Midwest,1,12.99,0,12.99,0.0,,False,5
ORD-14528,2024-11-08,Monster Madness,Family,Amazon,Northeast,1,22.99,0,22.99,0.0,,False,
ORD-14529,2024-08-14,Chess Evolved,Strategy,Walmart,Northeast,1,29.99,0,29.99,0.0,New Release,False,4
ORD-14530,2024-11-11,Monster Madness,Family,Target,West,1,22.99,0,22.99,0.0,,False,4
ORD-14531,2024-03-13,Dungeon Dash,Strategy,Amazon,Southeast,2,27.99,20,55.98,0.0,Holiday Sale,False,5
ORD-14532,2024-10-14,Speed Stacks,Party,Shopify Direct,Midwest,2,12.99,0,25.98,6.99,,False,
ORD-14533,2024-10-29,Dungeon Dash,Strategy,Walmart,West,2,31.49,10,62.98,0.0,Bundle Deal,False,
ORD-14534,2024-09-12,Pixel Quest,Family,Target,Midwest,3,18.74,25,56.22,0.0,Holiday Sale,False,4
ORD-14535,2024-05-21,Dungeon Dash,Strategy,Board Game Geek Store,Southwest,2,34.99,0,69.98,0.0,New Release,False,5
ORD-14536,2024-04-24,Cosmic Blitz,Party,Amazon,Northeast,1,19.99,0,19.99,0.0,,False,5
ORD-14537,2024-11-09,Ocean Explorer,Children,Walmart,Midwest,2,16.99,15,33.98,0.0,Bundle Deal,False,5
ORD-14538,2024-08-01,Pixel Quest,Family,Shopify Direct,Southwest,2,22.49,10,44.98,0,Bundle Deal,False,
ORD-14539,2024-08-09,Monster Madness,Family,Amazon,West,1,22.99,0,22.99,0.0,,False,
ORD-14540,2024-06-19,Speed Stacks,Party,Amazon,Southeast,3,6.5,50,19.5,0.0,Clearance,False,
ORD-14541,2024-10-23,Kiddo Kingdom,Children,Target,Northeast,2,15.29,15,30.58,0.0,Bundle Deal,False,
ORD-14542,2024-10-25,Kiddo Kingdom,Children,Amazon,Southeast,2,17.99,0,35.98,0.0,,False,5
ORD-14543,2024-08-17,Speed Stacks,Party,Shopify Direct,Midwest,2,11.04,15,22.08,6.99,Bundle Deal,False,4
ORD-14544,2024-07-04,Chess Evolved,Strategy,Shopify Direct,West,2,29.99,0,59.98,6.99,,False,
ORD-14545,2024-07-20,Realm Builders,Strategy,Amazon,Northeast,1,38.24,15,38.24,0.0,Holiday Sale,False,
ORD-14546,2024-05-30,Pixel Quest,Family,Amazon,Midwest,1,12.49,50,12.49,0.0,Clearance,False,
ORD-14547,2024-06-23,Cosmic Blitz,Party,Amazon,Midwest,2,19.99,0,39.98,0.0,,False,
ORD-14548,2024-05-08,Speed Stacks,Party,Amazon,Northeast,4,12.99,0,51.96,0.0,,False,
ORD-14549,2024-12-12,Speed Stacks,Party,Amazon,Midwest,1,12.99,0,12.99,0.0,New Release,False,4
ORD-14550,2024-06-25,Cosmic Blitz,Party,Shopify Direct,Southwest,1,13.99,30,13.99,4.99,Clearance,False,
ORD-14551,2024-11-05,Monster Madness,Family,Target,Southwest,1,18.39,20,18.39,0.0,Flash Sale,False,4
ORD-14552,2024-09-28,Monster Madness,Family,Amazon,West,1,22.99,0,22.99,0.0,,False,
ORD-14553,2024-09-27,Kiddo Kingdom,Children,Target,West,1,17.99,0,17.99,0.0,,False,4
ORD-14554,2024-12-18,Kiddo Kingdom,Children,Board Game Geek Store,Midwest,1,17.99,0,17.99,0.0,,False,
ORD-14555,2024-05-18,Pixel Quest,Family,Target,West,1,24.99,0,24.99,0.0,,False,4
ORD-14556,2024-10-28,Code Breakers,Strategy,Target,Southeast,2,25.19,10,50.38,0.0,Bundle Deal,False,4
ORD-14557,2024-08-15,Pixel Quest,Family,Amazon,Northeast,3,21.24,15,63.72,0.0,Holiday Sale,False,3
ORD-14558,2024-01-17,Speed Stacks,Party,Walmart,Northeast,2,12.99,0,25.98,0.0,New Release,False,4
ORD-14559,2024-01-02,Monster Madness,Family,Walmart,Midwest,2,22.99,0,45.98,0.0,,False,4
ORD-14560,2024-09-05,Pixel Quest,Family,Amazon,Southwest,1,24.99,0,24.99,0.0,New Release,False,5
ORD-14561,2024-01-26,Pixel Quest,Family,Target,Midwest,1,24.99,0,24.99,0.0,,False,4
ORD-14562,2024-11-29,Cosmic Blitz,Party,Amazon,Southeast,1,19.99,0,19.99,0.0,,False,
ORD-14563,2024-10-03,Pixel Quest,Family,Walmart,Midwest,1,19.99,20,19.99,0.0,Flash Sale,False,5
ORD-14564,2024-01-25,Dungeon Dash,Strategy,Amazon,Southwest,2,34.99,0,69.98,0.0,New Release,False,5
ORD-14565,2024-03-05,Trivia Tornado,Party,Amazon,Midwest,1,14.99,0,14.99,0.0,,True,
ORD-14566,2024-06-27,Chess Evolved,Strategy,Amazon,Midwest,3,29.99,0,89.97,0.0,New Release,False,4
ORD-14567,2024-02-16,Code Breakers,Strategy,Shopify Direct,West,1,27.99,0,27.99,0,,False,3
ORD-14568,2024-02-09,Kiddo Kingdom,Children,Amazon,Northeast,2,17.99,0,35.98,0.0,,False,3
ORD-14569,2024-12-05,Dungeon Dash,Strategy,Target,Southwest,2,34.99,0,69.98,0.0,,False,4
ORD-14570,2024-07-04,Speed Stacks,Party,Walmart,Midwest,3,10.39,20,31.17,0.0,Flash Sale,False,3
ORD-14571,2024-07-20,Realm Builders,Strategy,Target,West,1,31.49,30,31.49,0.0,Clearance,False,3
ORD-14572,2024-07-08,Kiddo Kingdom,Children,Target,Northeast,1,12.59,30,12.59,0.0,Flash Sale,False,
ORD-14573,2024-08-13,Battle Bots Arena,Strategy,Shopify Direct,Midwest,1,39.99,0,39.99,4.99,,False,
ORD-14574,2024-07-18,Realm Builders,Strategy,Shopify Direct,Northeast,2,35.99,20,71.98,4.99,Flash Sale,False,
ORD-14575,2024-12-20,Kiddo Kingdom,Children,Shopify Direct,Southwest,2,15.29,15,30.58,0,Bundle Deal,False,4
ORD-14576,2024-12-01,Ocean Explorer,Children,Amazon,Midwest,1,19.99,0,19.99,0.0,New Release,False,3
ORD-14577,2024-01-24,Trivia Tornado,Party,Amazon,Southwest,1,11.99,20,11.99,0.0,Flash Sale,False,5
ORD-14578,2024-12-15,Speed Stacks,Party,Amazon,Northeast,2,11.69,10,23.38,0.0,Bundle Deal,False,5
ORD-14579,2024-07-31,Speed Stacks,Party,Amazon,West,1,9.09,30,9.09,0.0,Flash Sale,False,
ORD-14580,2024-06-13,Cosmic Blitz,Party,Shopify Direct,Southeast,1,19.99,0,19.99,6.99,New Release,False,
ORD-14581,2024-11-27,Battle Bots Arena,Strategy,Walmart,West,1,39.99,0,39.99,0.0,,False,4
ORD-14582,2024-12-10,Kiddo Kingdom,Children,Amazon,West,3,10.79,40,32.37,0.0,Clearance,False,
ORD-14583,2024-04-29,Chess Evolved,Strategy,Amazon,Northeast,2,29.99,0,59.98,0.0,New Release,False,
ORD-14584,2024-10-31,Pixel Quest,Family,Target,Southwest,3,24.99,0,74.97,0.0,,False,2
ORD-14585,2024-12-31,Monster Madness,Family,Amazon,Southeast,1,22.99,0,22.99,0.0,,True,
ORD-14586,2024-11-14,Battle Bots Arena,Strategy,Amazon,Midwest,1,31.99,20,31.99,0.0,Flash Sale,False,4
ORD-14587,2024-08-19,Cosmic Blitz,Party,Amazon,Midwest,1,19.99,0,19.99,0.0,,False,
ORD-14588,2024-07-27,Cosmic Blitz,Party,Board Game Geek Store,Midwest,2,17.99,10,35.98,0.0,Bundle Deal,False,4
ORD-14589,2024-07-17,Kiddo Kingdom,Children,Walmart,Northeast,2,16.19,10,32.38,0.0,Bundle Deal,False,2
ORD-14590,2024-05-07,Ocean Explorer,Children,Shopify Direct,Midwest,2,16.99,15,33.98,0,Bundle Deal,False,4
ORD-14591,2024-12-23,Cosmic Blitz,Party,Walmart,Southwest,2,19.99,0,39.98,0.0,,False,
ORD-14592,2024-09-08,Ocean Explorer,Children,Amazon,Northeast,1,19.99,0,19.99,0.0,New Release,False,5
ORD-14593,2024-08-24,Chess Evolved,Strategy,Amazon,Midwest,1,17.99,40,17.99,0.0,Clearance,False,1
ORD-14594,2024-02-18,Ocean Explorer,Children,Target,West,1,19.99,0,19.99,0.0,New Release,False,1
ORD-14595,2024-03-08,Code Breakers,Strategy,Amazon,Southeast,2,27.99,0,55.98,0.0,,False,
ORD-14596,2024-01-19,Battle Bots Arena,Strategy,Amazon,Southwest,1,39.99,0,39.99,0.0,,False,5
ORD-14597,2024-10-28,Speed Stacks,Party,Target,Southeast,1,12.99,0,12.99,0.0,New Release,False,5
ORD-14598,2024-02-10,Pixel Quest,Family,Target,West,1,24.99,0,24.99,0.0,,False,
ORD-14599,2024-07-04,Trivia Tornado,Party,Walmart,Southwest,3,10.49,30,31.47,0.0,Flash Sale,False,3
ORD-14600,2024-09-05,Speed Stacks,Party,Target,Southeast,1,7.79,40,7.79,0.0,Clearance,False,
ORD-14601,2024-12-27,Code Breakers,Strategy,Target,Northeast,1,27.99,0,27.99,0.0,,False,
ORD-14602,2024-01-26,Realm Builders,Strategy,Shopify Direct,Southeast,2,35.99,20,71.98,4.99,Flash Sale,False,
ORD-14603,2024-11-29,Trivia Tornado,Party,Amazon,Southeast,1,14.99,0,14.99,0.0,New Release,False,4
ORD-14604,2024-04-09,Pixel Quest,Family,Amazon,Southeast,1,24.99,0,24.99,0.0,,True,
ORD-14605,2024-09-25,Trivia Tornado,Party,Walmart,West,1,14.99,0,14.99,0.0,,False,
ORD-14606,2024-10-10,Ocean Explorer,Children,Walmart,Northeast,2,16.99,15,33.98,0.0,Bundle Deal,False,
ORD-14607,2024-07-16,Speed Stacks,Party,Walmart,Southeast,1,12.99,0,12.99,0.0,,False,
ORD-14608,2024-12-29,Trivia Tornado,Party,Walmart,West,1,14.99,0,14.99,0.0,,False,
ORD-14609,2024-06-01,Speed Stacks,Party,Shopify Direct,West,4,9.09,30,36.36,6.99,Flash Sale,False,4
ORD-14610,2024-03-01,Speed Stacks,Party,Walmart,Northeast,1,12.99,0,12.99,0.0,,False,
ORD-14611,2024-03-30,Chess Evolved,Strategy,Target,West,1,29.99,0,29.99,0.0,,False,
ORD-14612,2024-05-11,Speed Stacks,Party,Shopify Direct,Southeast,2,11.04,15,22.08,0,Bundle Deal,False,4
ORD-14613,2024-01-31,Code Breakers,Strategy,Walmart,Northeast,2,25.19,10,50.38,0.0,Bundle Deal,False,5
ORD-14614,2024-10-15,Ocean Explorer,Children,Amazon,Southwest,1,16.99,15,16.99,0.0,Holiday Sale,False,5
ORD-14615,2024-05-05,Trivia Tornado,Party,Shopify Direct,Northeast,1,8.99,40,8.99,0,Clearance,False,5
ORD-14616,2024-04-23,Speed Stacks,Party,Walmart,Northeast,1,12.99,0,12.99,0.0,New Release,False,5
ORD-14617,2024-09-03,Battle Bots Arena,Strategy,Amazon,Southeast,1,39.99,0,39.99,0.0,,False,
ORD-14618,2024-03-19,Cosmic Blitz,Party,Amazon,Midwest,1,19.99,0,19.99,0.0,,False,5
ORD-14619,2024-07-26,Kiddo Kingdom,Children,Amazon,Northeast,1,14.39,20,14.39,0.0,Flash Sale,False,5
ORD-14620,2024-03-11,Speed Stacks,Party,Amazon,Midwest,1,12.99,0,12.99,0.0,,False,
ORD-14621,2024-05-15,Dungeon Dash,Strategy,Amazon,Midwest,1,34.99,0,34.99,0.0,,False,5
ORD-14622,2024-07-30,Monster Madness,Family,Shopify Direct,West,1,16.09,30,16.09,4.99,Clearance,False,
ORD-14623,2024-12-21,Monster Madness,Family,Amazon,Northeast,2,22.99,0,45.98,0.0,New Release,False,
ORD-14624,2024-08-31,Battle Bots Arena,Strategy,Amazon,Southeast,3,39.99,0,119.97,0.0,,False,
ORD-14625,2024-01-16,Speed Stacks,Party,Walmart,West,2,12.99,0,25.98,0.0,,False,5
ORD-14626,2024-02-02,Trivia Tornado,Party,Amazon,West,1,10.49,30,10.49,0.0,Flash Sale,False,4
ORD-14627,2024-08-30,Kiddo Kingdom,Children,Shopify Direct,Midwest,1,17.99,0,17.99,4.99,New Release,False,5
ORD-14628,2024-10-28,Kiddo Kingdom,Children,Amazon,West,2,16.19,10,32.38,0.0,Bundle Deal,False,
ORD-14629,2024-03-18,Dungeon Dash,Strategy,Amazon,Midwest,1,34.99,0,34.99,0.0,,False,
ORD-14630,2024-05-23,Trivia Tornado,Party,Shopify Direct,West,1,10.49,30,10.49,0,Flash Sale,False,3
ORD-14631,2024-04-20,Cosmic Blitz,Party,Amazon,Northeast,3,19.99,0,59.97,0.0,,True,
ORD-14632,2024-06-28,Ocean Explorer,Children,Shopify Direct,West,1,13.99,30,13.99,4.99,Flash Sale,False,
ORD-14633,2024-12-08,Pixel Quest,Family,Target,Northeast,1,24.99,0,24.99,0.0,New Release,False,5
ORD-14634,2024-02-29,Trivia Tornado,Party,Shopify Direct,Midwest,1,11.99,20,11.99,4.99,Holiday Sale,False,
ORD-14635,2024-11-19,Realm Builders,Strategy,Amazon,Midwest,1,44.99,0,44.99,0.0,New Release,False,4
ORD-14636,2024-02-05,Ocean Explorer,Children,Target,Northeast,2,19.99,0,39.98,0.0,,False,
ORD-14637,2024-03-30,Realm Builders,Strategy,Amazon,Southwest,1,26.99,40,26.99,0.0,Clearance,False,
ORD-14638,2024-03-19,Dungeon Dash,Strategy,Shopify Direct,Northeast,1,34.99,0,34.99,0,New Release,False,
ORD-14639,2024-02-22,Realm Builders,Strategy,Shopify Direct,Southeast,1,44.99,0,44.99,6.99,New Release,True,
ORD-14640,2024-11-11,Monster Madness,Family,Walmart,Southwest,1,11.49,50,11.49,0.0,Clearance,False,
ORD-14641,2024-05-29,Cosmic Blitz,Party,Shopify Direct,Northeast,2,19.99,0,39.98,0,,False,
ORD-14642,2024-12-28,Realm Builders,Strategy,Amazon,Southeast,2,44.99,0,89.98,0.0,,False,5
ORD-14643,2024-07-28,Cosmic Blitz,Party,Amazon,Southeast,1,15.99,20,15.99,0.0,Flash Sale,False,
ORD-14644,2024-07-23,Pixel Quest,Family,Walmart,Northeast,1,18.74,25,18.74,0.0,Holiday Sale,False,5
ORD-14645,2024-12-14,Realm Builders,Strategy,Amazon,Southwest,1,44.99,0,44.99,0.0,,False,4
ORD-14646,2024-12-11,Battle Bots Arena,Strategy,Walmart,Midwest,2,33.99,15,67.98,0.0,Bundle Deal,False,
ORD-14647,2024-09-13,Cosmic Blitz,Party,Shopify Direct,Northeast,1,15.99,20,15.99,4.99,Flash Sale,False,4
ORD-14648,2024-09-15,Speed Stacks,Party,Shopify Direct,Northeast,4,12.99,0,51.96,6.99,,True,
ORD-14649,2024-01-23,Ocean Explorer,Children,Shopify Direct,West,1,15.99,20,15.99,0,Flash Sale,False,4
ORD-14650,2024-07-28,Speed Stacks,Party,Walmart,Northeast,2,11.04,15,22.08,0.0,Bundle Deal,False,5
ORD-14651,2024-02-02,Cosmic Blitz,Party,Walmart,West,1,9.99,50,9.99,0.0,Clearance,False,
ORD-14652,2024-07-17,Dungeon Dash,Strategy,Amazon,Northeast,1,34.99,0,34.99,0.0,,True,
ORD-14653,2024-04-20,Kiddo Kingdom,Children,Shopify Direct,Midwest,2,17.99,0,35.98,0,,False,5
ORD-14654,2024-02-24,Ocean Explorer,Children,Shopify Direct,Southwest,1,11.99,40,11.99,0,Clearance,False,2
ORD-14655,2024-01-05,Pixel Quest,Family,Amazon,Midwest,2,19.99,20,39.98,0.0,Flash Sale,False,5
ORD-14656,2024-12-17,Chess Evolved,Strategy,Amazon,Midwest,3,17.99,40,53.97,0.0,Clearance,False,
ORD-14657,2024-04-12,Pixel Quest,Family,Amazon,Midwest,2,22.49,10,44.98,0.0,Bundle Deal,False,5
ORD-14658,2024-08-06,Speed Stacks,Party,Target,Southeast,1,12.99,0,12.99,0.0,New Release,False,3
ORD-14659,2024-06-13,Trivia Tornado,Party,Target,Midwest,1,10.49,30,10.49,0.0,Clearance,False,4
ORD-14660,2024-06-17,Code Breakers,Strategy,Shopify Direct,Midwest,2,22.39,20,44.78,0,Holiday Sale,False,3
ORD-14661,2024-05-25,Code Breakers,Strategy,Amazon,Midwest,2,27.99,0,55.98,0.0,New Release,False,5
ORD-14662,2024-06-04,Code Breakers,Strategy,Shopify Direct,Northeast,2,27.99,0,55.98,4.99,New Release,False,3
ORD-14663,2024-06-15,Chess Evolved,Strategy,Board Game Geek Store,Southwest,1,29.99,0,29.99,0.0,,False,4
ORD-14664,2024-04-16,Realm Builders,Strategy,Walmart,Southeast,1,26.99,40,26.99,0.0,Clearance,False,
ORD-14665,2024-04-22,Kiddo Kingdom,Children,Target,Southeast,2,17.99,0,35.98,0.0,,False,4
ORD-14666,2024-09-22,Speed Stacks,Party,Board Game Geek Store,West,1,12.99,0,12.99,0.0,,True,
ORD-14667,2024-03-10,Kiddo Kingdom,Children,Walmart,Southwest,3,10.79,40,32.37,0.0,Clearance,False,
ORD-14668,2024-12-31,Speed Stacks,Party,Target,Midwest,2,11.04,15,22.08,0.0,Holiday Sale,False,5
ORD-14669,2024-08-20,Speed Stacks,Party,Amazon,West,4,11.69,10,46.76,0.0,Bundle Deal,False,
ORD-14670,2024-12-26,Dungeon Dash,Strategy,Amazon,West,3,34.99,0,104.97,0.0,,False,5
ORD-14671,2024-09-18,Code Breakers,Strategy,Amazon,Southwest,1,27.99,0,27.99,0.0,,False,
ORD-14672,2024-04-18,Dungeon Dash,Strategy,Shopify Direct,Southeast,1,27.99,20,27.99,0,Flash Sale,False,5
ORD-14673,2024-11-24,Monster Madness,Family,Shopify Direct,Midwest,1,22.99,0,22.99,0,New Release,False,5
ORD-14674,2024-09-01,Cosmic Blitz,Party,Shopify Direct,Midwest,3,16.99,15,50.97,0,Bundle Deal,False,
ORD-14675,2024-03-31,Speed Stacks,Party,Walmart,Midwest,1,12.99,0,12.99,0.0,,False,
ORD-14676,2024-09-09,Monster Madness,Family,Board Game Geek Store,Southeast,2,20.69,10,41.38,0.0,Bundle Deal,True,
ORD-14677,2024-06-18,Dungeon Dash,Strategy,Amazon,Northeast,1,34.99,0,34.99,0.0,,False,5
ORD-14678,2024-07-27,Trivia Tornado,Party,Amazon,West,1,14.99,0,14.99,0.0,,False,4
ORD-14679,2024-08-11,Code Breakers,Strategy,Walmart,Midwest,2,27.99,0,55.98,0.0,,False,5
ORD-14680,2024-11-19,Pixel Quest,Family,Walmart,Midwest,1,19.99,20,19.99,0.0,Flash Sale,False,4
ORD-14681,2024-02-05,Speed Stacks,Party,Shopify Direct,Midwest,1,10.39,20,10.39,6.99,Holiday Sale,False,2
ORD-14682,2024-03-02,Trivia Tornado,Party,Amazon,Midwest,1,11.24,25,11.24,0.0,Holiday Sale,False,5
ORD-14683,2024-12-31,Speed Stacks,Party,Amazon,Southwest,1,12.99,0,12.99,0.0,,True,
ORD-14684,2024-06-08,Dungeon Dash,Strategy,Walmart,West,1,34.99,0,34.99,0.0,New Release,True,
ORD-14685,2024-05-08,Cosmic Blitz,Party,Shopify Direct,Northeast,2,17.99,10,35.98,6.99,Bundle Deal,False,
ORD-14686,2024-08-13,Chess Evolved,Strategy,Target,Southwest,1,29.99,0,29.99,0.0,,False,
ORD-14687,2024-12-03,Speed Stacks,Party,Walmart,Southeast,1,12.99,0,12.99,0.0,,False,
ORD-14688,2024-09-10,Ocean Explorer,Children,Shopify Direct,Northeast,2,19.99,0,39.98,0,,False,
ORD-14689,2024-08-03,Cosmic Blitz,Party,Amazon,Southeast,2,16.99,15,33.98,0.0,Bundle Deal,False,
ORD-14690,2024-11-20,Realm Builders,Strategy,Walmart,Southeast,2,38.24,15,76.48,0.0,Bundle Deal,False,
ORD-14691,2024-09-29,Ocean Explorer,Children,Shopify Direct,Midwest,1,15.99,20,15.99,0,Holiday Sale,False,
ORD-14692,2024-08-24,Speed Stacks,Party,Shopify Direct,Northeast,1,9.74,25,9.74,0,Holiday Sale,False,5
ORD-14693,2024-09-01,Speed Stacks,Party,Board Game Geek Store,Midwest,1,12.99,0,12.99,0.0,,False,4
ORD-14694,2024-06-05,Realm Builders,Strategy,Shopify Direct,Southwest,1,38.24,15,38.24,0,Holiday Sale,False,4
ORD-14695,2024-05-26,Trivia Tornado,Party,Board Game Geek Store,West,1,14.99,0,14.99,0.0,,False,
ORD-14696,2024-06-04,Kiddo Kingdom,Children,Shopify Direct,West,1,13.49,25,13.49,4.99,Holiday Sale,True,
ORD-14697,2024-03-13,Kiddo Kingdom,Children,Board Game Geek Store,Midwest,1,14.39,20,14.39,0.0,Holiday Sale,False,
ORD-14698,2024-05-26,Realm Builders,Strategy,Walmart,Southwest,2,38.24,15,76.48,0.0,Holiday Sale,False,5
ORD-14699,2024-05-27,Ocean Explorer,Children,Amazon,Northeast,1,19.99,0,19.99,0.0,New Release,False,3
ORD-14700,2024-08-03,Speed Stacks,Party,Walmart,Southeast,2,11.04,15,22.08,0.0,Bundle Deal,False,
ORD-14701,2024-11-25,Pixel Quest,Family,Walmart,Northeast,3,17.49,30,52.47,0.0,Clearance,False,
ORD-14702,2024-09-08,Dungeon Dash,Strategy,Board Game Geek Store,Northeast,1,34.99,0,34.99,0.0,,False,2
ORD-14703,2024-05-10,Speed Stacks,Party,Walmart,West,1,12.99,0,12.99,0.0,,False,
ORD-14704,2024-07-18,Monster Madness,Family,Walmart,Midwest,2,17.24,25,34.48,0.0,Holiday Sale,False,3
ORD-14705,2024-08-07,Kiddo Kingdom,Children,Amazon,West,1,17.99,0,17.99,0.0,,False,4
ORD-14706,2024-08-10,Battle Bots Arena,Strategy,Amazon,Southwest,1,39.99,0,39.99,0.0,,False,5
ORD-14707,2024-11-21,Code Breakers,Strategy,Walmart,Midwest,3,20.99,25,62.97,0.0,Holiday Sale,False,5
ORD-14708,2024-09-24,Ocean Explorer,Children,Amazon,Southwest,1,16.99,15,16.99,0.0,Holiday Sale,False,5
ORD-14709,2024-11-11,Dungeon Dash,Strategy,Shopify Direct,Northeast,2,17.5,50,35.0,0,Clearance,False,2
ORD-14710,2024-08-15,Speed Stacks,Party,Shopify Direct,Southeast,1,9.74,25,9.74,0,Holiday Sale,False,2
ORD-14711,2024-11-07,Monster Madness,Family,Shopify Direct,Southwest,1,19.54,15,19.54,0,Holiday Sale,False,
ORD-14712,2024-05-23,Trivia Tornado,Party,Board Game Geek Store,Northeast,1,12.74,15,12.74,0.0,Holiday Sale,False,
ORD-14713,2024-12-20,Cosmic Blitz,Party,Amazon,Midwest,1,19.99,0,19.99,0.0,,False,
ORD-14714,2024-07-20,Pixel Quest,Family,Amazon,Southeast,3,24.99,0,74.97,0.0,New Release,False,5
ORD-14715,2024-11-02,Chess Evolved,Strategy,Amazon,Southeast,1,23.99,20,23.99,0.0,Flash Sale,True,
ORD-14716,2024-12-12,Speed Stacks,Party,Shopify Direct,West,1,12.99,0,12.99,0,,False,
ORD-14717,2024-09-18,Ocean Explorer,Children,Board Game Geek Store,Midwest,2,16.99,15,33.98,0.0,Bundle Deal,False,
ORD-14718,2024-11-11,Dungeon Dash,Strategy,Shopify Direct,Midwest,1,34.99,0,34.99,6.99,New Release,False,
ORD-14719,2024-06-13,Trivia Tornado,Party,Amazon,Midwest,1,14.99,0,14.99,0.0,,False,
ORD-14720,2024-08-15,Trivia Tornado,Party,Amazon,Northeast,1,7.5,50,7.5,0.0,Clearance,False,
ORD-14721,2024-05-01,Ocean Explorer,Children,Amazon,Midwest,1,15.99,20,15.99,0.0,Flash Sale,False,4
ORD-14722,2024-11-09,Ocean Explorer,Children,Shopify Direct,Midwest,2,19.99,0,39.98,6.99,,False,5
ORD-14723,2024-12-12,Dungeon Dash,Strategy,Board Game Geek Store,Midwest,2,34.99,0,69.98,0.0,,False,
ORD-14724,2024-09-11,Dungeon Dash,Strategy,Amazon,Midwest,2,34.99,0,69.98,0.0,,False,5
ORD-14725,2024-04-22,Speed Stacks,Party,Target,Northeast,2,11.04,15,22.08,0.0,Bundle Deal,False,
ORD-14726,2024-06-22,Cosmic Blitz,Party,Amazon,West,2,16.99,15,33.98,0.0,Bundle Deal,False,5
ORD-14727,2024-12-01,Pixel Quest,Family,Shopify Direct,Midwest,1,24.99,0,24.99,4.99,,False,5
ORD-14728,2024-09-03,Dungeon Dash,Strategy,Walmart,West,1,27.99,20,27.99,0.0,Flash Sale,True,
ORD-14729,2024-02-27,Monster Madness,Family,Amazon,Northeast,2,20.69,10,41.38,0.0,Bundle Deal,False,3
ORD-14730,2024-01-13,Monster Madness,Family,Shopify Direct,Midwest,2,22.99,0,45.98,0,,False,4
ORD-14731,2024-10-24,Speed Stacks,Party,Shopify Direct,Midwest,3,11.04,15,33.12,4.99,Holiday Sale,False,3
ORD-14732,2024-09-14,Realm Builders,Strategy,Target,Midwest,1,44.99,0,44.99,0.0,,False,4
ORD-14733,2024-10-06,Trivia Tornado,Party,Board Game Geek Store,Midwest,1,14.99,0,14.99,0.0,,False,5
ORD-14734,2024-10-05,Ocean Explorer,Children,Target,Southeast,1,19.99,0,19.99,0.0,,False,4
ORD-14735,2024-07-09,Cosmic Blitz,Party,Shopify Direct,Midwest,1,11.99,40,11.99,4.99,Clearance,False,
ORD-14736,2024-07-19,Battle Bots Arena,Strategy,Shopify Direct,Southwest,1,27.99,30,27.99,6.99,Clearance,True,
ORD-14737,2024-12-10,Cosmic Blitz,Party,Amazon,Southeast,1,11.99,40,11.99,0.0,Clearance,False,
ORD-14738,2024-07-03,Trivia Tornado,Party,Amazon,Midwest,1,10.49,30,10.49,0.0,Flash Sale,False,5
ORD-14739,2024-08-31,Kiddo Kingdom,Children,Board Game Geek Store,Midwest,3,15.29,15,45.87,0.0,Bundle Deal,False,5
ORD-14740,2024-10-30,Cosmic Blitz,Party,Target,Northeast,2,13.99,30,27.98,0.0,Clearance,False,4
ORD-14741,2024-06-06,Cosmic Blitz,Party,Walmart,Northeast,1,19.99,0,19.99,0.0,,False,3
ORD-14742,2024-11-27,Monster Madness,Family,Amazon,Midwest,4,22.99,0,91.96,0.0,,False,
ORD-14743,2024-05-07,Ocean Explorer,Children,Shopify Direct,Northeast,1,19.99,0,19.99,4.99,,False,
ORD-14744,2024-01-07,Trivia Tornado,Party,Target,West,1,14.99,0,14.99,0.0,New Release,False,4
ORD-14745,2024-06-12,Ocean Explorer,Children,Shopify Direct,Southeast,1,15.99,20,15.99,0,Flash Sale,True,
ORD-14746,2024-06-28,Ocean Explorer,Children,Walmart,Northeast,1,19.99,0,19.99,0.0,New Release,False,
ORD-14747,2024-06-09,Cosmic Blitz,Party,Walmart,Southwest,2,13.99,30,27.98,0.0,Flash Sale,False,2
ORD-14748,2024-09-03,Battle Bots Arena,Strategy,Walmart,Southeast,3,39.99,0,119.97,0.0,,False,
ORD-14749,2024-02-28,Trivia Tornado,Party,Walmart,Midwest,2,14.99,0,29.98,0.0,,False,4
ORD-14750,2024-11-01,Trivia Tornado,Party,Amazon,Northeast,1,8.99,40,8.99,0.0,Clearance,False,4
ORD-14751,2024-07-04,Cosmic Blitz,Party,Target,Midwest,1,13.99,30,13.99,0.0,Clearance,False,
ORD-14752,2024-08-05,Kiddo Kingdom,Children,Target,Midwest,1,14.39,20,14.39,0.0,Holiday Sale,False,
ORD-14753,2024-03-08,Speed Stacks,Party,Amazon,Southeast,1,7.79,40,7.79,0.0,Clearance,False,5
ORD-14754,2024-02-19,Realm Builders,Strategy,Target,Midwest,1,33.74,25,33.74,0.0,Holiday Sale,False,
ORD-14755,2024-12-03,Cosmic Blitz,Party,Amazon,Southeast,1,19.99,0,19.99,0.0,,False,4
ORD-14756,2024-01-03,Pixel Quest,Family,Shopify Direct,Midwest,1,24.99,0,24.99,0,New Release,False,5
ORD-14757,2024-02-26,Chess Evolved,Strategy,Shopify Direct,Midwest,3,14.99,50,44.97,4.99,Clearance,False,4
ORD-14758,2024-12-07,Battle Bots Arena,Strategy,Board Game Geek Store,Southeast,1,29.99,25,29.99,0.0,Holiday Sale,False,5
ORD-14759,2024-09-10,Kiddo Kingdom,Children,Amazon,Southeast,2,13.49,25,26.98,0.0,Holiday Sale,False,4
ORD-14760,2024-09-06,Trivia Tornado,Party,Shopify Direct,Midwest,2,10.49,30,20.98,0,Clearance,False,
ORD-14761,2024-05-14,Pixel Quest,Family,Shopify Direct,Midwest,1,19.99,20,19.99,0,Flash Sale,False,
ORD-14762,2024-05-28,Ocean Explorer,Children,Shopify Direct,Southeast,2,17.99,10,35.98,0,Bundle Deal,False,
ORD-14763,2024-01-25,Ocean Explorer,Children,Walmart,Southeast,1,19.99,0,19.99,0.0,,False,5
ORD-14764,2024-06-27,Speed Stacks,Party,Amazon,West,1,12.99,0,12.99,0.0,,False,
ORD-14765,2024-06-01,Battle Bots Arena,Strategy,Amazon,Midwest,1,20.0,50,20.0,0.0,Clearance,False,
ORD-14766,2024-02-15,Pixel Quest,Family,Shopify Direct,Northeast,1,24.99,0,24.99,0,New Release,False,3
ORD-14767,2024-02-22,Realm Builders,Strategy,Amazon,Southeast,2,31.49,30,62.98,0.0,Flash Sale,False,4
ORD-14768,2024-04-18,Dungeon Dash,Strategy,Target,Northeast,1,34.99,0,34.99,0.0,,False,4
ORD-14769,2024-09-22,Speed Stacks,Party,Shopify Direct,Midwest,1,12.99,0,12.99,4.99,New Release,False,
ORD-14770,2024-11-05,Dungeon Dash,Strategy,Board Game Geek Store,West,2,20.99,40,41.98,0.0,Clearance,False,1
ORD-14771,2024-01-02,Cosmic Blitz,Party,Walmart,Northeast,1,19.99,0,19.99,0.0,,False,
ORD-14772,2024-09-02,Dungeon Dash,Strategy,Amazon,Midwest,1,34.99,0,34.99,0.0,,False,3
ORD-14773,2024-09-11,Trivia Tornado,Party,Target,Northeast,2,14.99,0,29.98,0.0,,False,2
ORD-14774,2024-10-26,Chess Evolved,Strategy,Amazon,Southeast,1,14.99,50,14.99,0.0,Clearance,False,4
ORD-14775,2024-10-15,Chess Evolved,Strategy,Amazon,Southeast,1,22.49,25,22.49,0.0,Holiday Sale,False,
ORD-14776,2024-10-27,Pixel Quest,Family,Amazon,Southeast,1,24.99,0,24.99,0.0,,False,
ORD-14777,2024-08-22,Cosmic Blitz,Party,Amazon,Southeast,1,16.99,15,16.99,0.0,Holiday Sale,False,3
ORD-14778,2024-02-15,Code Breakers,Strategy,Shopify Direct,Southeast,2,27.99,0,55.98,6.99,,False,
ORD-14779,2024-01-22,Trivia Tornado,Party,Shopify Direct,Midwest,1,14.99,0,14.99,4.99,,False,5
ORD-14780,2024-04-06,Kiddo Kingdom,Children,Shopify Direct,Southwest,1,17.99,0,17.99,4.99,,False,
ORD-14781,2024-06-13,Cosmic Blitz,Party,Amazon,Southeast,1,13.99,30,13.99,0.0,Flash Sale,False,5
ORD-14782,2024-11-12,Monster Madness,Family,Board Game Geek Store,Northeast,1,22.99,0,22.99,0.0,New Release,False,4
ORD-14783,2024-04-17,Dungeon Dash,Strategy,Amazon,Midwest,1,34.99,0,34.99,0.0,New Release,False,5
ORD-14784,2024-05-14,Realm Builders,Strategy,Walmart,Northeast,2,38.24,15,76.48,0.0,Bundle Deal,False,5
ORD-14785,2024-04-28,Monster Madness,Family,Target,Southwest,1,22.99,0,22.99,0.0,,False,4
ORD-14786,2024-04-08,Ocean Explorer,Children,Walmart,Southwest,1,19.99,0,19.99,0.0,,False,5
ORD-14787,2024-08-03,Ocean Explorer,Children,Amazon,West,3,19.99,0,59.97,0.0,,False,3
ORD-14788,2024-06-13,Trivia Tornado,Party,Amazon,Midwest,1,14.99,0,14.99,0.0,,True,
ORD-14789,2024-01-11,Ocean Explorer,Children,Walmart,Northeast,1,15.99,20,15.99,0.0,Flash Sale,False,
ORD-14790,2024-04-24,Pixel Quest,Family,Amazon,Southeast,2,22.49,10,44.98,0.0,Bundle Deal,False,4
ORD-14791,2024-03-06,Pixel Quest,Family,Amazon,Northeast,1,19.99,20,19.99,0.0,Flash Sale,False,5
ORD-14792,2024-08-13,Chess Evolved,Strategy,Shopify Direct,Northeast,2,29.99,0,59.98,0,,False,
ORD-14793,2024-02-21,Trivia Tornado,Party,Amazon,Northeast,1,10.49,30,10.49,0.0,Clearance,False,
ORD-14794,2024-01-21,Cosmic Blitz,Party,Walmart,West,1,16.99,15,16.99,0.0,Holiday Sale,True,
ORD-14795,2024-06-23,Kiddo Kingdom,Children,Amazon,Northeast,1,12.59,30,12.59,0.0,Flash Sale,False,5
ORD-14796,2024-08-11,Monster Madness,Family,Amazon,Southeast,2,18.39,20,36.78,0.0,Holiday Sale,False,5
ORD-14797,2024-04-29,Kiddo Kingdom,Children,Walmart,Southeast,1,17.99,0,17.99,0.0,,False,4
ORD-14798,2024-10-14,Ocean Explorer,Children,Board Game Geek Store,Midwest,1,14.99,25,14.99,0.0,Holiday Sale,False,5
ORD-14799,2024-11-26,Ocean Explorer,Children,Shopify Direct,Midwest,2,19.99,0,39.98,6.99,New Release,False,5
ORD-14800,2024-12-05,Dungeon Dash,Strategy,Amazon,Northeast,1,34.99,0,34.99,0.0,New Release,False,5
ORD-14801,2024-08-19,Cosmic Blitz,Party,Amazon,Northeast,1,19.99,0,19.99,0.0,,False,
ORD-14802,2024-11-05,Battle Bots Arena,Strategy,Shopify Direct,West,3,27.99,30,83.97,4.99,Flash Sale,False,5
ORD-14803,2024-12-21,Trivia Tornado,Party,Target,West,2,12.74,15,25.48,0.0,Bundle Deal,False,
ORD-14804,2024-12-16,Speed Stacks,Party,Walmart,Northeast,1,12.99,0,12.99,0.0,New Release,False,
ORD-14805,2024-12-04,Speed Stacks,Party,Shopify Direct,Midwest,1,9.09,30,9.09,0,Flash Sale,False,4
ORD-14806,2024-09-23,Cosmic Blitz,Party,Amazon,Northeast,1,15.99,20,15.99,0.0,Flash Sale,False,5
ORD-14807,2024-10-07,Trivia Tornado,Party,Walmart,West,2,14.99,0,29.98,0.0,,False,
ORD-14808,2024-11-12,Kiddo Kingdom,Children,Amazon,West,1,17.99,0,17.99,0.0,,False,2
ORD-14809,2024-06-27,Pixel Quest,Family,Amazon,Southeast,1,24.99,0,24.99,0.0,,False,
ORD-14810,2024-05-10,Pixel Quest,Family,Amazon,West,1,24.99,0,24.99,0.0,,False,4
ORD-14811,2024-04-01,Cosmic Blitz,Party,Amazon,Southwest,2,17.99,10,35.98,0.0,Bundle Deal,False,3
ORD-14812,2024-05-21,Pixel Quest,Family,Walmart,Southwest,1,12.49,50,12.49,0.0,Clearance,False,
ORD-14813,2024-08-09,Chess Evolved,Strategy,Amazon,Midwest,1,29.99,0,29.99,0.0,,False,5
ORD-14814,2024-07-15,Ocean Explorer,Children,Target,West,1,19.99,0,19.99,0.0,New Release,True,
ORD-14815,2024-01-08,Kiddo Kingdom,Children,Walmart,Southeast,3,14.39,20,43.17,0.0,Flash Sale,False,4
ORD-14816,2024-03-10,Monster Madness,Family,Amazon,Northeast,1,22.99,0,22.99,0.0,New Release,True,
ORD-14817,2024-04-30,Chess Evolved,Strategy,Shopify Direct,Southeast,1,23.99,20,23.99,0,Flash Sale,False,5
ORD-14818,2024-06-14,Cosmic Blitz,Party,Amazon,Southwest,1,9.99,50,9.99,0.0,Clearance,False,4
ORD-14819,2024-02-04,Cosmic Blitz,Party,Target,Northeast,1,19.99,0,19.99,0.0,,False,5
ORD-14820,2024-12-20,Realm Builders,Strategy,Amazon,Midwest,1,31.49,30,31.49,0.0,Flash Sale,False,5
ORD-14821,2024-11-10,Cosmic Blitz,Party,Board Game Geek Store,Southwest,1,19.99,0,19.99,0.0,,False,4
ORD-14822,2024-06-24,Speed Stacks,Party,Amazon,Midwest,2,11.04,15,22.08,0.0,Bundle Deal,False,
ORD-14823,2024-06-17,Ocean Explorer,Children,Amazon,Northeast,2,19.99,0,39.98,0.0,,False,
ORD-14824,2024-12-17,Realm Builders,Strategy,Walmart,West,2,44.99,0,89.98,0.0,New Release,False,5
ORD-14825,2024-06-30,Battle Bots Arena,Strategy,Shopify Direct,Midwest,4,31.99,20,127.96,4.99,Holiday Sale,False,
ORD-14826,2024-07-17,Realm Builders,Strategy,Board Game Geek Store,Southeast,1,44.99,0,44.99,0.0,,False,4
ORD-14827,2024-01-05,Speed Stacks,Party,Shopify Direct,Southeast,1,11.04,15,11.04,0,Holiday Sale,False,
ORD-14828,2024-11-29,Pixel Quest,Family,Amazon,Northeast,1,12.49,50,12.49,0.0,Clearance,False,5
ORD-14829,2024-06-01,Ocean Explorer,Children,Walmart,Northeast,2,16.99,15,33.98,0.0,Bundle Deal,False,4
ORD-14830,2024-09-03,Kiddo Kingdom,Children,Shopify Direct,Midwest,1,17.99,0,17.99,0,,False,3
ORD-14831,2024-04-15,Cosmic Blitz,Party,Shopify Direct,West,2,19.99,0,39.98,0,,False,5
ORD-14832,2024-09-04,Pixel Quest,Family,Shopify Direct,Northeast,2,22.49,10,44.98,0,Bundle Deal,False,4
ORD-14833,2024-07-31,Code Breakers,Strategy,Target,Midwest,1,22.39,20,22.39,0.0,Flash Sale,False,
ORD-14834,2024-03-21,Battle Bots Arena,Strategy,Shopify Direct,Southeast,2,35.99,10,71.98,0,Bundle Deal,False,2
ORD-14835,2024-11-13,Speed Stacks,Party,Amazon,Southeast,3,12.99,0,38.97,0.0,,False,5
ORD-14836,2024-01-08,Cosmic Blitz,Party,Target,Southwest,1,19.99,0,19.99,0.0,New Release,False,
ORD-14837,2024-02-06,Dungeon Dash,Strategy,Shopify Direct,Northeast,2,34.99,0,69.98,4.99,,False,
ORD-14838,2024-06-18,Code Breakers,Strategy,Target,West,1,27.99,0,27.99,0.0,,False,3
ORD-14839,2024-04-10,Cosmic Blitz,Party,Amazon,Midwest,1,15.99,20,15.99,0.0,Flash Sale,False,4
ORD-14840,2024-11-13,Speed Stacks,Party,Shopify Direct,West,1,12.99,0,12.99,0,New Release,False,4
ORD-14841,2024-03-21,Cosmic Blitz,Party,Amazon,Midwest,1,19.99,0,19.99,0.0,,False,5
ORD-14842,2024-07-27,Realm Builders,Strategy,Walmart,West,1,44.99,0,44.99,0.0,New Release,False,4
ORD-14843,2024-02-03,Realm Builders,Strategy,Walmart,West,1,44.99,0,44.99,0.0,,False,
ORD-14844,2024-03-13,Speed Stacks,Party,Shopify Direct,Northeast,1,12.99,0,12.99,0,,False,
ORD-14845,2024-05-28,Ocean Explorer,Children,Shopify Direct,Midwest,2,19.99,0,39.98,0,,False,3
ORD-14846,2024-11-16,Dungeon Dash,Strategy,Shopify Direct,Southwest,1,27.99,20,27.99,6.99,Flash Sale,False,
ORD-14847,2024-10-29,Pixel Quest,Family,Shopify Direct,Midwest,2,21.24,15,42.48,0,Bundle Deal,False,5
ORD-14848,2024-10-30,Monster Madness,Family,Shopify Direct,Northeast,2,18.39,20,36.78,0,Flash Sale,False,3
ORD-14849,2024-09-07,Ocean Explorer,Children,Amazon,West,1,19.99,0,19.99,0.0,,False,3
ORD-14850,2024-06-20,Kiddo Kingdom,Children,Amazon,Southeast,1,13.49,25,13.49,0.0,Holiday Sale,False,
ORD-14851,2024-04-29,Chess Evolved,Strategy,Board Game Geek Store,Northeast,2,25.49,15,50.98,0.0,Bundle Deal,False,5
ORD-14852,2024-03-28,Monster Madness,Family,Walmart,West,1,22.99,0,22.99,0.0,,False,
ORD-14853,2024-11-28,Realm Builders,Strategy,Walmart,Southwest,1,35.99,20,35.99,0.0,Flash Sale,False,4
ORD-14854,2024-01-28,Pixel Quest,Family,Shopify Direct,Northeast,2,19.99,20,39.98,6.99,Flash Sale,False,4
ORD-14855,2024-01-08,Pixel Quest,Family,Amazon,Northeast,1,24.99,0,24.99,0.0,,False,4
ORD-14856,2024-07-14,Trivia Tornado,Party,Amazon,Northeast,1,14.99,0,14.99,0.0,,False,
ORD-14857,2024-08-27,Chess Evolved,Strategy,Walmart,Midwest,1,29.99,0,29.99,0.0,,False,5
ORD-14858,2024-04-27,Monster Madness,Family,Shopify Direct,Northeast,3,22.99,0,68.97,6.99,,False,
ORD-14859,2024-11-17,Cosmic Blitz,Party,Shopify Direct,Southwest,1,19.99,0,19.99,6.99,,False,5
ORD-14860,2024-06-03,Code Breakers,Strategy,Amazon,West,1,27.99,0,27.99,0.0,New Release,False,3
ORD-14861,2024-04-23,Realm Builders,Strategy,Board Game Geek Store,West,2,44.99,0,89.98,0.0,,False,5
ORD-14862,2024-11-07,Cosmic Blitz,Party,Amazon,Southeast,1,19.99,0,19.99,0.0,,False,2
ORD-14863,2024-07-18,Speed Stacks,Party,Amazon,Northeast,2,12.99,0,25.98,0.0,,False,
ORD-14864,2024-07-30,Realm Builders,Strategy,Walmart,West,1,44.99,0,44.99,0.0,,False,3
ORD-14865,2024-02-06,Chess Evolved,Strategy,Shopify Direct,Midwest,1,23.99,20,23.99,6.99,Holiday Sale,False,4
ORD-14866,2024-06-07,Chess Evolved,Strategy,Shopify Direct,Northeast,1,20.99,30,20.99,0,Clearance,False,
ORD-14867,2024-10-25,Dungeon Dash,Strategy,Walmart,Southeast,2,31.49,10,62.98,0.0,Bundle Deal,False,
ORD-14868,2024-04-09,Monster Madness,Family,Amazon,Northeast,2,11.49,50,22.98,0.0,Clearance,False,4
ORD-14869,2024-07-04,Speed Stacks,Party,Shopify Direct,West,2,11.69,10,23.38,6.99,Bundle Deal,False,
ORD-14870,2024-02-15,Speed Stacks,Party,Target,West,1,9.09,30,9.09,0.0,Flash Sale,False,
ORD-14871,2024-06-10,Trivia Tornado,Party,Shopify Direct,Northeast,1,14.99,0,14.99,0,,False,5
ORD-14872,2024-01-10,Monster Madness,Family,Amazon,Southeast,1,18.39,20,18.39,0.0,Holiday Sale,False,5
ORD-14873,2024-07-28,Cosmic Blitz,Party,Walmart,Southeast,1,13.99,30,13.99,0.0,Clearance,False,
ORD-14874,2024-05-01,Speed Stacks,Party,Walmart,Midwest,1,12.99,0,12.99,0.0,,False,4
ORD-14875,2024-12-10,Code Breakers,Strategy,Shopify Direct,Southwest,2,25.19,10,50.38,6.99,Bundle Deal,False,5
ORD-14876,2024-12-06,Kiddo Kingdom,Children,Amazon,West,1,17.99,0,17.99,0.0,,False,5
ORD-14877,2024-04-21,Dungeon Dash,Strategy,Amazon,Northeast,1,20.99,40,20.99,0.0,Clearance,False,
ORD-14878,2024-12-02,Speed Stacks,Party,Amazon,Southeast,2,7.79,40,15.58,0.0,Clearance,False,4
ORD-14879,2024-10-07,Monster Madness,Family,Target,Midwest,1,22.99,0,22.99,0.0,,False,
ORD-14880,2024-11-04,Cosmic Blitz,Party,Amazon,Midwest,1,19.99,0,19.99,0.0,,False,4
ORD-14881,2024-10-03,Cosmic Blitz,Party,Amazon,Midwest,3,19.99,0,59.97,0.0,,False,5
ORD-14882,2024-12-09,Speed Stacks,Party,Shopify Direct,West,1,6.5,50,6.5,0,Clearance,False,
ORD-14883,2024-11-14,Pixel Quest,Family,Target,West,1,24.99,0,24.99,0.0,New Release,False,3
ORD-14884,2024-11-21,Monster Madness,Family,Amazon,West,2,22.99,0,45.98,0.0,New Release,True,
ORD-14885,2024-08-29,Realm Builders,Strategy,Amazon,Southeast,2,40.49,10,80.98,0.0,Bundle Deal,False,
ORD-14886,2024-10-01,Speed Stacks,Party,Shopify Direct,Midwest,1,10.39,20,10.39,0,Flash Sale,False,5
ORD-14887,2024-02-01,Trivia Tornado,Party,Amazon,West,1,14.99,0,14.99,0.0,,True,
ORD-14888,2024-10-02,Speed Stacks,Party,Amazon,Southwest,2,12.99,0,25.98,0.0,,False,4
ORD-14889,2024-03-31,Kiddo Kingdom,Children,Walmart,Northeast,1,17.99,0,17.99,0.0,New Release,False,4
ORD-14890,2024-04-26,Cosmic Blitz,Party,Shopify Direct,Midwest,1,13.99,30,13.99,6.99,Flash Sale,False,5
ORD-14891,2024-04-01,Speed Stacks,Party,Board Game Geek Store,Southwest,1,9.09,30,9.09,0.0,Flash Sale,False,4
ORD-14892,2024-09-06,Code Breakers,Strategy,Amazon,West,1,27.99,0,27.99,0.0,,False,5
ORD-14893,2024-11-20,Monster Madness,Family,Target,Midwest,2,19.54,15,39.08,0.0,Bundle Deal,False,1
ORD-14894,2024-10-21,Pixel Quest,Family,Amazon,West,1,24.99,0,24.99,0.0,,False,
ORD-14895,2024-03-09,Battle Bots Arena,Strategy,Walmart,Midwest,1,39.99,0,39.99,0.0,,False,
ORD-14896,2024-06-24,Trivia Tornado,Party,Amazon,Northeast,2,13.49,10,26.98,0.0,Bundle Deal,False,
ORD-14897,2024-01-22,Ocean Explorer,Children,Amazon,Southeast,1,13.99,30,13.99,0.0,Flash Sale,False,
ORD-14898,2024-04-05,Pixel Quest,Family,Amazon,Midwest,2,18.74,25,37.48,0.0,Holiday Sale,False,4
ORD-14899,2024-11-24,Chess Evolved,Strategy,Shopify Direct,West,3,29.99,0,89.97,4.99,New Release,True,
ORD-14900,2024-05-22,Chess Evolved,Strategy,Walmart,West,1,29.99,0,29.99,0.0,New Release,False,4
ORD-14901,2024-05-18,Ocean Explorer,Children,Shopify Direct,Midwest,1,19.99,0,19.99,6.99,,False,
ORD-14902,2024-09-15,Trivia Tornado,Party,Board Game Geek Store,Midwest,3,14.99,0,44.97,0.0,,False,4
ORD-14903,2024-08-11,Speed Stacks,Party,Shopify Direct,West,1,9.09,30,9.09,6.99,Flash Sale,False,
ORD-14904,2024-10-24,Pixel Quest,Family,Shopify Direct,Southeast,1,24.99,0,24.99,0,,False,
ORD-14905,2024-03-14,Cosmic Blitz,Party,Shopify Direct,Southwest,1,19.99,0,19.99,0,,False,4
ORD-14906,2024-02-04,Cosmic Blitz,Party,Shopify Direct,Midwest,2,16.99,15,33.98,0,Bundle Deal,False,5
ORD-14907,2024-01-10,Cosmic Blitz,Party,Shopify Direct,Southeast,2,19.99,0,39.98,0,,False,4
ORD-14908,2024-12-07,Kiddo Kingdom,Children,Target,Midwest,2,16.19,10,32.38,0.0,Bundle Deal,False,5
ORD-14909,2024-12-06,Realm Builders,Strategy,Shopify Direct,Southeast,1,44.99,0,44.99,0,,False,
ORD-14910,2024-06-18,Code Breakers,Strategy,Target,West,1,27.99,0,27.99,0.0,,False,2
ORD-14911,2024-03-05,Monster Madness,Family,Shopify Direct,West,1,11.49,50,11.49,0,Clearance,False,
ORD-14912,2024-11-23,Speed Stacks,Party,Target,West,1,12.99,0,12.99,0.0,,False,
ORD-14913,2024-10-17,Trivia Tornado,Party,Amazon,Southwest,2,10.49,30,20.98,0.0,Flash Sale,False,4
ORD-14914,2024-05-14,Battle Bots Arena,Strategy,Board Game Geek Store,Southeast,1,27.99,30,27.99,0.0,Flash Sale,False,
ORD-14915,2024-02-28,Trivia Tornado,Party,Amazon,Northeast,2,14.99,0,29.98,0.0,,False,3
ORD-14916,2024-09-13,Dungeon Dash,Strategy,Amazon,West,1,34.99,0,34.99,0.0,,True,
ORD-14917,2024-09-30,Battle Bots Arena,Strategy,Amazon,West,1,39.99,0,39.99,0.0,New Release,False,
ORD-14918,2024-04-20,Cosmic Blitz,Party,Target,Northeast,1,19.99,0,19.99,0.0,,False,
ORD-14919,2024-05-03,Kiddo Kingdom,Children,Walmart,Southeast,1,14.39,20,14.39,0.0,Flash Sale,False,4
ORD-14920,2024-09-11,Kiddo Kingdom,Children,Target,Southwest,1,12.59,30,12.59,0.0,Flash Sale,False,5
ORD-14921,2024-08-26,Pixel Quest,Family,Target,Southeast,2,21.24,15,42.48,0.0,Bundle Deal,False,
ORD-14922,2024-07-13,Trivia Tornado,Party,Target,Midwest,1,12.74,15,12.74,0.0,Holiday Sale,False,5
ORD-14923,2024-05-28,Battle Bots Arena,Strategy,Shopify Direct,Midwest,1,39.99,0,39.99,4.99,New Release,False,4
ORD-14924,2024-05-04,Code Breakers,Strategy,Walmart,West,1,27.99,0,27.99,0.0,,False,4
ORD-14925,2024-01-23,Kiddo Kingdom,Children,Amazon,Northeast,1,17.99,0,17.99,0.0,,False,5
ORD-14926,2024-09-16,Trivia Tornado,Party,Amazon,Midwest,2,13.49,10,26.98,0.0,Bundle Deal,False,
ORD-14927,2024-09-07,Dungeon Dash,Strategy,Walmart,West,1,34.99,0,34.99,0.0,New Release,False,
ORD-14928,2024-01-24,Pixel Quest,Family,Walmart,Northeast,1,24.99,0,24.99,0.0,New Release,False,3
ORD-14929,2024-09-29,Realm Builders,Strategy,Amazon,Midwest,1,44.99,0,44.99,0.0,,False,
ORD-14930,2024-03-12,Cosmic Blitz,Party,Board Game Geek Store,West,2,15.99,20,31.98,0.0,Holiday Sale,False,
ORD-14931,2024-09-03,Code Breakers,Strategy,Shopify Direct,Midwest,1,13.99,50,13.99,6.99,Clearance,False,
ORD-14932,2024-11-09,Pixel Quest,Family,Amazon,Northeast,1,24.99,0,24.99,0.0,,False,
ORD-14933,2024-09-13,Monster Madness,Family,Amazon,Midwest,1,22.99,0,22.99,0.0,,False,3
ORD-14934,2024-12-05,Trivia Tornado,Party,Target,Midwest,2,14.99,0,29.98,0.0,,False,5
ORD-14935,2024-06-24,Speed Stacks,Party,Shopify Direct,Midwest,3,12.99,0,38.97,0,,False,5
ORD-14936,2024-12-21,Speed Stacks,Party,Target,Northeast,1,12.99,0,12.99,0.0,,False,4
ORD-14937,2024-11-03,Trivia Tornado,Party,Amazon,Southwest,3,12.74,15,38.22,0.0,Bundle Deal,False,
ORD-14938,2024-01-08,Cosmic Blitz,Party,Amazon,West,1,19.99,0,19.99,0.0,New Release,False,3
ORD-14939,2024-08-30,Speed Stacks,Party,Shopify Direct,Northeast,2,11.69,10,23.38,0,Bundle Deal,False,4
ORD-14940,2024-09-21,Ocean Explorer,Children,Shopify Direct,Midwest,1,9.99,50,9.99,6.99,Clearance,False,4
ORD-14941,2024-10-23,Code Breakers,Strategy,Amazon,West,1,13.99,50,13.99,0.0,Clearance,False,5
ORD-14942,2024-12-30,Trivia Tornado,Party,Amazon,Southeast,1,14.99,0,14.99,0.0,,False,
ORD-14943,2024-09-17,Monster Madness,Family,Board Game Geek Store,Northeast,2,22.99,0,45.98,0.0,,False,4
ORD-14944,2024-03-26,Kiddo Kingdom,Children,Shopify Direct,Southeast,4,17.99,0,71.96,0,,False,4
ORD-14945,2024-02-29,Speed Stacks,Party,Amazon,Northeast,1,12.99,0,12.99,0.0,,False,4
ORD-14946,2024-02-21,Speed Stacks,Party,Target,Northeast,1,7.79,40,7.79,0.0,Clearance,False,
ORD-14947,2024-09-14,Trivia Tornado,Party,Walmart,West,1,12.74,15,12.74,0.0,Holiday Sale,False,5
ORD-14948,2024-01-28,Realm Builders,Strategy,Target,Northeast,2,38.24,15,76.48,0.0,Holiday Sale,False,
ORD-14949,2024-12-21,Monster Madness,Family,Amazon,Southwest,3,11.49,50,34.47,0.0,Clearance,False,
ORD-14950,2024-11-21,Trivia Tornado,Party,Amazon,Midwest,1,7.5,50,7.5,0.0,Clearance,False,
ORD-14951,2024-05-10,Speed Stacks,Party,Amazon,Northeast,1,12.99,0,12.99,0.0,,True,
ORD-14952,2024-02-26,Cosmic Blitz,Party,Board Game Geek Store,Southeast,2,16.99,15,33.98,0.0,Bundle Deal,False,4
ORD-14953,2024-04-07,Ocean Explorer,Children,Amazon,West,3,16.99,15,50.97,0.0,Holiday Sale,False,
ORD-14954,2024-03-13,Speed Stacks,Party,Amazon,Northeast,1,12.99,0,12.99,0.0,,False,4
ORD-14955,2024-08-03,Battle Bots Arena,Strategy,Shopify Direct,Northeast,1,39.99,0,39.99,0,,False,5
ORD-14956,2024-07-14,Pixel Quest,Family,Walmart,Midwest,2,18.74,25,37.48,0.0,Holiday Sale,False,
ORD-14957,2024-02-13,Cosmic Blitz,Party,Amazon,Southwest,1,13.99,30,13.99,0.0,Clearance,False,5
ORD-14958,2024-11-20,Kiddo Kingdom,Children,Walmart,Midwest,1,12.59,30,12.59,0.0,Flash Sale,False,
ORD-14959,2024-04-18,Ocean Explorer,Children,Amazon,West,1,15.99,20,15.99,0.0,Holiday Sale,False,
ORD-14960,2024-05-23,Trivia Tornado,Party,Board Game Geek Store,Southeast,1,11.24,25,11.24,0.0,Holiday Sale,False,4
ORD-14961,2024-12-12,Pixel Quest,Family,Board Game Geek Store,Northeast,1,12.49,50,12.49,0.0,Clearance,False,2
ORD-14962,2024-08-17,Cosmic Blitz,Party,Target,Midwest,1,19.99,0,19.99,0.0,,False,2
ORD-14963,2024-10-16,Chess Evolved,Strategy,Amazon,Midwest,1,29.99,0,29.99,0.0,,False,
ORD-14964,2024-09-03,Chess Evolved,Strategy,Shopify Direct,West,2,29.99,0,59.98,0,,False,4
ORD-14965,2024-01-06,Kiddo Kingdom,Children,Amazon,Southeast,2,17.99,0,35.98,0.0,,False,
ORD-14966,2024-03-07,Speed Stacks,Party,Walmart,Southwest,1,7.79,40,7.79,0.0,Clearance,False,4
ORD-14967,2024-10-26,Cosmic Blitz,Party,Amazon,Southeast,2,17.99,10,35.98,0.0,Bundle Deal,False,5
ORD-14968,2024-07-25,Pixel Quest,Family,Shopify Direct,Midwest,1,19.99,20,19.99,6.99,Holiday Sale,False,
ORD-14969,2024-12-07,Monster Madness,Family,Amazon,Southeast,2,22.99,0,45.98,0.0,,False,5
ORD-14970,2024-01-28,Speed Stacks,Party,Amazon,Northeast,2,12.99,0,25.98,0.0,New Release,False,
ORD-14971,2024-05-05,Cosmic Blitz,Party,Amazon,West,1,15.99,20,15.99,0.0,Flash Sale,False,4
ORD-14972,2024-04-05,Trivia Tornado,Party,Board Game Geek Store,Southwest,2,14.99,0,29.98,0.0,New Release,False,2
ORD-14973,2024-11-16,Speed Stacks,Party,Amazon,Southwest,1,12.99,0,12.99,0.0,,False,5
ORD-14974,2024-09-08,Pixel Quest,Family,Amazon,Southeast,1,24.99,0,24.99,0.0,New Release,False,4
ORD-14975,2024-05-13,Pixel Quest,Family,Walmart,Northeast,1,24.99,0,24.99,0.0,,True,
ORD-14976,2024-02-16,Cosmic Blitz,Party,Amazon,West,1,19.99,0,19.99,0.0,,False,1
ORD-14977,2024-01-05,Code Breakers,Strategy,Target,West,2,27.99,0,55.98,0.0,,False,
ORD-14978,2024-02-09,Kiddo Kingdom,Children,Shopify Direct,Midwest,2,16.19,10,32.38,0,Bundle Deal,False,
ORD-14979,2024-06-14,Chess Evolved,Strategy,Target,Southwest,1,29.99,0,29.99,0.0,,False,
ORD-14980,2024-04-10,Cosmic Blitz,Party,Shopify Direct,Southeast,2,16.99,15,33.98,0,Bundle Deal,False,
ORD-14981,2024-10-29,Chess Evolved,Strategy,Walmart,West,1,29.99,0,29.99,0.0,,False,
ORD-14982,2024-03-08,Speed Stacks,Party,Amazon,Southeast,1,6.5,50,6.5,0.0,Clearance,False,4
ORD-14983,2024-12-15,Pixel Quest,Family,Walmart,Midwest,1,24.99,0,24.99,0.0,,False,
ORD-14984,2024-12-11,Speed Stacks,Party,Target,Southeast,2,9.09,30,18.18,0.0,Flash Sale,False,
ORD-14985,2024-07-09,Speed Stacks,Party,Shopify Direct,Midwest,1,12.99,0,12.99,0,New Release,False,5
ORD-14986,2024-11-16,Dungeon Dash,Strategy,Shopify Direct,Northeast,2,34.99,0,69.98,4.99,,False,4
ORD-14987,2024-05-22,Chess Evolved,Strategy,Amazon,Northeast,1,29.99,0,29.99,0.0,,False,4
ORD-14988,2024-06-21,Trivia Tornado,Party,Walmart,Midwest,3,12.74,15,38.22,0.0,Bundle Deal,True,
ORD-14989,2024-07-03,Battle Bots Arena,Strategy,Board Game Geek Store,Southwest,1,33.99,15,33.99,0.0,Holiday Sale,True,
ORD-14990,2024-10-25,Cosmic Blitz,Party,Walmart,Midwest,1,19.99,0,19.99,0.0,,False,
ORD-14991,2024-06-26,Realm Builders,Strategy,Walmart,West,1,38.24,15,38.24,0.0,Holiday Sale,False,4
ORD-14992,2024-12-16,Kiddo Kingdom,Children,Shopify Direct,Northeast,1,17.99,0,17.99,0,,False,
ORD-14993,2024-11-28,Code Breakers,Strategy,Amazon,Southeast,1,27.99,0,27.99,0.0,New Release,False,
ORD-14994,2024-05-26,Kiddo Kingdom,Children,Shopify Direct,Northeast,2,17.99,0,35.98,6.99,,False,
ORD-14995,2024-10-26,Cosmic Blitz,Party,Shopify Direct,West,3,19.99,0,59.97,0,,False,3
ORD-14996,2024-12-22,Speed Stacks,Party,Board Game Geek Store,Northeast,1,9.09,30,9.09,0.0,Clearance,False,3
ORD-14997,2024-12-31,Speed Stacks,Party,Amazon,West,1,12.99,0,12.99,0.0,,False,
ORD-14998,2024-03-01,Chess Evolved,Strategy,Amazon,West,2,29.99,0,59.98,0.0,,False,5
ORD-14999,2024-10-08,Ocean Explorer,Children,Board Game Geek Store,Northeast,1,19.99,0,19.99,0.0,,False,4
ORD-15000,2024-06-09,Ocean Explorer,Children,Shopify Direct,West,1,19.99,0,19.99,4.99,New Release,False,
